Case Num,Year,Vehicle Body Type,Registration Class,Action Prior to Accident,Type / Axles of Truck or Bus,Direction of Travel,Fuel Type,Vehicle Year,State of Registration,Number of Occupants,Engine Cylinders,Vehicle Make
38219,2015,2 DOOR SEDAN,Not Entered,Going Straight Ahead,Not Entered,South,Not Entered,2004,NJ,1,4,ACURA
38220,2015,2 DOOR SEDAN,Not Entered,Going Straight Ahead,Not Entered,North,Not Entered,2001,PA,2,4,ACURA
38221,2015,4 DOOR SEDAN,Not Entered,Going Straight Ahead,Not Entered,East,Not Entered,2005,FL,2,4,ACURA
38222,2015,4 DOOR SEDAN,Not Entered,Slowing or Stopping,Not Entered,West,Not Entered,2008,NJ,1,4,ACURA
38223,2014,4 DOOR SEDAN,PASSENGER OR SUBURBAN,Going Straight Ahead,Not Entered,North,Gas,2003,NY,1,6,ACURA
38224,2014,4 DOOR SEDAN,PASSENGER OR SUBURBAN,Going Straight Ahead,Not Entered,South,Gas,2003,NY,1,6,ACURA
38225,2014,2 DOOR SEDAN,PASSENGER OR SUBURBAN,Going Straight Ahead,Not Entered,East,Gas,2006,NY,1,4,ACURA
38226,2014,2 DOOR SEDAN,PASSENGER OR SUBURBAN,Slowing or Stopping,Not Entered,North,Gas,2000,NY,2,4,ACURA
38227,2015,SUBURBAN,PASSENGER OR SUBURBAN,Making Right Turn,Not Entered,Northwest,Gas,2005,NY,1,6,ACURA
38228,2015,SUBURBAN,PASSENGER OR SUBURBAN,Going Straight Ahead,Not Entered,West,Gas,2012,NY,3,6,ACURA
38229,2015,SUBURBAN,PASSENGER OR SUBURBAN,Making Left Turn,Not Entered,East,Gas,2006,NY,1,6,ACURA
38230,2015,SUBURBAN,PASSENGER OR SUBURBAN,Making Left Turn,Not Entered,West,Gas,2014,NY,1,6,ACURA
38231,2015,4 DOOR SEDAN,PASSENGER OR SUBURBAN,Making Left Turn,Not Entered,Southeast,Gas,2008,NY,1,6,ACURA
38232,2015,2 DOOR SEDAN,PASSENGER OR SUBURBAN,Making Left Turn,Not Entered,Northwest,Gas,1998,NY,2,4,ACURA
38233,2015,4 DOOR SEDAN,PASSENGER OR SUBURBAN,Going Straight Ahead,Not Entered,West,Gas,2003,NY,2,6,ACURA
38234,2015,4 DOOR SEDAN,PASSENGER OR SUBURBAN,Starting in Traffic,Not Entered,East,Gas,2005,NY,1,6,ACURA
38235,2015,SUBURBAN,PASSENGER OR SUBURBAN,Making Left Turn,Not Entered,Northeast,Gas,2015,NY,1,6,ACURA
38236,2015,4 DOOR SEDAN,PASSENGER OR SUBURBAN,Making Left Turn,Not Entered,Northeast,Gas,2010,NY,1,4,ACURA
38237,2015,4 DOOR SEDAN,PASSENGER OR SUBURBAN,Making Left Turn,Not Entered,Southwest,Gas,2010,NY,1,6,ACURA
38238,2015,4 DOOR SEDAN,PASSENGER OR SUBURBAN,Going Straight Ahead,Not Entered,North,Gas,2000,NY,2,6,ACURA
38239,2015,2 DOOR SEDAN,PASSENGER OR SUBURBAN,Going Straight Ahead,Not Entered,East,Gas,1999,NY,1,6,ACURA
38240,2015,2 DOOR SEDAN,PASSENGER OR SUBURBAN,Going Straight Ahead,Not Entered,West,Gas,1998,NY,1,4,ACURA
38241,2014,4 DOOR SEDAN,PASSENGER OR SUBURBAN,Going Straight Ahead,Not Entered,West,Gas,2010,NY,5,4,ACURA
38242,2015,SUBURBAN,PASSENGER OR SUBURBAN,Going Straight Ahead,Not Entered,East,Gas,2016,NY,1,6,ACURA
38243,2014,4 DOOR SEDAN,PASSENGER OR SUBURBAN,Making Left Turn,Not Entered,South,Gas,2006,NY,1,4,ACURA
38244,2015,SUBURBAN,PASSENGER OR SUBURBAN,Parked,Not Entered,East,Gas,2004,NY,0,6,ACURA
38245,2015,2 DOOR SEDAN,PASSENGER OR SUBURBAN,Making Left Turn,Not Entered,Southwest,Gas,2002,NY,1,4,ACURA
38246,2015,SUBURBAN,PASSENGER OR SUBURBAN,Going Straight Ahead,Not Entered,West,Gas,2008,NY,1,4,ACURA
38247,2014,4 DOOR SEDAN,PASSENGER OR SUBURBAN,Other,Not Entered,West,Gas,1997,NY,1,6,ACURA
38248,2015,4 DOOR SEDAN,PASSENGER OR SUBURBAN,Going Straight Ahead,Not Entered,South,Gas,2004,NY,1,6,ACURA
38249,2014,4 DOOR SEDAN,PASSENGER OR SUBURBAN,Making Right Turn,Not Entered,East,Gas,2005,NY,1,4,ACURA
38250,2015,4 DOOR SEDAN,PASSENGER OR SUBURBAN,Slowing or Stopping,Not Entered,North,Gas,2014,NY,1,4,ACURA
38251,2015,4 DOOR SEDAN,PASSENGER OR SUBURBAN,Going Straight Ahead,Not Entered,South,Gas,2005,NY,1,4,ACURA
38252,2015,SUBURBAN,PASSENGER OR SUBURBAN,Starting from Parking,Not Entered,South,Gas,2008,NY,1,4,ACURA
38253,2014,4 DOOR SEDAN,PASSENGER OR SUBURBAN,Slowing or Stopping,Not Entered,East,Gas,2008,NY,1,4,ACURA
38254,2015,4 DOOR SEDAN,PASSENGER OR SUBURBAN,Going Straight Ahead,Not Entered,South,Gas,2009,NY,1,4,ACURA
38255,2015,4 DOOR SEDAN,PASSENGER OR SUBURBAN,Going Straight Ahead,Not Entered,South,Gas,2006,NY,1,6,AUDI
38256,2015,SUBURBAN,PASSENGER OR SUBURBAN,Going Straight Ahead,Not Entered,South,Diesel,2013,NY,1,6,AUDI
38257,2015,4 DOOR SEDAN,PASSENGER OR SUBURBAN,Entering Parked Position,Not Entered,North,Gas,2015,NY,1,4,AUDI
38258,2014,4 DOOR SEDAN,PASSENGER OR SUBURBAN,Going Straight Ahead,Not Entered,East,Gas,2002,NY,1,4,AUDI
38259,2014,SUBURBAN,PASSENGER OR SUBURBAN,Starting from Parking,Not Entered,South,Gas,2013,NY,1,6,AUDI
38260,2014,4 DOOR SEDAN,PASSENGER OR SUBURBAN,Changing Lanes,Not Entered,West,Gas,2000,NY,1,4,AUDI
38261,2014,4 DOOR SEDAN,PASSENGER OR SUBURBAN,Going Straight Ahead,Not Entered,South,Gas,2013,NY,1,4,AUDI
38262,2014,4 DOOR SEDAN,PASSENGER OR SUBURBAN,Going Straight Ahead,Not Entered,East,Gas,2010,NY,2,6,AUDI
38263,2014,4 DOOR SEDAN,PASSENGER OR SUBURBAN,Going Straight Ahead,Not Entered,Southwest,Gas,1997,NY,1,6,AUDI
38264,2015,SUBURBAN,PASSENGER OR SUBURBAN,Going Straight Ahead,Not Entered,West,Diesel,2012,NY,1,6,AUDI
38265,2015,4 DOOR SEDAN,PASSENGER OR SUBURBAN,Starting in Traffic,Not Entered,West,Gas,2006,NY,2,4,AUDI
38266,2015,4 DOOR SEDAN,PASSENGER OR SUBURBAN,Going Straight Ahead,Not Entered,South,Gas,2007,NY,1,4,AUDI
38267,2015,SUBURBAN,PASSENGER OR SUBURBAN,Going Straight Ahead,Not Entered,North,Gas,2014,NY,1,4,AUDI
38268,2014,SUBURBAN,PASSENGER OR SUBURBAN,Going Straight Ahead,Not Entered,North,Diesel,2014,NY,1,6,AUDI
38269,2015,4 DOOR SEDAN,PASSENGER OR SUBURBAN,Stopped in Traffic,Not Entered,West,Gas,2006,NY,1,4,AUDI
38270,2015,SUBURBAN,PASSENGER OR SUBURBAN,Going Straight Ahead,Not Entered,Northwest,Diesel,2015,NY,2,6,AUDI
38271,2015,4 DOOR SEDAN,PASSENGER OR SUBURBAN,Slowing or Stopping,Not Entered,South,Gas,2015,NY,1,4,AUDI
38272,2015,4 DOOR SEDAN,PASSENGER OR SUBURBAN,Going Straight Ahead,Not Entered,East,Gas,2010,NY,1,4,AUDI
38273,2015,SUBURBAN,MEDICAL DOCTOR,Slowing or Stopping,Not Entered,South,Gas,2014,NY,1,4,AUDI
38274,2014,2 DOOR SEDAN,PASSENGER OR SUBURBAN,Making U Turn,Not Entered,East,Gas,2003,NY,1,4,AUDI
38275,2015,4 DOOR SEDAN,SPECIAL PASSENGER,Going Straight Ahead,Not Entered,Northeast,Gas,2015,NY,1,4,AUDI
38276,2014,4 DOOR SEDAN,Not Entered,Making Right Turn,Not Entered,Northeast,Not Entered,2007,NC,1,,AUDI
38277,2014,4 DOOR SEDAN,PASSENGER OR SUBURBAN,Starting in Traffic,Not Entered,East,Gas,2015,NY,1,4,AUDI
38278,2015,4 DOOR SEDAN,PASSENGER OR SUBURBAN,Making U Turn,Not Entered,West,Gas,2015,NY,2,4,AUDI
38279,2015,4 DOOR SEDAN,PASSENGER OR SUBURBAN,Merging,Not Entered,South,Gas,2014,NY,1,4,AUDI
38280,2015,4 DOOR SEDAN,Not Entered,Going Straight Ahead,Not Entered,North,Not Entered,2014,NJ,1,,AUDI
38281,2014,4 DOOR SEDAN,PASSENGER OR SUBURBAN,Going Straight Ahead,Not Entered,North,Gas,2013,NY,4,4,AUDI
38282,2015,BUS (OMNIBUS),POLITICAL SUBDIVISION,Going Straight Ahead,Not Entered,West,Diesel,2008,NY,11,6,BL/BI
38283,2015,4 DOOR SEDAN,PASSENGER OR SUBURBAN,Going Straight Ahead,Not Entered,South,Gas,1999,NY,1,6,BMW
38284,2015,4 DOOR SEDAN,PASSENGER OR SUBURBAN,Going Straight Ahead,Not Entered,South,Gas,2009,NY,1,6,BMW
38285,2015,4 DOOR SEDAN,Not Entered,Going Straight Ahead,Not Entered,West,Not Entered,2015,NM,2,,BMW
38286,2015,SUBURBAN,PASSENGER OR SUBURBAN,Backing,Not Entered,Northwest,Gas,2003,NY,1,8,BMW
38287,2015,4 DOOR SEDAN,Not Entered,Parked,Not Entered,Unknown,Not Entered,2013,NJ,1,,BMW
38288,2015,2 DOOR SEDAN,PASSENGER OR SUBURBAN,Backing,Not Entered,South,Gas,2010,NY,,6,BMW
38289,2015,4 DOOR SEDAN,PASSENGER OR SUBURBAN,Going Straight Ahead,Not Entered,West,Gas,2006,NY,2,6,BMW
38290,2015,4 DOOR SEDAN,PASSENGER OR SUBURBAN,Going Straight Ahead,Not Entered,South,Gas,2003,NY,1,6,BMW
38291,2015,SUBURBAN,PASSENGER OR SUBURBAN,Going Straight Ahead,Not Entered,South,Gas,2004,NY,1,8,BMW
38292,2015,4 DOOR SEDAN,PASSENGER OR SUBURBAN,Slowing or Stopping,Not Entered,West,Gas,2010,NY,1,6,BMW
38293,2015,CONVERTIBLE,PASSENGER OR SUBURBAN,Going Straight Ahead,Not Entered,East,Gas,2003,NY,2,6,BMW
38294,2015,SUBURBAN,PASSENGER OR SUBURBAN,Stopped in Traffic,Not Entered,North,Gas,2016,NY,1,4,BMW
38295,2014,4 DOOR SEDAN,PASSENGER OR SUBURBAN,Backing,Not Entered,North,Gas,2008,NY,,6,BMW
38296,2014,SUBURBAN,PASSENGER OR SUBURBAN,Going Straight Ahead,Not Entered,East,Gas,2008,NY,1,8,BMW
38297,2014,4 DOOR SEDAN,PASSENGER OR SUBURBAN,Overtaking/Passing,Not Entered,West,Gas,2008,NY,1,6,BMW
38298,2014,4 DOOR SEDAN,PASSENGER OR SUBURBAN,Going Straight Ahead,Not Entered,North,Gas,2013,NY,1,8,BMW
38299,2015,CONVERTIBLE,PASSENGER OR SUBURBAN,Starting in Traffic,Not Entered,West,Gas,2007,NY,1,6,BMW
38300,2015,4 DOOR SEDAN,PASSENGER OR SUBURBAN,Making Left Turn,Not Entered,West,Gas,2014,NY,1,4,BMW
38301,2015,4 DOOR SEDAN,PASSENGER OR SUBURBAN,Going Straight Ahead,Not Entered,East,Gas,2004,NY,1,6,BMW
38302,2015,4 DOOR SEDAN,PASSENGER OR SUBURBAN,Making Left Turn,Not Entered,North,Gas,2001,NY,1,8,BMW
38303,2015,SUBURBAN,PASSENGER OR SUBURBAN,Parked,Not Entered,South,Gas,2011,NY,1,8,BMW
38304,2015,4 DOOR SEDAN,PASSENGER OR SUBURBAN,Making Right Turn,Not Entered,North,Gas,2008,NY,1,6,BMW
38305,2015,4 DOOR SEDAN,Not Entered,Making Left Turn,Not Entered,West,Not Entered,2015,NJ,1,,BMW
38306,2015,SUBURBAN,PASSENGER OR SUBURBAN,Making Left Turn,Not Entered,West,Gas,2008,NY,1,6,BMW
38307,2014,4 DOOR SEDAN,PASSENGER OR SUBURBAN,Going Straight Ahead,Not Entered,South,Gas,2008,NY,1,6,BMW
38308,2014,4 DOOR SEDAN,PASSENGER OR SUBURBAN,Making Left Turn,Not Entered,Southwest,Gas,2013,NY,1,4,BMW
38309,2015,4 DOOR SEDAN,PASSENGER OR SUBURBAN,Going Straight Ahead,Not Entered,South,Gas,2007,NY,2,6,BMW
38310,2014,CONVERTIBLE,PASSENGER OR SUBURBAN,Going Straight Ahead,Not Entered,Southeast,Gas,2007,NY,2,6,BMW
38311,2015,4 DOOR SEDAN,PASSENGER OR SUBURBAN,Going Straight Ahead,Not Entered,North,Gas,2001,NY,1,6,BMW
38312,2015,4 DOOR SEDAN,PASSENGER OR SUBURBAN,Going Straight Ahead,Not Entered,North,Gas,2013,NY,1,4,BMW
38313,2015,4 DOOR SEDAN,PASSENGER OR SUBURBAN,Going Straight Ahead,Not Entered,East,Gas,2013,NY,1,4,BMW
38314,2015,SUBURBAN,REGIONAL,Making Right Turn,Not Entered,West,Gas,2013,NY,1,6,BMW
38315,2015,4 DOOR SEDAN,SPECIAL PASSENGER,Going Straight Ahead,Not Entered,South,Gas,2014,NY,1,4,BMW
38316,2015,4 DOOR SEDAN,PASSENGER OR SUBURBAN,Going Straight Ahead,Not Entered,East,Gas,2015,NY,1,6,BMW
38317,2015,4 DOOR SEDAN,PASSENGER OR SUBURBAN,Slowing or Stopping,Not Entered,West,Gas,2011,NY,1,6,BMW
38318,2015,4 DOOR SEDAN,PASSENGER OR SUBURBAN,Going Straight Ahead,Not Entered,South,Gas,2003,NY,1,6,BMW
38319,2015,SUBURBAN,Not Entered,Stopped in Traffic,Not Entered,West,Not Entered,2004,NY,2,,BMW
38320,2014,2 DOOR SEDAN,PASSENGER OR SUBURBAN,Going Straight Ahead,Not Entered,West,Gas,1997,NY,1,4,BMW
38321,2014,2 DOOR SEDAN,PASSENGER OR SUBURBAN,Going Straight Ahead,Not Entered,West,Gas,2009,NY,1,6,BMW
38322,2014,4 DOOR SEDAN,PASSENGER OR SUBURBAN,Going Straight Ahead,Not Entered,North,Gas,2013,NY,1,6,BMW
38323,2015,4 DOOR SEDAN,PASSENGER OR SUBURBAN,Going Straight Ahead,Not Entered,East,Gas,2009,NY,1,6,BMW
38324,2015,4 DOOR SEDAN,PASSENGER OR SUBURBAN,Parked,Not Entered,East,Gas,2001,NY,0,6,BMW
38325,2015,4 DOOR SEDAN,PASSENGER OR SUBURBAN,Making Left Turn,Not Entered,West,Gas,2000,NY,1,6,BMW
38326,2015,4 DOOR SEDAN,SPECIAL PASSENGER,Backing,Not Entered,South,Gas,2002,NY,1,8,BMW
38327,2015,CONVERTIBLE,PASSENGER OR SUBURBAN,Changing Lanes,Not Entered,North,Gas,2009,NY,1,8,BMW
38328,2015,2 DOOR SEDAN,PASSENGER OR SUBURBAN,Parked,Not Entered,North,Gas,2012,NY,0,6,BMW
38329,2015,4 DOOR SEDAN,PASSENGER OR SUBURBAN,Going Straight Ahead,Not Entered,West,Gas,2014,NY,1,4,BMW
38330,2015,SUBURBAN,PASSENGER OR SUBURBAN,Stopped in Traffic,Not Entered,West,Diesel,2015,NY,1,6,BMW
38331,2015,SUBURBAN,PASSENGER OR SUBURBAN,Going Straight Ahead,Not Entered,East,Gas,2006,NY,4,6,BMW
38332,2015,4 DOOR SEDAN,PASSENGER OR SUBURBAN,Parked,Not Entered,North,Gas,2003,NY,,6,BMW
38333,2015,SUBURBAN,PASSENGER OR SUBURBAN,Stopped in Traffic,Not Entered,North,Gas,2014,NY,1,6,BMW
38334,2015,4 DOOR SEDAN,PASSENGER OR SUBURBAN,Making Left Turn,Not Entered,South,Gas,2014,NY,1,4,BMW
38335,2014,4 DOOR SEDAN,PASSENGER OR SUBURBAN,Going Straight Ahead,Not Entered,West,Gas,2011,NY,1,6,BMW
38336,2015,4 DOOR SEDAN,PASSENGER OR SUBURBAN,Starting in Traffic,Not Entered,North,Gas,2012,NY,1,8,BMW
38337,2015,CONVERTIBLE,PASSENGER OR SUBURBAN,Going Straight Ahead,Not Entered,East,Gas,2009,NY,1,6,BMW
38338,2015,SUBURBAN,PASSENGER OR SUBURBAN,Making Left Turn,Not Entered,North,Gas,2001,NY,1,6,BMW
38339,2015,2 DOOR SEDAN,ORGANIZATIONAL,Going Straight Ahead,Not Entered,North,Gas,2008,NY,1,6,BMW
38340,2015,4 DOOR SEDAN,PASSENGER OR SUBURBAN,Going Straight Ahead,Not Entered,West,Gas,1998,NY,1,8,BMW
38341,2014,4 DOOR SEDAN,Not Entered,Going Straight Ahead,Not Entered,North,Not Entered,2001,KY,1,,BMW
38342,2015,MOTORCYCLE,MOTORCYCLE,Going Straight Ahead,Not Entered,East,Gas,2010,NY,1,4,BMW
38343,2015,4 DOOR SEDAN,PASSENGER OR SUBURBAN,Going Straight Ahead,Not Entered,South,Gas,2011,NY,3,6,BMW
38344,2015,4 DOOR SEDAN,PASSENGER OR SUBURBAN,Going Straight Ahead,Not Entered,West,Gas,2006,NY,1,6,BMW
38345,2015,4 DOOR SEDAN,PASSENGER OR SUBURBAN,Going Straight Ahead,Not Entered,North,Gas,2014,NY,1,4,BMW
38346,2015,2 DOOR SEDAN,PASSENGER OR SUBURBAN,Making Left Turn,Not Entered,Northwest,Gas,2001,NY,2,6,BMW
38347,2015,4 DOOR SEDAN,PASSENGER OR SUBURBAN,Going Straight Ahead,Not Entered,North,Gas,2007,NY,1,6,BMW
38348,2015,4 DOOR SEDAN,PASSENGER OR SUBURBAN,Merging,Not Entered,South,Gas,1999,NY,2,6,BMW
38349,2015,SUBURBAN,PASSENGER OR SUBURBAN,Changing Lanes,Not Entered,East,Gas,2004,NY,1,8,BMW
38350,2015,SUBURBAN,PASSENGER OR SUBURBAN,Overtaking/Passing,Not Entered,East,Gas,2007,NY,1,8,BMW
38351,2015,MOTORCYCLE,Not Entered,Going Straight Ahead,Not Entered,East,Not Entered,2015,QC,1,,BMW
38352,2015,4 DOOR SEDAN,Not Entered,Going Straight Ahead,Not Entered,East,Not Entered,1999,MD,1,,BMW
38353,2015,4 DOOR SEDAN,PASSENGER OR SUBURBAN,Making Left Turn,Not Entered,West,Gas,2011,NY,1,6,BMW
38354,2015,SUBURBAN,Not Entered,Going Straight Ahead,Not Entered,East,Not Entered,2014,PA,2,,BUICK
38355,2015,4 DOOR SEDAN,Not Entered,Starting from Parking,Not Entered,East,Not Entered,2014,NY,1,,BUICK
38356,2014,4 DOOR SEDAN,Not Entered,Going Straight Ahead,Not Entered,North,Not Entered,,NY,1,,BUICK
38357,2015,4 DOOR SEDAN,Not Entered,Slowing or Stopping,Not Entered,South,Not Entered,2007,PA,1,,BUICK
38358,2015,4 DOOR SEDAN,Not Entered,Slowing or Stopping,Not Entered,North,Not Entered,1993,KY,1,,BUICK
38359,2015,4 DOOR SEDAN,Not Entered,Going Straight Ahead,Not Entered,South,Not Entered,2014,NY,1,,BUICK
38360,2015,SUBURBAN,Not Entered,Slowing or Stopping,Not Entered,South,Not Entered,2014,PA,1,,BUICK
38361,2015,SUBURBAN,PASSENGER OR SUBURBAN,Going Straight Ahead,Not Entered,North,Gas,2015,NY,1,6,BUICK
38362,2015,4 DOOR SEDAN,PASSENGER OR SUBURBAN,Going Straight Ahead,Not Entered,West,Gas,2002,NY,1,6,BUICK
38363,2015,4 DOOR SEDAN,PASSENGER OR SUBURBAN,Going Straight Ahead,Not Entered,South,Gas,2002,NY,1,6,BUICK
38364,2015,4 DOOR SEDAN,PASSENGER OR SUBURBAN,Going Straight Ahead,Not Entered,South,Gas,2004,NY,1,6,BUICK
38365,2015,4 DOOR SEDAN,ORGANIZATIONAL,Going Straight Ahead,Not Entered,North,Gas,2005,NY,1,6,BUICK
38366,2015,SUBURBAN,PASSENGER OR SUBURBAN,Going Straight Ahead,Not Entered,East,Gas,2015,NY,1,4,BUICK
38367,2014,4 DOOR SEDAN,PASSENGER OR SUBURBAN,Going Straight Ahead,Not Entered,South,Gas,2006,NY,1,6,BUICK
38368,2015,4 DOOR SEDAN,PASSENGER OR SUBURBAN,Making Left Turn,Not Entered,North,Gas,2000,NY,1,6,BUICK
38369,2015,4 DOOR SEDAN,PASSENGER OR SUBURBAN,Making Right Turn,Not Entered,East,Gas,2001,NY,1,6,BUICK
38370,2015,4 DOOR SEDAN,PASSENGER OR SUBURBAN,Backing,Not Entered,West,Gas,2006,NY,1,6,BUICK
38371,2015,4 DOOR SEDAN,PASSENGER OR SUBURBAN,Backing,Not Entered,South,Gas,2012,NY,1,6,BUICK
38372,2014,2 DOOR SEDAN,PASSENGER OR SUBURBAN,Going Straight Ahead,Not Entered,North,Gas,1990,NY,2,6,BUICK
38373,2014,SUBURBAN,PASSENGER OR SUBURBAN,Going Straight Ahead,Not Entered,North,Gas,2004,NY,1,6,BUICK
38374,2014,4 DOOR SEDAN,PASSENGER OR SUBURBAN,Going Straight Ahead,Not Entered,North,Gas,2000,NY,1,6,BUICK
38375,2014,4 DOOR SEDAN,PASSENGER OR SUBURBAN,Starting in Traffic,Not Entered,East,Gas,1998,NY,2,6,BUICK
38376,2014,4 DOOR SEDAN,PASSENGER OR SUBURBAN,Going Straight Ahead,Not Entered,West,Gas,2003,NY,1,6,BUICK
38377,2014,4 DOOR SEDAN,PASSENGER OR SUBURBAN,Going Straight Ahead,Not Entered,West,Gas,2001,NY,1,6,BUICK
38378,2015,4 DOOR SEDAN,PASSENGER OR SUBURBAN,Going Straight Ahead,Not Entered,West,Gas,2007,NY,1,6,BUICK
38379,2015,4 DOOR SEDAN,PASSENGER OR SUBURBAN,Making Left Turn,Not Entered,West,Gas,2005,NY,1,6,BUICK
38380,2015,4 DOOR SEDAN,PASSENGER OR SUBURBAN,Making Left Turn,Not Entered,South,Gas,2001,NY,3,6,BUICK
38381,2015,SUBURBAN,PASSENGER OR SUBURBAN,Making Left Turn,Not Entered,East,Gas,2009,NY,1,6,BUICK
38382,2015,4 DOOR SEDAN,PASSENGER OR SUBURBAN,Making Left Turn,Not Entered,South,Gas,2007,NY,1,6,BUICK
38383,2015,4 DOOR SEDAN,PASSENGER OR SUBURBAN,Making Left Turn,Not Entered,South,Gas,2000,NY,1,6,BUICK
38384,2015,4 DOOR SEDAN,PASSENGER OR SUBURBAN,Going Straight Ahead,Not Entered,North,Gas,1998,NY,1,6,BUICK
38385,2015,4 DOOR SEDAN,PASSENGER OR SUBURBAN,Going Straight Ahead,Not Entered,South,Gas,2014,NY,3,4,BUICK
38386,2015,4 DOOR SEDAN,PASSENGER OR SUBURBAN,Making Right Turn,Not Entered,North,Gas,2005,NY,1,6,BUICK
38387,2015,4 DOOR SEDAN,PASSENGER OR SUBURBAN,Making Left Turn,Not Entered,Northwest,Gas,2004,NY,1,6,BUICK
38388,2015,4 DOOR SEDAN,PASSENGER OR SUBURBAN,Going Straight Ahead,Not Entered,East,Gas,1999,NY,1,6,BUICK
38389,2014,4 DOOR SEDAN,PASSENGER OR SUBURBAN,Making Left Turn,Not Entered,West,Gas,2001,NY,1,6,BUICK
38390,2015,4 DOOR SEDAN,PASSENGER OR SUBURBAN,Going Straight Ahead,Not Entered,West,Gas,2001,NY,1,6,BUICK
38391,2015,4 DOOR SEDAN,PASSENGER OR SUBURBAN,Going Straight Ahead,Not Entered,South,Gas,2005,NY,2,6,BUICK
38392,2015,SUBURBAN,PASSENGER OR SUBURBAN,Starting in Traffic,Not Entered,West,Gas,2015,NY,1,6,BUICK
38393,2014,SUBURBAN,PASSENGER OR SUBURBAN,Going Straight Ahead,Not Entered,West,Gas,2007,NY,1,6,BUICK
38394,2014,4 DOOR SEDAN,PASSENGER OR SUBURBAN,Slowing or Stopping,Not Entered,South,Gas,2001,NY,1,6,BUICK
38395,2014,4 DOOR SEDAN,PASSENGER OR SUBURBAN,Going Straight Ahead,Not Entered,South,Gas,2000,NY,1,6,BUICK
38396,2015,4 DOOR SEDAN,PASSENGER OR SUBURBAN,Going Straight Ahead,Not Entered,West,Gas,2006,NY,1,6,BUICK
38397,2015,4 DOOR SEDAN,PASSENGER OR SUBURBAN,Making Left Turn,Not Entered,Northeast,Gas,2005,NY,1,6,BUICK
38398,2015,4 DOOR SEDAN,PASSENGER OR SUBURBAN,Changing Lanes,Not Entered,East,Gas,2002,NY,1,6,BUICK
38399,2015,4 DOOR SEDAN,PASSENGER OR SUBURBAN,Making Left Turn,Not Entered,North,Gas,2009,NY,2,6,BUICK
38400,2015,4 DOOR SEDAN,PASSENGER OR SUBURBAN,Going Straight Ahead,Not Entered,West,Gas,2012,NY,2,4,BUICK
38401,2015,SUBURBAN,PASSENGER OR SUBURBAN,Going Straight Ahead,Not Entered,North,Gas,2007,NY,2,6,BUICK
38402,2015,4 DOOR SEDAN,OMNIBUS - TAXI,Going Straight Ahead,Not Entered,South,Gas,2002,NY,3,6,BUICK
38403,2015,4 DOOR SEDAN,PASSENGER OR SUBURBAN,Stopped in Traffic,Not Entered,East,Gas,2013,NY,1,4,BUICK
38404,2015,4 DOOR SEDAN,PASSENGER OR SUBURBAN,Parked,Not Entered,West,Gas,2005,NY,,6,BUICK
38405,2015,4 DOOR SEDAN,PASSENGER OR SUBURBAN,Slowing or Stopping,Not Entered,West,Gas,2001,NY,1,6,BUICK
38406,2015,4 DOOR SEDAN,PASSENGER OR SUBURBAN,Going Straight Ahead,Not Entered,Southwest,Gas,2007,NY,1,6,BUICK
38407,2014,4 DOOR SEDAN,PASSENGER OR SUBURBAN,Going Straight Ahead,Not Entered,West,Gas,1997,NY,1,6,BUICK
38408,2014,4 DOOR SEDAN,PASSENGER OR SUBURBAN,Going Straight Ahead,Not Entered,East,Gas,2001,NY,2,6,BUICK
38409,2015,4 DOOR SEDAN,PASSENGER OR SUBURBAN,Going Straight Ahead,Not Entered,West,Gas,2006,NY,1,6,BUICK
38410,2014,4 DOOR SEDAN,PASSENGER OR SUBURBAN,Slowing or Stopping,Not Entered,East,Gas,1991,NY,1,4,BUICK
38411,2015,4 DOOR SEDAN,PASSENGER OR SUBURBAN,Making Right Turn,Not Entered,Northwest,Gas,2012,NY,1,4,BUICK
38412,2015,4 DOOR SEDAN,PASSENGER OR SUBURBAN,Changing Lanes,Not Entered,Southwest,Gas,2001,NY,2,6,BUICK
38413,2014,SUBURBAN,PASSENGER OR SUBURBAN,Going Straight Ahead,Not Entered,West,Gas,2011,NY,2,6,BUICK
38414,2015,4 DOOR SEDAN,PASSENGER OR SUBURBAN,Going Straight Ahead,Not Entered,Southwest,Gas,2000,NY,1,6,BUICK