Case Num,Year,Vehicle Body Type,Registration Class,Action Prior to Accident,Type / Axles of Truck or Bus,Direction of Travel,Fuel Type,Vehicle Year,State of Registration,Number of Occupants,Engine Cylinders,Vehicle Make
38415,2015,4 DOOR SEDAN,PASSENGER OR SUBURBAN,Changing Lanes,Not Entered,South,Gas,2002,NY,1,6,BUICK
38416,2015,4 DOOR SEDAN,Not Entered,Starting in Traffic,Not Entered,East,Not Entered,2014,ON,1,,CADIL
38417,2015,4 DOOR SEDAN,Not Entered,Going Straight Ahead,Not Entered,East,Not Entered,2010,NJ,2,,CADIL
38418,2015,4 DOOR SEDAN,PASSENGER OR SUBURBAN,Going Straight Ahead,Not Entered,East,Gas,2008,NY,1,6,CADIL
38419,2015,4 DOOR SEDAN,PASSENGER OR SUBURBAN,Going Straight Ahead,Not Entered,North,Gas,1993,NY,2,8,CADIL
38420,2015,4 DOOR SEDAN,PASSENGER OR SUBURBAN,Parked,Not Entered,North,Gas,2006,NY,1,6,CADIL
38421,2015,4 DOOR SEDAN,PASSENGER OR SUBURBAN,Going Straight Ahead,Not Entered,North,Gas,2004,NY,1,8,CADIL
38422,2015,4 DOOR SEDAN,PASSENGER OR SUBURBAN,Going Straight Ahead,Not Entered,South,Gas,2004,NY,1,6,CADIL
38423,2014,SUBURBAN,PASSENGER OR SUBURBAN,Making Left Turn,Not Entered,North,Gas,2000,NY,1,8,CADIL
38424,2015,SUBURBAN,PASSENGER OR SUBURBAN,Slowing or Stopping,Not Entered,South,Gas,2005,NY,2,8,CADIL
38425,2015,SUBURBAN,OMNIBUS - TAXI,Going Straight Ahead,Not Entered,West,Gas,2014,NY,1,8,CADIL
38426,2015,4 DOOR SEDAN,PASSENGER OR SUBURBAN,Going Straight Ahead,Not Entered,North,Gas,2005,NY,1,6,CADIL
38427,2015,4 DOOR SEDAN,PASSENGER OR SUBURBAN,Going Straight Ahead,Not Entered,West,Gas,1999,NY,1,8,CADIL
38428,2015,4 DOOR SEDAN,PASSENGER OR SUBURBAN,Going Straight Ahead,Not Entered,North,Gas,1988,NY,1,8,CADIL
38429,2015,4 DOOR SEDAN,OMNIBUS - LIVERY,Slowing or Stopping,Not Entered,West,Gas,2003,NY,2,8,CADIL
38430,2015,4 DOOR SEDAN,PASSENGER OR SUBURBAN,Going Straight Ahead,Not Entered,South,Gas,1995,NY,3,8,CADIL
38431,2015,4 DOOR SEDAN,PASSENGER OR SUBURBAN,Going Straight Ahead,Not Entered,North,Gas,2005,NY,2,6,CADIL
38432,2015,SUBURBAN,PASSENGER OR SUBURBAN,Not Applicable,Not Entered,North,Gas,2007,NY,1,8,CADIL
38433,2015,4 DOOR SEDAN,PASSENGER OR SUBURBAN,Overtaking/Passing,Not Entered,North,Gas,2003,NY,1,8,CADIL
38434,2015,4 DOOR SEDAN,PASSENGER OR SUBURBAN,Overtaking/Passing,Not Entered,South,Gas,1998,NY,1,8,CADIL
38435,2015,4 DOOR SEDAN,PASSENGER OR SUBURBAN,Going Straight Ahead,Not Entered,East,Gas,2006,NY,1,6,CADIL
38436,2015,SUBURBAN,PASSENGER OR SUBURBAN,Slowing or Stopping,Not Entered,West,Gas,2011,NY,1,8,CADIL
38437,2014,SUBURBAN,PASSENGER OR SUBURBAN,Going Straight Ahead,Not Entered,North,Gas,2008,NY,1,8,CADIL
38438,2014,SUBURBAN,OMNIBUS - TAXI,Going Straight Ahead,Not Entered,South,Gas,2013,NY,1,8,CADIL
38439,2015,SUBURBAN,PASSENGER OR SUBURBAN,Merging,Not Entered,South,Gas,2015,NY,1,6,CADIL
38440,2015,SUBURBAN,PASSENGER OR SUBURBAN,Going Straight Ahead,Not Entered,East,Gas,2014,NY,1,6,CADIL
38441,2015,2 DOOR SEDAN,PASSENGER OR SUBURBAN,Going Straight Ahead,Not Entered,South,Gas,1999,NY,1,8,CADIL
38442,2015,SUBURBAN,PASSENGER OR SUBURBAN,Going Straight Ahead,Not Entered,South,Gas,2014,NY,1,6,CADIL
38443,2015,4 DOOR SEDAN,PASSENGER OR SUBURBAN,Going Straight Ahead,Not Entered,North,Gas,2003,NY,,6,CADIL
38444,2014,SUBURBAN,PASSENGER OR SUBURBAN,Going Straight Ahead,Not Entered,East,Gas,2015,NY,1,8,CADIL
38445,2015,4 DOOR SEDAN,PASSENGER OR SUBURBAN,Making Right Turn,Not Entered,Southwest,Gas,2011,NY,1,8,CADIL
38446,2015,4 DOOR SEDAN,PASSENGER OR SUBURBAN,Making Right Turn,Not Entered,East,Gas,2008,NY,1,6,CADIL
38447,2015,SUBURBAN,PASSENGER OR SUBURBAN,Making Left Turn,Not Entered,Northwest,Gas,2014,NY,1,6,CADIL
38448,2015,4 DOOR SEDAN,PASSENGER OR SUBURBAN,Going Straight Ahead,Not Entered,North,Gas,1996,NY,2,8,CADIL
38449,2014,4 DOOR SEDAN,PASSENGER OR SUBURBAN,Changing Lanes,Not Entered,North,Gas,2008,NY,1,6,CADIL
38450,2014,4 DOOR SEDAN,SPECIAL PASSENGER,Going Straight Ahead,Not Entered,South,Gas,2012,NY,1,6,CADIL
38451,2015,4 DOOR SEDAN,PASSENGER OR SUBURBAN,Going Straight Ahead,Not Entered,North,Gas,2012,NY,1,6,CADIL
38452,2014,4 DOOR SEDAN,PASSENGER OR SUBURBAN,Going Straight Ahead,Not Entered,West,Gas,2000,NY,1,6,CADIL
38453,2015,SUBURBAN,PASSENGER OR SUBURBAN,Backing,Not Entered,West,Gas,2003,NY,1,8,CADIL
38454,2015,PICKUP TRUCK,Not Entered,Going Straight Ahead,Not Entered,West,Not Entered,2008,NY,1,,CHEVR
38455,2015,SUBURBAN,Not Entered,Going Straight Ahead,Not Entered,East,Not Entered,2008,NY,1,,CHEVR
38456,2015,4 DOOR SEDAN,Not Entered,Going Straight Ahead,Not Entered,North,Not Entered,2014,GA,1,,CHEVR
38457,2015,SUBURBAN,Not Entered,Going Straight Ahead,Not Entered,North,Not Entered,2015,NY,1,,CHEVR
38458,2015,SUBURBAN,Not Entered,Going Straight Ahead,Not Entered,West,Not Entered,2004,NY,1,,CHEVR
38459,2015,PICKUP TRUCK,Not Entered,Backing,Not Entered,Northeast,Not Entered,2007,NY,1,,CHEVR
38460,2015,DELIVERY TRUCK,Not Entered,Backing,Not Entered,North,Not Entered,1998,ZS,1,,CHEVR
38461,2015,SEDAN,Not Entered,Making Left Turn,Not Entered,South,Not Entered,2014,TX,1,,CHEVR
38462,2015,PICKUP TRUCK,Not Entered,Going Straight Ahead,Not Entered,North,Not Entered,2015,NY,1,,CHEVR
38463,2014,SUBURBAN,Not Entered,Backing,Not Entered,South,Not Entered,2002,KY,1,,CHEVR
38464,2014,4 DOOR SEDAN,Not Entered,Going Straight Ahead,Not Entered,West,Not Entered,2005,NJ,1,,CHEVR
38465,2015,SUBURBAN,Not Entered,Making Right Turn,Not Entered,North,Not Entered,2012,VT,1,,CHEVR
38466,2015,4 DOOR SEDAN,Not Entered,Making Left Turn,Not Entered,Northeast,Not Entered,2010,NY,1,,CHEVR
38467,2015,SUBURBAN,Not Entered,Making Left Turn,Not Entered,Southeast,Not Entered,2002,NY,1,,CHEVR
38468,2014,POLICE VEHICLE,Not Entered,Making Left Turn,Not Entered,Southwest,Not Entered,2013,NY,1,,CHEVR
38469,2015,PICKUP TRUCK,Not Entered,Going Straight Ahead,Not Entered,North,Not Entered,2010,CT,1,,CHEVR
38470,2015,VAN TRUCK,Not Entered,Going Straight Ahead,Not Entered,North,Not Entered,2008,CT,2,,CHEVR
38471,2015,PICKUP TRUCK,Not Entered,Slowing or Stopping,Not Entered,West,Not Entered,1998,FL,1,,CHEVR
38472,2014,4 DOOR SEDAN,Not Entered,Going Straight Ahead,Not Entered,North,Not Entered,2014,CT,1,,CHEVR
38473,2015,VAN TRUCK,Not Entered,Going Straight Ahead,Not Entered,South,Not Entered,2012,NY,1,,CHEVR
38474,2015,4 DOOR SEDAN,Not Entered,Going Straight Ahead,Not Entered,East,Not Entered,2013,CT,3,,CHEVR
38475,2015,4 DOOR SEDAN,Not Entered,Changing Lanes,Not Entered,East,Not Entered,1992,PA,2,,CHEVR
38476,2015,4 DOOR SEDAN,Not Entered,Parked,Not Entered,North,Not Entered,2004,WY,1,,CHEVR
38477,2015,AMBULANCE,POLITICAL SUBDIVISION,Going Straight Ahead,Not Entered,West,Diesel,2015,NY,1,8,CHEVR
38478,2015,SUBURBAN,Not Entered,Going Straight Ahead,Not Entered,South,Not Entered,2004,NY,1,,CHEVR
38479,2015,4 DOOR SEDAN,Not Entered,Going Straight Ahead,Not Entered,East,Not Entered,2015,VA,2,,CHEVR
38480,2014,2 DOOR SEDAN,Not Entered,Going Straight Ahead,Not Entered,East,Not Entered,2008,,2,,CHEVR
38481,2015,SEDAN,Not Entered,Going Straight Ahead,Not Entered,South,Not Entered,2014,PA,1,,CHEVR
38482,2015,SUBURBAN,Not Entered,Going Straight Ahead,Not Entered,West,Not Entered,2001,IL,1,,CHEVR
38483,2014,SUBURBAN,Not Entered,Going Straight Ahead,Not Entered,East,Not Entered,2008,US,1,,CHEVR
38484,2015,DELIVERY TRUCK,Not Entered,Going Straight Ahead,Not Entered,East,Not Entered,2015,NJ,2,,CHEVR
38485,2015,4 DOOR SEDAN,Not Entered,Going Straight Ahead,Not Entered,South,Not Entered,2008,PA,1,,CHEVR
38486,2015,VAN TRUCK,Not Entered,Changing Lanes,Not Entered,West,Not Entered,1998,MD,2,,CHEVR
38487,2015,SUBURBAN,Not Entered,Changing Lanes,Not Entered,South,Not Entered,2015,OH,2,,CHEVR
38488,2015,2 DOOR SEDAN,Not Entered,Going Straight Ahead,Not Entered,East,Not Entered,2015,OH,1,,CHEVR
38489,2015,PICKUP TRUCK,Not Entered,Slowing or Stopping,Not Entered,South,Not Entered,,,1,,CHEVR
38490,2015,PICKUP TRUCK,Not Entered,Making Left Turn,Not Entered,Northwest,Not Entered,2011,NY,1,,CHEVR
38491,2014,4 DOOR SEDAN,Not Entered,Backing,Not Entered,North,Not Entered,2002,ON,1,,CHEVR
38492,2015,SUBURBAN,PASSENGER OR SUBURBAN,Going Straight Ahead,Not Entered,East,Gas,2013,NY,1,4,CHEVR
38493,2015,PICKUP TRUCK,COMMERCIAL,Going Straight Ahead,Not Entered,North,Gas,2010,NY,1,8,CHEVR
38494,2015,2 DOOR SEDAN,PASSENGER OR SUBURBAN,Going Straight Ahead,Not Entered,North,Gas,1998,NY,1,6,CHEVR
38495,2015,4 DOOR SEDAN,PASSENGER OR SUBURBAN,Going Straight Ahead,Not Entered,North,Gas,2001,NY,1,6,CHEVR
38496,2014,PICKUP TRUCK,PASSENGER OR SUBURBAN,Going Straight Ahead,Not Entered,South,Gas,1995,NY,1,8,CHEVR
38497,2014,SUBURBAN,PASSENGER OR SUBURBAN,Going Straight Ahead,Not Entered,West,Gas,2002,NY,1,6,CHEVR
38498,2015,SUBURBAN,PASSENGER OR SUBURBAN,Going Straight Ahead,Not Entered,North,Gas,2013,NY,6,8,CHEVR
38499,2015,SUBURBAN,PASSENGER OR SUBURBAN,Going Straight Ahead,Not Entered,North,Gas,2014,NY,1,6,CHEVR
38500,2015,4 DOOR SEDAN,PASSENGER OR SUBURBAN,Going Straight Ahead,Not Entered,North,Gas,2014,NY,1,6,CHEVR
38501,2015,SUBURBAN,PASSENGER OR SUBURBAN,Going Straight Ahead,Not Entered,Southwest,Gas,2010,NY,1,6,CHEVR
38502,2015,SUBURBAN,PASSENGER OR SUBURBAN,Avoiding Object in Roadway,Not Entered,East,Gas,2004,NY,1,6,CHEVR
38503,2015,4 DOOR SEDAN,PASSENGER OR SUBURBAN,Going Straight Ahead,Not Entered,East,Gas,2007,NY,1,6,CHEVR
38504,2015,SUBURBAN,PASSENGER OR SUBURBAN,Going Straight Ahead,Not Entered,West,Gas,2006,NY,1,6,CHEVR
38505,2015,4 DOOR SEDAN,PASSENGER OR SUBURBAN,Going Straight Ahead,Not Entered,North,Gas,2012,NY,1,4,CHEVR
38506,2015,4 DOOR SEDAN,PASSENGER OR SUBURBAN,Going Straight Ahead,Not Entered,South,Gas,2008,NY,1,6,CHEVR
38507,2015,PICKUP TRUCK,PASSENGER OR SUBURBAN,Going Straight Ahead,Not Entered,Southeast,Gas,2012,NY,1,8,CHEVR
38508,2015,4 DOOR SEDAN,PASSENGER OR SUBURBAN,Going Straight Ahead,Not Entered,South,Gas,2014,NY,1,4,CHEVR
38509,2015,SUBURBAN,PASSENGER OR SUBURBAN,Going Straight Ahead,Not Entered,South,Gas,2008,NY,1,8,CHEVR
38510,2015,4 DOOR SEDAN,PASSENGER OR SUBURBAN,Going Straight Ahead,Not Entered,North,Gas,2012,NY,2,4,CHEVR
38511,2015,PICKUP TRUCK,FARM,Going Straight Ahead,Not Entered,South,Gas,2006,NY,1,8,CHEVR
38512,2015,4 DOOR SEDAN,PASSENGER OR SUBURBAN,Going Straight Ahead,Not Entered,South,Gas,2014,NY,1,4,CHEVR
38513,2015,SUBURBAN,PASSENGER OR SUBURBAN,Going Straight Ahead,Not Entered,West,Gas,2013,NY,2,4,CHEVR
38514,2015,4 DOOR SEDAN,PASSENGER OR SUBURBAN,Going Straight Ahead,Not Entered,East,Gas,2007,NY,1,6,CHEVR
38515,2015,PICKUP TRUCK,PASSENGER OR SUBURBAN,Going Straight Ahead,Not Entered,West,Gas,2014,NY,1,8,CHEVR
38516,2015,SUBURBAN,PASSENGER OR SUBURBAN,Going Straight Ahead,Not Entered,Southwest,Gas,2006,NY,1,6,CHEVR
38517,2015,PICKUP TRUCK,COMMERCIAL,Going Straight Ahead,Not Entered,East,Diesel,2005,NY,1,8,CHEVR
38518,2015,4 DOOR SEDAN,PASSENGER OR SUBURBAN,Going Straight Ahead,Not Entered,North,Gas,2005,NY,1,4,CHEVR
38519,2015,4 DOOR SEDAN,PASSENGER OR SUBURBAN,Going Straight Ahead,Not Entered,South,Gas,2012,NY,2,4,CHEVR
38520,2015,SUBURBAN,PASSENGER OR SUBURBAN,Going Straight Ahead,Not Entered,North,Gas,2015,NY,1,6,CHEVR
38521,2015,SUBURBAN,PASSENGER OR SUBURBAN,Going Straight Ahead,Not Entered,Southeast,Gas,2013,NY,2,4,CHEVR
38522,2015,PICKUP TRUCK,STATE,Going Straight Ahead,Not Entered,East,Gas,2008,NY,1,8,CHEVR
38523,2015,SUBURBAN,PASSENGER OR SUBURBAN,Going Straight Ahead,Not Entered,East,Gas,2006,NY,1,6,CHEVR
38524,2015,PICKUP TRUCK,PASSENGER OR SUBURBAN,Avoiding Object in Roadway,Not Entered,West,Gas,1995,NY,1,4,CHEVR
38525,2015,SUBURBAN,PASSENGER OR SUBURBAN,Going Straight Ahead,Not Entered,South,Gas,2013,NY,1,4,CHEVR
38526,2015,PICKUP TRUCK,COMMERCIAL,Going Straight Ahead,Not Entered,South,Gas,2004,NY,2,8,CHEVR
38527,2015,PICKUP TRUCK,PASSENGER OR SUBURBAN,Going Straight Ahead,Not Entered,North,Gas,2007,NY,1,5,CHEVR
38528,2015,4 DOOR SEDAN,PASSENGER OR SUBURBAN,Going Straight Ahead,Not Entered,West,Gas,2013,NY,1,4,CHEVR
38529,2015,PICKUP TRUCK,PASSENGER OR SUBURBAN,Going Straight Ahead,Not Entered,Northeast,Gas,2005,NY,3,5,CHEVR
38530,2015,4 DOOR SEDAN,PASSENGER OR SUBURBAN,Going Straight Ahead,Not Entered,North,Gas,2007,NY,1,4,CHEVR
38531,2015,SUBURBAN,PASSENGER OR SUBURBAN,Going Straight Ahead,Not Entered,East,Gas,2011,NY,1,4,CHEVR
38532,2015,4 DOOR SEDAN,PASSENGER OR SUBURBAN,Going Straight Ahead,Not Entered,East,Gas,2010,NY,1,6,CHEVR
38533,2015,4 DOOR SEDAN,PASSENGER OR SUBURBAN,Going Straight Ahead,Not Entered,South,Gas,2008,NY,1,6,CHEVR
38534,2015,4 DOOR SEDAN,PASSENGER OR SUBURBAN,Going Straight Ahead,Not Entered,East,Gas,2010,NY,1,4,CHEVR
38535,2015,4 DOOR SEDAN,PASSENGER OR SUBURBAN,Going Straight Ahead,Not Entered,West,Gas,2014,NY,1,4,CHEVR
38536,2014,PICKUP TRUCK,PASSENGER OR SUBURBAN,Going Straight Ahead,Not Entered,North,Gas,2014,NY,1,8,CHEVR
38537,2014,2 DOOR SEDAN,PASSENGER OR SUBURBAN,Going Straight Ahead,Not Entered,Southwest,Gas,2006,NY,2,4,CHEVR
38538,2014,PICKUP TRUCK,ORGANIZATIONAL,Going Straight Ahead,Not Entered,South,Gas,2010,NY,1,5,CHEVR
38539,2015,PICKUP TRUCK,AGRICULTURAL TRUCK,Merging,Not Entered,Northeast,Gas,2002,NY,1,8,CHEVR
38540,2015,SUBURBAN,PASSENGER OR SUBURBAN,Going Straight Ahead,Not Entered,Southwest,Gas,2013,NY,1,4,CHEVR
38541,2015,4 DOOR SEDAN,PASSENGER OR SUBURBAN,Changing Lanes,Not Entered,East,Gas,2007,NY,1,4,CHEVR
38542,2015,SUBURBAN,PASSENGER OR SUBURBAN,Going Straight Ahead,Not Entered,East,Gas,2013,NY,1,4,CHEVR
38543,2015,4 DOOR SEDAN,PASSENGER OR SUBURBAN,Backing,Not Entered,North,Gas,2012,NY,3,4,CHEVR
38544,2015,4 DOOR SEDAN,PASSENGER OR SUBURBAN,Backing,Not Entered,West,Gas,2012,NY,1,4,CHEVR
38545,2015,PICKUP TRUCK,COMMERCIAL,Backing,Not Entered,West,Gas,2013,NY,3,8,CHEVR
38546,2015,CONVERTIBLE,PASSENGER OR SUBURBAN,Backing,Not Entered,South,Gas,1992,NY,1,8,CHEVR
38547,2015,SUBURBAN,PASSENGER OR SUBURBAN,Backing,Not Entered,West,Gas,2003,NY,1,6,CHEVR
38548,2015,SUBURBAN,PASSENGER OR SUBURBAN,Going Straight Ahead,Not Entered,North,Gas,1998,NY,1,8,CHEVR
38549,2014,PICKUP TRUCK,PASSENGER OR SUBURBAN,Backing,Not Entered,Northwest,Gas,1995,NY,1,8,CHEVR
38550,2015,4 DOOR SEDAN,PASSENGER OR SUBURBAN,Slowing or Stopping,Not Entered,West,Gas,1996,NY,1,6,CHEVR
38551,2014,VAN TRUCK,AGRICULTURAL TRUCK,Changing Lanes,Not Entered,North,Gas,2000,NY,1,8,CHEVR
38552,2015,PICKUP TRUCK,PASSENGER OR SUBURBAN,Going Straight Ahead,Not Entered,North,Gas,2006,NY,1,5,CHEVR
38553,2014,SUBURBAN,PASSENGER OR SUBURBAN,Going Straight Ahead,Not Entered,East,Gas,2010,NY,1,4,CHEVR
38554,2015,4 DOOR SEDAN,PASSENGER OR SUBURBAN,Going Straight Ahead,Not Entered,South,Gas,2000,NY,2,6,CHEVR
38555,2015,SUBURBAN,REGIONAL,Changing Lanes,Not Entered,East,Gas,2003,NY,2,6,CHEVR
38556,2015,2 DOOR SEDAN,PASSENGER OR SUBURBAN,Going Straight Ahead,Not Entered,West,Gas,2002,NY,1,4,CHEVR
38557,2015,PICKUP TRUCK,ORGANIZATIONAL,Slowing or Stopping,Not Entered,East,Gas,2008,NY,1,8,CHEVR
38558,2015,PICKUP TRUCK,PASSENGER OR SUBURBAN,Slowing or Stopping,Not Entered,North,Gas,2014,NY,1,8,CHEVR
38559,2015,4 DOOR SEDAN,PASSENGER OR SUBURBAN,Going Straight Ahead,Not Entered,South,Gas,2007,NY,11,6,CHEVR
38560,2015,SUBURBAN,PASSENGER OR SUBURBAN,Stopped in Traffic,Not Entered,South,Gas,2012,NY,1,6,CHEVR
38561,2015,4 DOOR SEDAN,PASSENGER OR SUBURBAN,Slowing or Stopping,Not Entered,East,Gas,2011,NY,1,4,CHEVR
38562,2015,SUBURBAN,PASSENGER OR SUBURBAN,Entering Parked Position,Not Entered,West,Gas,2011,NY,1,6,CHEVR
38563,2015,PICKUP TRUCK,PASSENGER OR SUBURBAN,Backing,Not Entered,West,Gas,2014,NY,2,6,CHEVR
38564,2015,2 DOOR SEDAN,AGRICULTURAL TRUCK,Backing,Not Entered,East,Gas,2008,NY,2,8,CHEVR
38565,2015,4 DOOR SEDAN,PASSENGER OR SUBURBAN,Backing,Not Entered,East,Gas,2000,NY,1,6,CHEVR
38566,2015,4 DOOR SEDAN,PASSENGER OR SUBURBAN,Making Right Turn,Not Entered,North,Gas,2013,NY,1,4,CHEVR
38567,2015,SUBURBAN,PASSENGER OR SUBURBAN,Going Straight Ahead,Not Entered,South,Gas,2008,NY,1,4,CHEVR
38568,2015,SUBURBAN,PASSENGER OR SUBURBAN,Backing,Not Entered,South,Gas,2006,NY,1,6,CHEVR
38569,2015,UTILITY,AGRICULTURAL TRUCK,Slowing or Stopping,Not Entered,North,Gas,2001,NY,1,8,CHEVR
38570,2015,PICKUP TRUCK,SPECIAL PASSENGER,Entering Parked Position,Not Entered,West,Gas,2005,NY,1,8,CHEVR
38571,2015,PICKUP TRUCK,PASSENGER OR SUBURBAN,Going Straight Ahead,Not Entered,North,Gas,2001,NY,4,6,CHEVR
38572,2015,VAN TRUCK,AMBULANCE,Making Right Turn,Not Entered,South,Diesel,2007,NY,2,8,CHEVR
38573,2015,SUBURBAN,PASSENGER OR SUBURBAN,Starting in Traffic,Not Entered,North,Gas,2015,NY,1,8,CHEVR
38574,2015,SUBURBAN,PASSENGER OR SUBURBAN,Going Straight Ahead,Not Entered,West,Gas,2006,NY,1,4,CHEVR
38575,2015,2 DOOR SEDAN,SPECIAL PASSENGER,Going Straight Ahead,Not Entered,North,Gas,2008,NY,2,4,CHEVR
38576,2015,4 DOOR SEDAN,PASSENGER OR SUBURBAN,Slowing or Stopping,Not Entered,East,Gas,2012,NY,1,4,CHEVR
38577,2015,SUBURBAN,PASSENGER OR SUBURBAN,Starting in Traffic,Not Entered,North,Gas,2009,NY,1,4,CHEVR
38578,2015,PICKUP TRUCK,PASSENGER OR SUBURBAN,Backing,Not Entered,South,Gas,2001,NY,1,6,CHEVR
38579,2015,SUBURBAN,PASSENGER OR SUBURBAN,Backing,Not Entered,Northeast,Gas,2010,NY,1,4,CHEVR
38580,2015,PICKUP TRUCK,COMMERCIAL,Going Straight Ahead,Not Entered,East,Gas,2007,NY,1,8,CHEVR
38581,2015,SUBURBAN,OMNIBUS - TAXI,Going Straight Ahead,Not Entered,North,Gas,2012,NY,6,8,CHEVR
38582,2015,SUBURBAN,PASSENGER OR SUBURBAN,Going Straight Ahead,Not Entered,North,Gas,2004,NY,1,6,CHEVR
38583,2015,PICKUP TRUCK,POLITICAL SUBDIVISION,Going Straight Ahead,Not Entered,North,Gas,2006,NY,1,8,CHEVR
38584,2014,4 DOOR SEDAN,PASSENGER OR SUBURBAN,Changing Lanes,Not Entered,North,Gas,2004,NY,1,6,CHEVR
38585,2014,PICKUP TRUCK,PASSENGER OR SUBURBAN,Slowing or Stopping,Not Entered,West,Gas,2003,NY,1,8,CHEVR
38586,2014,PICKUP TRUCK,AGRICULTURAL TRUCK,Going Straight Ahead,Not Entered,East,Gas,2011,NY,1,8,CHEVR
38587,2014,4 DOOR SEDAN,PASSENGER OR SUBURBAN,Going Straight Ahead,Not Entered,North,Gas,1999,NY,3,4,CHEVR
38588,2014,PICKUP TRUCK,PASSENGER OR SUBURBAN,Making Left Turn,Not Entered,South,Gas,2007,NY,1,8,CHEVR
38589,2014,PICKUP TRUCK,COMMERCIAL,Backing,Not Entered,North,Gas,2007,NY,2,8,CHEVR
38590,2014,4 DOOR SEDAN,PASSENGER OR SUBURBAN,Going Straight Ahead,Not Entered,West,Gas,2014,NY,1,4,CHEVR
38591,2014,4 DOOR SEDAN,PASSENGER OR SUBURBAN,Making Left Turn,Not Entered,East,Gas,2010,NY,2,6,CHEVR
38592,2014,4 DOOR SEDAN,PASSENGER OR SUBURBAN,Going Straight Ahead,Not Entered,East,Gas,2003,NY,3,4,CHEVR
38593,2014,4 DOOR SEDAN,PASSENGER OR SUBURBAN,Going Straight Ahead,Not Entered,West,Gas,2005,NY,1,4,CHEVR
38594,2014,4 DOOR SEDAN,PASSENGER OR SUBURBAN,Going Straight Ahead,Not Entered,West,Gas,2006,NY,1,6,CHEVR
38595,2014,PICKUP TRUCK,PASSENGER OR SUBURBAN,Going Straight Ahead,Not Entered,North,Gas,1998,NY,1,4,CHEVR
38596,2014,SUBURBAN,PASSENGER OR SUBURBAN,Going Straight Ahead,Not Entered,North,Gas,2003,NY,1,8,CHEVR
38597,2014,SUBURBAN,PASSENGER OR SUBURBAN,Going Straight Ahead,Not Entered,East,Diesel,1999,NY,3,8,CHEVR
38598,2014,4 DOOR SEDAN,PASSENGER OR SUBURBAN,Going Straight Ahead,Not Entered,East,Gas,2004,NY,1,6,CHEVR
38599,2014,4 DOOR SEDAN,PASSENGER OR SUBURBAN,Slowing or Stopping,Not Entered,Southeast,Gas,2008,NY,1,6,CHEVR
38600,2014,SUBURBAN,PASSENGER OR SUBURBAN,Going Straight Ahead,Not Entered,West,Gas,2011,NY,3,8,CHEVR
38601,2014,4 DOOR SEDAN,PASSENGER OR SUBURBAN,Going Straight Ahead,Not Entered,South,Gas,2008,NY,1,4,CHEVR
38602,2014,SUBURBAN,PASSENGER OR SUBURBAN,Backing,Not Entered,South,Gas,1995,NY,1,6,CHEVR
38603,2014,4 DOOR SEDAN,PASSENGER OR SUBURBAN,Making Left Turn,Not Entered,West,Gas,2013,NY,1,4,CHEVR
38604,2015,SUBURBAN,PASSENGER OR SUBURBAN,Backing,Not Entered,North,Gas,2002,NY,1,6,CHEVR
38605,2014,4 DOOR SEDAN,PASSENGER OR SUBURBAN,Making Left Turn,Not Entered,West,Gas,2008,NY,2,6,CHEVR
38606,2015,SUBURBAN,PASSENGER OR SUBURBAN,Going Straight Ahead,Not Entered,Northeast,Gas,2011,NY,1,4,CHEVR
38607,2015,SUBURBAN,PASSENGER OR SUBURBAN,Making Left Turn,Not Entered,Southwest,Gas,2004,NY,4,8,CHEVR
38608,2015,4 DOOR SEDAN,PASSENGER OR SUBURBAN,Going Straight Ahead,Not Entered,North,Gas,2003,NY,1,6,CHEVR
38609,2014,SUBURBAN,PASSENGER OR SUBURBAN,Going Straight Ahead,Not Entered,North,Gas,2001,NY,1,8,CHEVR
38610,2015,SUBURBAN,PASSENGER OR SUBURBAN,Making Left Turn,Not Entered,Southeast,Gas,2004,NY,2,6,CHEVR
38611,2015,TANK TRUCK,COMMERCIAL,Making Right Turn,Not Entered,Southeast,Propane,2002,NY,1,8,CHEVR
38612,2015,4 DOOR SEDAN,PASSENGER OR SUBURBAN,Making Right Turn,Not Entered,North,Gas,2012,NY,1,4,CHEVR