Case Num,Year,Vehicle Body Type,Registration Class,Action Prior to Accident,Type / Axles of Truck or Bus,Direction of Travel,Fuel Type,Vehicle Year,State of Registration,Number of Occupants,Engine Cylinders,Vehicle Make
38613,2015,4 DOOR SEDAN,PASSENGER OR SUBURBAN,Making Left Turn,Not Entered,East,Gas,2006,NY,1,6,CHEVR
38614,2015,4 DOOR SEDAN,PASSENGER OR SUBURBAN,Making Right Turn,Not Entered,South,Gas,2013,NY,1,4,CHEVR
38615,2015,SUBURBAN,PASSENGER OR SUBURBAN,Making Left Turn,Not Entered,Northwest,Gas,1997,NY,1,8,CHEVR
38616,2015,4 DOOR SEDAN,PASSENGER OR SUBURBAN,Making Right Turn,Not Entered,Northwest,Gas,2005,NY,1,4,CHEVR
38617,2015,SUBURBAN,PASSENGER OR SUBURBAN,Going Straight Ahead,Not Entered,East,Gas,2011,NY,1,4,CHEVR
38618,2015,4 DOOR SEDAN,PASSENGER OR SUBURBAN,Making Left Turn,Not Entered,West,Gas,2013,NY,1,4,CHEVR
38619,2015,4 DOOR SEDAN,PASSENGER OR SUBURBAN,Starting from Parking,Not Entered,Northeast,Gas,2014,NY,3,6,CHEVR
38620,2015,4 DOOR SEDAN,PASSENGER OR SUBURBAN,Making Right Turn,Not Entered,Northwest,Gas,2009,NY,1,4,CHEVR
38621,2015,4 DOOR SEDAN,PASSENGER OR SUBURBAN,Making Left Turn,Not Entered,South,Gas,2008,NY,1,4,CHEVR
38622,2015,4 DOOR SEDAN,PASSENGER OR SUBURBAN,Going Straight Ahead,Not Entered,North,Gas,2007,NY,1,6,CHEVR
38623,2015,PICKUP TRUCK,PASSENGER OR SUBURBAN,Making Left Turn,Not Entered,Southwest,Gas,2005,NY,1,8,CHEVR
38624,2015,PICKUP TRUCK,AGRICULTURAL TRUCK,Making Left Turn,Not Entered,North,Gas,2001,NY,2,8,CHEVR
38625,2015,PICKUP TRUCK,PASSENGER OR SUBURBAN,Going Straight Ahead,Not Entered,Southeast,Gas,2004,NY,1,8,CHEVR
38626,2015,PICKUP TRUCK,AGRICULTURAL TRUCK,Making Left Turn,Not Entered,Southeast,Gas,2008,NY,1,6,CHEVR
38627,2015,PICKUP TRUCK,ORGANIZATIONAL,Making Left Turn,Not Entered,South,Gas,2007,NY,2,8,CHEVR
38628,2015,4 DOOR SEDAN,PASSENGER OR SUBURBAN,Going Straight Ahead,Not Entered,South,Gas,2006,NY,1,6,CHEVR
38629,2015,4 DOOR SEDAN,PASSENGER OR SUBURBAN,Making Left Turn,Not Entered,West,Gas,2011,NY,2,6,CHEVR
38630,2015,SUBURBAN,PASSENGER OR SUBURBAN,Going Straight Ahead,Not Entered,East,Gas,2001,NY,1,6,CHEVR
38631,2015,4 DOOR SEDAN,PASSENGER OR SUBURBAN,Making Left Turn,Not Entered,West,Gas,2014,NY,2,6,CHEVR
38632,2015,4 DOOR SEDAN,PASSENGER OR SUBURBAN,Going Straight Ahead,Not Entered,North,Gas,2007,NY,1,6,CHEVR
38633,2015,VAN TRUCK,COMMERCIAL,Going Straight Ahead,Not Entered,East,Gas,2010,NY,1,8,CHEVR
38634,2015,PICKUP TRUCK,PASSENGER OR SUBURBAN,Making Left Turn,Not Entered,South,Gas,1990,NY,1,8,CHEVR
38635,2015,PICKUP TRUCK,AGRICULTURAL TRUCK,Going Straight Ahead,Not Entered,West,Gas,2005,NY,1,8,CHEVR
38636,2015,4 DOOR SEDAN,PASSENGER OR SUBURBAN,Making Left Turn,Not Entered,Northeast,Gas,2016,NY,2,4,CHEVR
38637,2015,2 DOOR SEDAN,PASSENGER OR SUBURBAN,Making Left Turn,Not Entered,Northwest,Gas,1999,NY,1,8,CHEVR
38638,2015,4 DOOR SEDAN,PASSENGER OR SUBURBAN,Making Left Turn,Not Entered,North,Gas,2003,NY,1,6,CHEVR
38639,2015,4 DOOR SEDAN,PASSENGER OR SUBURBAN,Making Left Turn,Not Entered,Northwest,Gas,2015,NY,2,4,CHEVR
38640,2015,VAN TRUCK,AGRICULTURAL TRUCK,Changing Lanes,Not Entered,West,Diesel,2000,NY,1,8,CHEVR
38641,2015,4 DOOR SEDAN,PASSENGER OR SUBURBAN,Going Straight Ahead,Not Entered,East,Gas,2005,NY,2,4,CHEVR
38642,2015,VAN TRUCK,PASSENGER OR SUBURBAN,Going Straight Ahead,Not Entered,West,Diesel,2002,NY,1,8,CHEVR
38643,2014,SUBURBAN,PASSENGER OR SUBURBAN,Backing,Not Entered,West,Gas,2002,NY,2,6,CHEVR
38644,2014,2 DOOR SEDAN,PASSENGER OR SUBURBAN,Making Left Turn,Not Entered,South,Gas,2007,NY,1,4,CHEVR
38645,2014,SUBURBAN,PASSENGER OR SUBURBAN,Making Left Turn,Not Entered,Northwest,Gas,2012,NY,1,6,CHEVR
38646,2014,SUBURBAN,PASSENGER OR SUBURBAN,Making Left Turn,Not Entered,Southeast,Gas,2011,NY,1,6,CHEVR
38647,2014,SUBURBAN,PASSENGER OR SUBURBAN,Going Straight Ahead,Not Entered,South,Gas,2013,NY,1,4,CHEVR
38648,2014,4 DOOR SEDAN,PASSENGER OR SUBURBAN,Changing Lanes,Not Entered,West,Gas,2008,NY,1,6,CHEVR
38649,2014,4 DOOR SEDAN,PASSENGER OR SUBURBAN,Making Left Turn,Not Entered,West,Gas,2004,NY,1,6,CHEVR
38650,2014,4 DOOR SEDAN,PASSENGER OR SUBURBAN,Making Left Turn,Not Entered,Southwest,Gas,2004,NY,1,6,CHEVR
38651,2014,SUBURBAN,PASSENGER OR SUBURBAN,Entering Parked Position,Not Entered,South,Gas,2002,NY,2,6,CHEVR
38652,2014,4 DOOR SEDAN,PASSENGER OR SUBURBAN,Making Left Turn,Not Entered,South,Gas,2008,NY,1,4,CHEVR
38653,2015,4 DOOR SEDAN,PASSENGER OR SUBURBAN,Changing Lanes,Not Entered,North,Gas,2013,NY,2,4,CHEVR
38654,2015,4 DOOR SEDAN,PASSENGER OR SUBURBAN,Making Right Turn,Not Entered,East,Gas,2002,NY,1,6,CHEVR
38655,2014,PICKUP TRUCK,COMMERCIAL,Going Straight Ahead,Not Entered,West,Diesel,2008,NY,1,8,CHEVR
38656,2015,2 DOOR SEDAN,PASSENGER OR SUBURBAN,Going Straight Ahead,Not Entered,East,Gas,1997,NY,1,4,CHEVR
38657,2015,4 DOOR SEDAN,PASSENGER OR SUBURBAN,Going Straight Ahead,Not Entered,West,Gas,2016,NY,2,4,CHEVR
38658,2015,SUBURBAN,PASSENGER OR SUBURBAN,Going Straight Ahead,Not Entered,North,Gas,2006,NY,2,6,CHEVR
38659,2015,PICKUP TRUCK,COMMERCIAL,Going Straight Ahead,Not Entered,East,Gas,2004,NY,2,5,CHEVR
38660,2015,4 DOOR SEDAN,PASSENGER OR SUBURBAN,Slowing or Stopping,Not Entered,Northeast,Gas,2003,NY,1,6,CHEVR
38661,2015,SUBURBAN,PASSENGER OR SUBURBAN,Going Straight Ahead,Not Entered,West,Gas,2000,NY,2,6,CHEVR
38662,2015,VAN TRUCK,PASSENGER OR SUBURBAN,Going Straight Ahead,Not Entered,North,Gas,2002,NY,3,6,CHEVR
38663,2015,PICKUP TRUCK,COMMERCIAL,Going Straight Ahead,Not Entered,North,Gas,2012,NY,1,8,CHEVR
38664,2015,SUBURBAN,PASSENGER OR SUBURBAN,Going Straight Ahead,Not Entered,East,Gas,2006,NY,1,6,CHEVR
38665,2015,4 DOOR SEDAN,PASSENGER OR SUBURBAN,Going Straight Ahead,Not Entered,East,Gas,2003,NY,1,6,CHEVR
38666,2015,4 DOOR SEDAN,PASSENGER OR SUBURBAN,Going Straight Ahead,Not Entered,South,Gas,2008,NY,1,6,CHEVR
38667,2015,SUBURBAN,PASSENGER OR SUBURBAN,Going Straight Ahead,Not Entered,West,Gas,2002,NY,1,8,CHEVR
38668,2015,PICKUP TRUCK,PASSENGER OR SUBURBAN,Starting in Traffic,Not Entered,Southwest,Diesel,1994,NY,1,8,CHEVR
38669,2015,PICKUP TRUCK,PASSENGER OR SUBURBAN,Going Straight Ahead,Not Entered,West,Gas,2007,NY,1,8,CHEVR
38670,2015,SUBURBAN,PASSENGER OR SUBURBAN,Going Straight Ahead,Not Entered,South,Gas,2003,NY,1,6,CHEVR
38671,2015,SUBURBAN,PASSENGER OR SUBURBAN,Going Straight Ahead,Not Entered,North,Gas,2014,NY,1,6,CHEVR
38672,2015,2 DOOR SEDAN,PASSENGER OR SUBURBAN,Starting in Traffic,Not Entered,South,Gas,2008,NY,1,4,CHEVR
38673,2015,SUBURBAN,PASSENGER OR SUBURBAN,Starting in Traffic,Not Entered,Northeast,Gas,2004,NY,1,6,CHEVR
38674,2015,SUBURBAN,PASSENGER OR SUBURBAN,Going Straight Ahead,Not Entered,West,Gas,2014,NY,1,6,CHEVR
38675,2015,SUBURBAN,PASSENGER OR SUBURBAN,Slowing or Stopping,Not Entered,West,Gas,2002,NY,3,8,CHEVR
38676,2015,4 DOOR SEDAN,PASSENGER OR SUBURBAN,Starting in Traffic,Not Entered,South,Gas,2011,NY,1,4,CHEVR
38677,2015,4 DOOR SEDAN,PASSENGER OR SUBURBAN,Going Straight Ahead,Not Entered,North,Gas,2009,NY,5,6,CHEVR
38678,2015,4 DOOR SEDAN,PASSENGER OR SUBURBAN,Going Straight Ahead,Not Entered,Northeast,Gas,2007,NY,1,6,CHEVR
38679,2015,2 DOOR SEDAN,PASSENGER OR SUBURBAN,Going Straight Ahead,Not Entered,North,Gas,2002,NY,1,6,CHEVR
38680,2015,4 DOOR SEDAN,PASSENGER OR SUBURBAN,Going Straight Ahead,Not Entered,West,Gas,2009,NY,5,6,CHEVR
38681,2015,2 DOOR SEDAN,PASSENGER OR SUBURBAN,Going Straight Ahead,Not Entered,West,Gas,2006,NY,1,4,CHEVR
38682,2015,PICKUP TRUCK,PASSENGER OR SUBURBAN,Going Straight Ahead,Not Entered,West,Gas,2015,NY,1,8,CHEVR
38683,2015,4 DOOR SEDAN,PASSENGER OR SUBURBAN,Going Straight Ahead,Not Entered,West,Gas,2001,NY,1,4,CHEVR
38684,2015,SUBURBAN,PASSENGER OR SUBURBAN,Slowing or Stopping,Not Entered,North,Gas,2001,NY,1,4,CHEVR
38685,2015,PICKUP TRUCK,PASSENGER OR SUBURBAN,Going Straight Ahead,Not Entered,West,Gas,2010,NY,1,8,CHEVR
38686,2015,4 DOOR SEDAN,PASSENGER OR SUBURBAN,Going Straight Ahead,Not Entered,North,Gas,2004,NY,1,6,CHEVR
38687,2015,SUBURBAN,PASSENGER OR SUBURBAN,Going Straight Ahead,Not Entered,North,Gas,2012,NY,1,4,CHEVR
38688,2015,4 DOOR SEDAN,PASSENGER OR SUBURBAN,Going Straight Ahead,Not Entered,South,Gas,2008,NY,1,6,CHEVR
38689,2015,4 DOOR SEDAN,PASSENGER OR SUBURBAN,Going Straight Ahead,Not Entered,Southwest,Gas,2003,NY,1,6,CHEVR
38690,2015,SUBURBAN,PASSENGER OR SUBURBAN,Changing Lanes,Not Entered,East,Gas,2010,NY,2,6,CHEVR
38691,2015,SUBURBAN,PASSENGER OR SUBURBAN,Going Straight Ahead,Not Entered,West,Gas,2014,NY,1,4,CHEVR
38692,2015,SUBURBAN,PASSENGER OR SUBURBAN,Slowing or Stopping,Not Entered,East,Gas,2014,NY,1,4,CHEVR
38693,2015,SUBURBAN,PASSENGER OR SUBURBAN,Going Straight Ahead,Not Entered,East,Gas,2000,NY,1,6,CHEVR
38694,2014,4 DOOR SEDAN,PASSENGER OR SUBURBAN,Going Straight Ahead,Not Entered,East,Gas,1992,NY,1,6,CHEVR
38695,2014,4 DOOR SEDAN,PASSENGER OR SUBURBAN,Slowing or Stopping,Not Entered,West,Gas,2003,NY,1,4,CHEVR
38696,2014,4 DOOR SEDAN,PASSENGER OR SUBURBAN,Going Straight Ahead,Not Entered,East,Gas,2008,NY,3,6,CHEVR
38697,2014,PICKUP TRUCK,COMMERCIAL,Going Straight Ahead,Not Entered,Southeast,Gas,1994,NY,3,8,CHEVR
38698,2014,2 DOOR SEDAN,PASSENGER OR SUBURBAN,Going Straight Ahead,Not Entered,East,Gas,1993,NY,2,8,CHEVR
38699,2014,4 DOOR SEDAN,PASSENGER OR SUBURBAN,Slowing or Stopping,Not Entered,West,Gas,2013,NY,1,4,CHEVR
38700,2014,4 DOOR SEDAN,PASSENGER OR SUBURBAN,Going Straight Ahead,Not Entered,South,Gas,2010,NY,1,6,CHEVR
38701,2014,SUBURBAN,PASSENGER OR SUBURBAN,Slowing or Stopping,Not Entered,East,Gas,2008,NY,1,4,CHEVR
38702,2015,SUBURBAN,PASSENGER OR SUBURBAN,Slowing or Stopping,Not Entered,South,Gas,2003,NY,2,6,CHEVR
38703,2015,VAN TRUCK,COMMERCIAL,Going Straight Ahead,Not Entered,West,Gas,2010,NY,1,8,CHEVR
38704,2015,PICKUP TRUCK,PASSENGER OR SUBURBAN,Going Straight Ahead,Not Entered,North,Gas,2015,NY,1,8,CHEVR
38705,2015,PICKUP TRUCK,PASSENGER OR SUBURBAN,Going Straight Ahead,Not Entered,South,Gas,2011,NY,1,8,CHEVR
38706,2015,SUBURBAN,PASSENGER OR SUBURBAN,Going Straight Ahead,Not Entered,North,Gas,2007,NY,1,4,CHEVR
38707,2015,4 DOOR SEDAN,PASSENGER OR SUBURBAN,Going Straight Ahead,Not Entered,West,Gas,2000,NY,1,4,CHEVR
38708,2015,SUBURBAN,PASSENGER OR SUBURBAN,Making U Turn,Not Entered,West,Gas,2005,NY,4,6,CHEVR
38709,2015,SUBURBAN,PASSENGER OR SUBURBAN,Going Straight Ahead,Not Entered,South,Gas,2007,NY,1,6,CHEVR
38710,2015,2 DOOR SEDAN,PASSENGER OR SUBURBAN,Going Straight Ahead,Not Entered,North,Gas,2003,NY,2,4,CHEVR
38711,2015,4 DOOR SEDAN,PASSENGER OR SUBURBAN,Going Straight Ahead,Not Entered,East,Gas,2003,NY,2,6,CHEVR
38712,2015,4 DOOR SEDAN,PASSENGER OR SUBURBAN,Going Straight Ahead,Not Entered,North,Gas,2003,NY,1,6,CHEVR
38713,2015,4 DOOR SEDAN,PASSENGER OR SUBURBAN,Going Straight Ahead,Not Entered,North,Gas,2005,NY,1,4,CHEVR
38714,2015,4 DOOR SEDAN,PASSENGER OR SUBURBAN,Parked,Not Entered,East,Gas,2003,NY,,4,CHEVR
38715,2015,PICKUP TRUCK,COMMERCIAL,Going Straight Ahead,Not Entered,Northwest,Gas,2015,NY,2,8,CHEVR
38716,2015,PICKUP TRUCK,COMMERCIAL,Going Straight Ahead,Not Entered,West,Gas,2008,NY,1,8,CHEVR
38717,2015,SUBURBAN,PASSENGER OR SUBURBAN,Going Straight Ahead,Not Entered,East,Gas,2005,NY,1,6,CHEVR
38718,2015,PICKUP TRUCK,COMMERCIAL,Going Straight Ahead,Not Entered,North,Gas,2006,NY,1,4,CHEVR
38719,2015,SUBURBAN,PASSENGER OR SUBURBAN,Going Straight Ahead,Not Entered,North,Gas,2013,NY,2,4,CHEVR
38720,2015,PICKUP TRUCK,PASSENGER OR SUBURBAN,Going Straight Ahead,Not Entered,North,Gas,2011,NY,1,8,CHEVR
38721,2015,SUBURBAN,PASSENGER OR SUBURBAN,Going Straight Ahead,Not Entered,East,Gas,2003,NY,1,6,CHEVR
38722,2015,4 DOOR SEDAN,PASSENGER OR SUBURBAN,Going Straight Ahead,Not Entered,West,Gas,2014,NY,1,4,CHEVR
38723,2015,2 DOOR SEDAN,PASSENGER OR SUBURBAN,Making Left Turn,Not Entered,East,Gas,2006,NY,1,6,CHEVR
38724,2015,SUBURBAN,PASSENGER OR SUBURBAN,Going Straight Ahead,Not Entered,West,Gas,2011,NY,1,8,CHEVR
38725,2015,PICKUP TRUCK,AGRICULTURAL TRUCK,Parked,Not Entered,South,Gas,2000,NY,0,8,CHEVR
38726,2015,SUBURBAN,PASSENGER OR SUBURBAN,Going Straight Ahead,Not Entered,West,Gas,2006,NY,2,8,CHEVR
38727,2015,4 DOOR SEDAN,PASSENGER OR SUBURBAN,Stopped in Traffic,Not Entered,North,Gas,2013,NY,2,4,CHEVR
38728,2015,4 DOOR SEDAN,PASSENGER OR SUBURBAN,Avoiding Object in Roadway,Not Entered,South,Gas,2002,NY,1,6,CHEVR
38729,2015,PICKUP TRUCK,PASSENGER OR SUBURBAN,Making Left Turn,Not Entered,West,Gas,2014,NY,1,8,CHEVR
38730,2015,4 DOOR SEDAN,PASSENGER OR SUBURBAN,Backing,Not Entered,North,Gas,2011,NY,2,4,CHEVR
38731,2015,PICKUP TRUCK,PASSENGER OR SUBURBAN,Going Straight Ahead,Not Entered,North,Gas,2013,NY,3,8,CHEVR
38732,2015,PICKUP TRUCK,COMMERCIAL,Stopped in Traffic,Not Entered,South,Gas,2011,NY,1,8,CHEVR
38733,2015,4 DOOR SEDAN,PASSENGER OR SUBURBAN,Making Left Turn,Not Entered,South,Gas,2000,NY,1,4,CHEVR
38734,2015,4 DOOR SEDAN,PASSENGER OR SUBURBAN,Slowing or Stopping,Not Entered,West,Gas,2014,NY,1,4,CHEVR
38735,2015,4 DOOR SEDAN,PASSENGER OR SUBURBAN,Going Straight Ahead,Not Entered,Southwest,Gas,2008,NY,1,6,CHEVR
38736,2015,SUBURBAN,PASSENGER OR SUBURBAN,Stopped in Traffic,Not Entered,South,Gas,2008,NY,1,6,CHEVR
38737,2015,SUBURBAN,PASSENGER OR SUBURBAN,Going Straight Ahead,Not Entered,West,Gas,2003,NY,1,8,CHEVR
38738,2015,4 DOOR SEDAN,PASSENGER OR SUBURBAN,Stopped in Traffic,Not Entered,West,Gas,2012,NY,1,4,CHEVR
38739,2015,2 DOOR SEDAN,PASSENGER OR SUBURBAN,Going Straight Ahead,Not Entered,West,Gas,2005,NY,1,4,CHEVR
38740,2015,PICKUP TRUCK,COMMERCIAL,Going Straight Ahead,Not Entered,East,Gas,2012,NY,2,5,CHEVR
38741,2015,4 DOOR SEDAN,PASSENGER OR SUBURBAN,Slowing or Stopping,Not Entered,North,Gas,2009,NY,1,6,CHEVR
38742,2015,VAN TRUCK,COMMERCIAL,Making Right Turn,Not Entered,Southeast,Gas,2008,NY,1,6,CHEVR
38743,2015,SUBURBAN,PASSENGER OR SUBURBAN,Going Straight Ahead,Not Entered,East,Gas,1997,NY,1,6,CHEVR
38744,2015,4 DOOR SEDAN,PASSENGER OR SUBURBAN,Parked,Not Entered,Unknown,Gas,2014,NY,,4,CHEVR
38745,2015,4 DOOR SEDAN,PASSENGER OR SUBURBAN,Stopped in Traffic,Not Entered,East,Gas,2005,NY,1,6,CHEVR
38746,2015,SUBURBAN,PASSENGER OR SUBURBAN,Making Left Turn,Not Entered,East,Gas,2008,NY,1,6,CHEVR
38747,2015,PICKUP TRUCK,PASSENGER OR SUBURBAN,Going Straight Ahead,Not Entered,Northeast,Gas,2008,NY,1,5,CHEVR
38748,2015,4 DOOR SEDAN,PASSENGER OR SUBURBAN,Slowing or Stopping,Not Entered,West,Gas,2013,NY,1,4,CHEVR
38749,2015,2 DOOR SEDAN,PASSENGER OR SUBURBAN,Going Straight Ahead,Not Entered,North,Gas,2005,NY,1,6,CHEVR
38750,2015,4 DOOR SEDAN,PASSENGER OR SUBURBAN,Going Straight Ahead,Not Entered,Southeast,Gas,2012,NY,1,4,CHEVR
38751,2015,SUBURBAN,OMNIBUS - TAXI,Going Straight Ahead,Not Entered,West,Gas,2014,NY,1,8,CHEVR
38752,2015,PICKUP TRUCK,PASSENGER OR SUBURBAN,Going Straight Ahead,Not Entered,East,Gas,2004,NY,1,8,CHEVR
38753,2015,4 DOOR SEDAN,PASSENGER OR SUBURBAN,Stopped in Traffic,Not Entered,East,Gas,2002,NY,2,6,CHEVR
38754,2015,PICKUP TRUCK,PASSENGER OR SUBURBAN,Stopped in Traffic,Not Entered,West,Gas,2003,NY,1,8,CHEVR
38755,2015,4 DOOR SEDAN,PASSENGER OR SUBURBAN,Parked,Not Entered,East,Gas,2012,NY,1,4,CHEVR
38756,2015,4 DOOR SEDAN,PASSENGER OR SUBURBAN,Going Straight Ahead,Not Entered,East,Gas,2003,NY,1,6,CHEVR
38757,2015,PICKUP TRUCK,COMMERCIAL,Parked,Not Entered,Southwest,Gas,2000,NY,0,8,CHEVR
38758,2015,4 DOOR SEDAN,PASSENGER OR SUBURBAN,Parked,Not Entered,West,Gas,2008,NY,0,4,CHEVR
38759,2015,4 DOOR SEDAN,PASSENGER OR SUBURBAN,Stopped in Traffic,Not Entered,North,Gas,2014,NY,1,4,CHEVR
38760,2015,SUBURBAN,OMNIBUS - LIVERY,Making Left Turn,Not Entered,North,Gas,2008,NY,2,6,CHEVR
38761,2015,SUBURBAN,PASSENGER OR SUBURBAN,Going Straight Ahead,Not Entered,East,Gas,2004,NY,1,6,CHEVR
38762,2015,VAN TRUCK,COMMERCIAL,Going Straight Ahead,Not Entered,South,Gas,2002,NY,1,8,CHEVR
38763,2015,4 DOOR SEDAN,PASSENGER OR SUBURBAN,Going Straight Ahead,Not Entered,East,Gas,2003,NY,2,6,CHEVR
38764,2015,PICKUP TRUCK,PASSENGER OR SUBURBAN,Parked,Not Entered,South,Gas,2014,NY,0,8,CHEVR
38765,2015,4 DOOR SEDAN,PASSENGER OR SUBURBAN,Making Right Turn,Not Entered,Southwest,Gas,2012,NY,1,6,CHEVR
38766,2015,SUBURBAN,PASSENGER OR SUBURBAN,Making Left Turn,Not Entered,Northeast,Gas,2007,NY,1,6,CHEVR
38767,2015,PICKUP TRUCK,PASSENGER OR SUBURBAN,Going Straight Ahead,Not Entered,North,Gas,2005,NY,1,5,CHEVR
38768,2015,SUBURBAN,PASSENGER OR SUBURBAN,Backing,Not Entered,East,Gas,2005,NY,1,8,CHEVR
38769,2015,4 DOOR SEDAN,PASSENGER OR SUBURBAN,Parked,Not Entered,East,Gas,2007,NY,0,4,CHEVR
38770,2015,4 DOOR SEDAN,PASSENGER OR SUBURBAN,Going Straight Ahead,Not Entered,Unknown,Gas,2014,NY,1,4,CHEVR
38771,2015,2 DOOR SEDAN,SPECIAL PASSENGER,Going Straight Ahead,Not Entered,West,Gas,2010,NY,3,8,CHEVR
38772,2015,SUBURBAN,PASSENGER OR SUBURBAN,Going Straight Ahead,Not Entered,East,Gas,2012,NY,1,4,CHEVR
38773,2015,PICKUP TRUCK,PASSENGER OR SUBURBAN,Going Straight Ahead,Not Entered,South,Gas,2012,NY,1,8,CHEVR
38774,2015,SUBURBAN,PASSENGER OR SUBURBAN,Stopped in Traffic,Not Entered,North,Gas,2014,NY,1,4,CHEVR
38775,2015,DUMP,AGRICULTURAL TRUCK,Making Left Turn,Not Entered,South,Diesel,2004,NY,3,8,CHEVR
38776,2015,4 DOOR SEDAN,PASSENGER OR SUBURBAN,Going Straight Ahead,Not Entered,South,Gas,2013,NY,1,4,CHEVR
38777,2015,VAN TRUCK,AGRICULTURAL TRUCK,Slowing or Stopping,Not Entered,South,Gas,2014,NY,1,6,CHEVR
38778,2014,SUBURBAN,PASSENGER OR SUBURBAN,Going Straight Ahead,Not Entered,East,Gas,2003,NY,3,6,CHEVR
38779,2015,2 DOOR SEDAN,PASSENGER OR SUBURBAN,Merging,Not Entered,North,Gas,2001,NY,1,4,CHEVR
38780,2015,4 DOOR SEDAN,PASSENGER OR SUBURBAN,Going Straight Ahead,Not Entered,South,Gas,2004,NY,2,6,CHEVR
38781,2015,4 DOOR SEDAN,PASSENGER OR SUBURBAN,Going Straight Ahead,Not Entered,South,Gas,2007,NY,1,4,CHEVR
38782,2015,4 DOOR SEDAN,PASSENGER OR SUBURBAN,Making Left Turn,Not Entered,West,Gas,2015,NY,1,4,CHEVR
38783,2015,SUBURBAN,PASSENGER OR SUBURBAN,Changing Lanes,Not Entered,Southeast,Gas,2007,NY,1,8,CHEVR
38784,2015,SUBURBAN,PASSENGER OR SUBURBAN,Going Straight Ahead,Not Entered,West,Gas,2008,NY,1,4,CHEVR
38785,2015,4 DOOR SEDAN,PASSENGER OR SUBURBAN,Going Straight Ahead,Not Entered,South,Gas,2001,NY,,6,CHEVR
38786,2015,4 DOOR SEDAN,PASSENGER OR SUBURBAN,Entering Parked Position,Not Entered,East,Gas,2014,NY,,4,CHEVR
38787,2014,SUBURBAN,PASSENGER OR SUBURBAN,Going Straight Ahead,Not Entered,East,Gas,1997,NY,3,6,CHEVR
38788,2014,PICKUP TRUCK,COMMERCIAL,Going Straight Ahead,Not Entered,East,Gas,2015,NY,1,8,CHEVR
38789,2014,4 DOOR SEDAN,PASSENGER OR SUBURBAN,Changing Lanes,Not Entered,East,Gas,2002,NY,1,6,CHEVR
38790,2014,PICKUP TRUCK,AGRICULTURAL TRUCK,Making Right Turn,Not Entered,West,Gas,2002,NY,1,8,CHEVR
38791,2014,SUBURBAN,PASSENGER OR SUBURBAN,Going Straight Ahead,Not Entered,East,Gas,2003,NY,1,6,CHEVR
38792,2015,PICKUP TRUCK,ORGANIZATIONAL COMMERCIAL,Backing,Not Entered,West,Gas,2013,NY,1,8,CHEVR
38793,2015,PICKUP TRUCK,COMMERCIAL,Going Straight Ahead,Not Entered,South,Gas,2005,NY,1,8,CHEVR
38794,2015,PICKUP TRUCK,PASSENGER OR SUBURBAN,Going Straight Ahead,Not Entered,South,Gas,2003,NY,1,8,CHEVR
38795,2015,4 DOOR SEDAN,PASSENGER OR SUBURBAN,Slowing or Stopping,Not Entered,East,Gas,2013,NY,1,4,CHEVR
38796,2015,4 DOOR SEDAN,PASSENGER OR SUBURBAN,Unknown,Not Entered,East,Gas,2004,NY,1,4,CHEVR
38797,2015,4 DOOR SEDAN,PASSENGER OR SUBURBAN,Going Straight Ahead,Not Entered,West,Gas,2009,NY,1,4,CHEVR
38798,2015,SUBURBAN,PASSENGER OR SUBURBAN,Going Straight Ahead,Not Entered,East,Gas,2007,NY,2,4,CHEVR
38799,2015,PICKUP TRUCK,PASSENGER OR SUBURBAN,Going Straight Ahead,Not Entered,East,Gas,1990,NY,1,8,CHEVR
38800,2015,4 DOOR SEDAN,PASSENGER OR SUBURBAN,Going Straight Ahead,Not Entered,North,Gas,2009,NY,1,6,CHEVR
38801,2015,SUBURBAN,PASSENGER OR SUBURBAN,Going Straight Ahead,Not Entered,North,Gas,2004,NY,1,6,CHEVR
38802,2015,4 DOOR SEDAN,PASSENGER OR SUBURBAN,Going Straight Ahead,Not Entered,North,Gas,2005,NY,1,4,CHEVR
38803,2015,SUBURBAN,PASSENGER OR SUBURBAN,Slowing or Stopping,Not Entered,East,Gas,2007,NY,1,8,CHEVR
38804,2015,4 DOOR SEDAN,PASSENGER OR SUBURBAN,Going Straight Ahead,Not Entered,North,Gas,2012,NY,1,4,CHEVR
38805,2015,PICKUP TRUCK,COMMERCIAL,Going Straight Ahead,Not Entered,South,Gas,2003,NY,3,8,CHEVR
38806,2015,SUBURBAN,PASSENGER OR SUBURBAN,Going Straight Ahead,Not Entered,West,Gas,2006,NY,2,8,CHEVR
38807,2015,PICKUP TRUCK,COMMERCIAL,Going Straight Ahead,Not Entered,North,Gas,2007,NY,1,8,CHEVR
38808,2014,4 DOOR SEDAN,PASSENGER OR SUBURBAN,Going Straight Ahead,Not Entered,West,Gas,2009,NY,1,4,CHEVR