Case Num,Year,Vehicle Body Type,Registration Class,Action Prior to Accident,Type / Axles of Truck or Bus,Direction of Travel,Fuel Type,Vehicle Year,State of Registration,Number of Occupants,Engine Cylinders,Vehicle Make
38809,2014,2 DOOR SEDAN,PASSENGER OR SUBURBAN,Going Straight Ahead,Not Entered,North,Gas,2006,NY,1,6,CHEVR
38810,2014,4 DOOR SEDAN,PASSENGER OR SUBURBAN,Going Straight Ahead,Not Entered,East,Gas,2006,NY,1,4,CHEVR
38811,2014,4 DOOR SEDAN,PASSENGER OR SUBURBAN,Going Straight Ahead,Not Entered,East,Gas,2001,NY,1,6,CHEVR
38812,2014,2 DOOR SEDAN,PASSENGER OR SUBURBAN,Going Straight Ahead,Not Entered,East,Gas,2009,NY,1,4,CHEVR
38813,2014,4 DOOR SEDAN,PASSENGER OR SUBURBAN,Going Straight Ahead,Not Entered,East,Gas,2006,NY,1,6,CHEVR
38814,2014,SUBURBAN,PASSENGER OR SUBURBAN,Going Straight Ahead,Not Entered,East,Gas,2003,NY,1,6,CHEVR
38815,2014,PICKUP TRUCK,PASSENGER OR SUBURBAN,Changing Lanes,Not Entered,West,Gas,1999,NY,1,8,CHEVR
38816,2014,PICKUP TRUCK,COMMERCIAL,Going Straight Ahead,Not Entered,West,Gas,2011,NY,1,8,CHEVR
38817,2014,PICKUP TRUCK,PASSENGER OR SUBURBAN,Going Straight Ahead,Not Entered,Southeast,Gas,2014,NY,1,8,CHEVR
38818,2014,4 DOOR SEDAN,PASSENGER OR SUBURBAN,Going Straight Ahead,Not Entered,North,Gas,2010,NY,1,6,CHEVR
38819,2014,SUBURBAN,PASSENGER OR SUBURBAN,Going Straight Ahead,Not Entered,Southwest,Gas,2006,NY,2,6,CHEVR
38820,2014,4 DOOR SEDAN,PASSENGER OR SUBURBAN,Other,Not Entered,North,Gas,2009,NY,1,4,CHEVR
38821,2014,PICKUP TRUCK,COMMERCIAL,Avoiding Object in Roadway,Not Entered,West,Gas,2000,NY,1,6,CHEVR
38822,2014,4 DOOR SEDAN,PASSENGER OR SUBURBAN,Slowing or Stopping,Not Entered,South,Gas,1995,NY,1,8,CHEVR
38823,2014,PICKUP TRUCK,PASSENGER OR SUBURBAN,Going Straight Ahead,Not Entered,East,Gas,2012,NY,1,5,CHEVR
38824,2014,SUBURBAN,OMNIBUS - LIVERY,Going Straight Ahead,Not Entered,West,Gas,2008,NY,2,6,CHEVR
38825,2014,4 DOOR SEDAN,PASSENGER OR SUBURBAN,Going Straight Ahead,Not Entered,North,Gas,2008,NY,1,4,CHEVR
38826,2014,PICKUP TRUCK,COMMERCIAL,Going Straight Ahead,Not Entered,East,Gas,2005,NY,2,8,CHEVR
38827,2014,2 DOOR SEDAN,PASSENGER OR SUBURBAN,Going Straight Ahead,Not Entered,South,Gas,2003,NY,1,4,CHEVR
38828,2014,PICKUP TRUCK,PASSENGER OR SUBURBAN,Slowing or Stopping,Not Entered,South,Gas,2005,NY,1,8,CHEVR
38829,2015,4 DOOR SEDAN,PASSENGER OR SUBURBAN,Going Straight Ahead,Not Entered,West,Gas,2011,NY,1,4,CHEVR
38830,2015,4 DOOR SEDAN,PASSENGER OR SUBURBAN,Going Straight Ahead,Not Entered,North,Gas,2011,NY,1,4,CHEVR
38831,2015,4 DOOR SEDAN,PASSENGER OR SUBURBAN,Going Straight Ahead,Not Entered,South,Gas,2009,NY,2,4,CHEVR
38832,2015,4 DOOR SEDAN,PASSENGER OR SUBURBAN,Changing Lanes,Not Entered,North,Gas,1982,NY,1,6,CHEVR
38833,2015,4 DOOR SEDAN,PASSENGER OR SUBURBAN,Going Straight Ahead,Not Entered,East,Gas,2010,NY,1,6,CHEVR
38834,2015,SUBURBAN,PASSENGER OR SUBURBAN,Changing Lanes,Not Entered,Unknown,Gas,2004,NY,1,6,CHEVR
38835,2015,4 DOOR SEDAN,OMNIBUS - TAXI,Starting in Traffic,Not Entered,South,Gas,2013,NY,1,4,CHEVR
38836,2014,PICKUP TRUCK,PASSENGER OR SUBURBAN,Backing,Not Entered,East,Gas,2011,NY,1,8,CHEVR
38837,2014,4 DOOR SEDAN,PASSENGER OR SUBURBAN,Making Left Turn,Not Entered,Southwest,Gas,2010,NY,1,4,CHEVR
38838,2015,4 DOOR SEDAN,PASSENGER OR SUBURBAN,Going Straight Ahead,Not Entered,West,Gas,2001,NY,1,6,CHEVR
38839,2014,4 DOOR SEDAN,SPECIAL PASSENGER,Going Straight Ahead,Not Entered,North,Gas,2011,NY,2,6,CHEVR
38840,2015,4 DOOR SEDAN,PASSENGER OR SUBURBAN,Going Straight Ahead,Not Entered,Southeast,Gas,2011,NY,1,4,CHEVR
38841,2015,4 DOOR SEDAN,PASSENGER OR SUBURBAN,Going Straight Ahead,Not Entered,South,Gas,2012,NY,6,4,CHEVR
38842,2015,SUBURBAN,PASSENGER OR SUBURBAN,Parked,Not Entered,East,Gas,2013,NY,0,8,CHEVR
38843,2015,SUBURBAN,PASSENGER OR SUBURBAN,Going Straight Ahead,Not Entered,South,Gas,1995,NY,1,8,CHEVR
38844,2015,4 DOOR SEDAN,PASSENGER OR SUBURBAN,Going Straight Ahead,Not Entered,West,Gas,2002,NY,1,6,CHEVR
38845,2015,2 DOOR SEDAN,PASSENGER OR SUBURBAN,Going Straight Ahead,Not Entered,West,Gas,2001,NY,2,4,CHEVR
38846,2015,4 DOOR SEDAN,PASSENGER OR SUBURBAN,Going Straight Ahead,Not Entered,West,Gas,2009,NY,1,4,CHEVR
38847,2015,4 DOOR SEDAN,PASSENGER OR SUBURBAN,Going Straight Ahead,Not Entered,North,Gas,2009,NY,1,6,CHEVR
38848,2015,4 DOOR SEDAN,PASSENGER OR SUBURBAN,Going Straight Ahead,Not Entered,South,Gas,2013,NY,1,4,CHEVR
38849,2015,4 DOOR SEDAN,PASSENGER OR SUBURBAN,Making Left Turn,Not Entered,West,Gas,1998,NY,1,4,CHEVR
38850,2015,4 DOOR SEDAN,PASSENGER OR SUBURBAN,Going Straight Ahead,Not Entered,North,Gas,2004,NY,1,4,CHEVR
38851,2015,4 DOOR SEDAN,PASSENGER OR SUBURBAN,Going Straight Ahead,Not Entered,North,Gas,2013,NY,1,4,CHEVR
38852,2015,4 DOOR SEDAN,PASSENGER OR SUBURBAN,Starting in Traffic,Not Entered,South,Gas,2005,NY,2,6,CHEVR
38853,2015,PICKUP TRUCK,PASSENGER OR SUBURBAN,Going Straight Ahead,Not Entered,East,Gas,2001,NY,1,6,CHEVR
38854,2015,SUBURBAN,PASSENGER OR SUBURBAN,Going Straight Ahead,Not Entered,West,Gas,2007,NY,1,6,CHEVR
38855,2015,SUBURBAN,PASSENGER OR SUBURBAN,Making Left Turn,Not Entered,North,Gas,1997,NY,2,8,CHEVR
38856,2014,SUBURBAN,SPECIAL PASSENGER,Slowing or Stopping,Not Entered,Northeast,Gas,2010,NY,3,4,CHEVR
38857,2014,4 DOOR SEDAN,PASSENGER OR SUBURBAN,Other,Not Entered,South,Gas,2001,NY,1,6,CHEVR
38858,2014,SUBURBAN,PASSENGER OR SUBURBAN,Going Straight Ahead,Not Entered,West,Gas,2006,NY,1,4,CHEVR
38859,2014,SUBURBAN,PASSENGER OR SUBURBAN,Slowing or Stopping,Not Entered,West,Gas,2009,NY,2,6,CHEVR
38860,2015,2 DOOR SEDAN,PASSENGER OR SUBURBAN,Making Left Turn,Not Entered,North,Gas,2007,NY,1,4,CHEVR
38861,2015,PICKUP TRUCK,COMMERCIAL,Making Left Turn,Not Entered,Northwest,Gas,2006,NY,2,8,CHEVR
38862,2015,SUBURBAN,PASSENGER OR SUBURBAN,Making Right Turn,Not Entered,Northwest,Gas,2011,NY,1,8,CHEVR
38863,2015,4 DOOR SEDAN,PASSENGER OR SUBURBAN,Making Left Turn,Not Entered,Northeast,Gas,2004,NY,1,6,CHEVR
38864,2015,SUBURBAN,PASSENGER OR SUBURBAN,Making Right Turn,Not Entered,West,Gas,2012,NY,1,8,CHEVR
38865,2015,4 DOOR SEDAN,PASSENGER OR SUBURBAN,Making Left Turn,Not Entered,Northwest,Gas,2009,NY,2,4,CHEVR
38866,2015,4 DOOR SEDAN,HAM OPERATOR,Making Left Turn,Not Entered,Southwest,Gas,2010,NY,1,4,CHEVR
38867,2015,PICKUP TRUCK,COMMERCIAL,Making Right Turn,Not Entered,Northeast,Gas,2007,NY,1,8,CHEVR
38868,2014,PICKUP TRUCK,COMMERCIAL,Making Right Turn,Not Entered,West,Gas,2007,NY,1,8,CHEVR
38869,2014,4 DOOR SEDAN,PASSENGER OR SUBURBAN,Making Right Turn,Not Entered,North,Gas,2003,NY,3,6,CHEVR
38870,2014,2 DOOR SEDAN,PASSENGER OR SUBURBAN,Making Left Turn,Not Entered,Northwest,Gas,2001,NY,1,4,CHEVR
38871,2014,2 DOOR SEDAN,PASSENGER OR SUBURBAN,Making Left Turn,Not Entered,Southwest,Gas,2007,NY,2,6,CHEVR
38872,2015,SUBURBAN,PASSENGER OR SUBURBAN,Going Straight Ahead,Not Entered,West,Gas,2006,NY,1,6,CHEVR
38873,2015,SUBURBAN,PASSENGER OR SUBURBAN,Changing Lanes,Not Entered,South,Gas,2003,NY,3,8,CHEVR
38874,2015,4 DOOR SEDAN,PASSENGER OR SUBURBAN,Going Straight Ahead,Not Entered,North,Gas,2002,NY,1,6,CHEVR
38875,2014,4 DOOR SEDAN,PASSENGER OR SUBURBAN,Changing Lanes,Not Entered,East,Gas,2010,NY,1,4,CHEVR
38876,2014,4 DOOR SEDAN,PASSENGER OR SUBURBAN,Going Straight Ahead,Not Entered,West,Gas,2013,NY,1,4,CHEVR
38877,2014,SUBURBAN,PASSENGER OR SUBURBAN,Changing Lanes,Not Entered,North,Gas,2004,NY,2,6,CHEVR
38878,2015,PICKUP TRUCK,AGRICULTURAL TRUCK,Going Straight Ahead,Not Entered,North,Gas,2013,NY,1,8,CHEVR
38879,2015,SUBURBAN,PASSENGER OR SUBURBAN,Going Straight Ahead,Not Entered,East,Gas,2001,NY,10,8,CHEVR
38880,2015,SUBURBAN,PASSENGER OR SUBURBAN,Going Straight Ahead,Not Entered,South,Gas,2005,NY,2,4,CHEVR
38881,2015,SUBURBAN,PASSENGER OR SUBURBAN,Going Straight Ahead,Not Entered,West,Gas,2004,NY,1,6,CHEVR
38882,2015,SUBURBAN,PASSENGER OR SUBURBAN,Going Straight Ahead,Not Entered,East,Gas,2004,NY,1,6,CHEVR
38883,2015,SUBURBAN,PASSENGER OR SUBURBAN,Going Straight Ahead,Not Entered,South,Gas,2009,NY,1,8,CHEVR
38884,2015,4 DOOR SEDAN,PASSENGER OR SUBURBAN,Going Straight Ahead,Not Entered,East,Gas,2007,NY,4,6,CHEVR
38885,2015,4 DOOR SEDAN,PASSENGER OR SUBURBAN,Going Straight Ahead,Not Entered,West,Gas,2005,NY,2,4,CHEVR
38886,2014,4 DOOR SEDAN,PASSENGER OR SUBURBAN,Going Straight Ahead,Not Entered,South,Gas,2008,NY,3,6,CHEVR
38887,2014,4 DOOR SEDAN,PASSENGER OR SUBURBAN,Going Straight Ahead,Not Entered,East,Gas,2001,NY,1,6,CHEVR
38888,2014,PICKUP TRUCK,COMMERCIAL,Going Straight Ahead,Not Entered,South,Gas,2003,NY,1,8,CHEVR
38889,2014,4 DOOR SEDAN,PASSENGER OR SUBURBAN,Going Straight Ahead,Not Entered,East,Gas,2012,NY,1,4,CHEVR
38890,2014,SUBURBAN,PASSENGER OR SUBURBAN,Going Straight Ahead,Not Entered,East,Gas,2012,NY,2,4,CHEVR
38891,2014,4 DOOR SEDAN,PASSENGER OR SUBURBAN,Going Straight Ahead,Not Entered,West,Gas,2011,NY,2,4,CHEVR
38892,2014,4 DOOR SEDAN,PASSENGER OR SUBURBAN,Going Straight Ahead,Not Entered,South,Gas,2012,NY,1,4,CHEVR
38893,2014,SUBURBAN,PASSENGER OR SUBURBAN,Going Straight Ahead,Not Entered,East,Gas,2004,NY,1,8,CHEVR
38894,2014,4 DOOR SEDAN,PASSENGER OR SUBURBAN,Slowing or Stopping,Not Entered,East,Gas,2009,NY,3,4,CHEVR
38895,2014,VAN TRUCK,AGRICULTURAL TRUCK,Changing Lanes,Not Entered,West,Gas,2006,NY,1,8,CHEVR
38896,2014,PICKUP TRUCK,PASSENGER OR SUBURBAN,Going Straight Ahead,Not Entered,West,Gas,2006,NY,1,8,CHEVR
38897,2015,4 DOOR SEDAN,PASSENGER OR SUBURBAN,Making Right Turn,Not Entered,Northwest,Gas,2010,NY,1,4,CHEVR
38898,2015,PICKUP TRUCK,PASSENGER OR SUBURBAN,Making Right Turn,Not Entered,Southeast,Gas,2005,NY,2,6,CHEVR
38899,2015,4 DOOR SEDAN,PASSENGER OR SUBURBAN,Starting from Parking,Not Entered,Southwest,Gas,2009,NY,1,4,CHEVR
38900,2015,SUBURBAN,PASSENGER OR SUBURBAN,Going Straight Ahead,Not Entered,North,Gas,2005,NY,1,6,CHEVR
38901,2015,4 DOOR SEDAN,PASSENGER OR SUBURBAN,Backing,Not Entered,South,Gas,2011,NY,1,6,CHEVR
38902,2014,PICKUP TRUCK,COMMERCIAL,Making Left Turn,Not Entered,South,Gas,2007,NY,1,8,CHEVR
38903,2014,PICKUP TRUCK,COMMERCIAL,Changing Lanes,Not Entered,Northeast,Gas,1995,NY,1,8,CHEVR
38904,2014,PICKUP TRUCK,COMMERCIAL,Going Straight Ahead,Not Entered,West,Gas,2001,NY,1,8,CHEVR
38905,2014,PICKUP TRUCK,COMMERCIAL,Going Straight Ahead,Not Entered,East,Gas,2011,NY,1,8,CHEVR
38906,2014,4 DOOR SEDAN,PASSENGER OR SUBURBAN,Going Straight Ahead,Not Entered,North,Gas,2013,NY,2,4,CHEVR
38907,2014,2 DOOR SEDAN,PASSENGER OR SUBURBAN,Going Straight Ahead,Not Entered,South,Gas,1999,NY,1,6,CHEVR
38908,2014,VAN TRUCK,AGRICULTURAL TRUCK,Parked,Not Entered,North,Gas,1999,NY,1,8,CHEVR
38909,2014,2 DOOR SEDAN,PASSENGER OR SUBURBAN,Going Straight Ahead,Not Entered,East,Gas,2000,NY,1,6,CHEVR
38910,2015,SUBURBAN,Not Entered,Going Straight Ahead,Not Entered,South,Not Entered,2012,NY,1,,CHRYS
38911,2015,4 DOOR SEDAN,Not Entered,Backing,Not Entered,East,Not Entered,2004,CT,1,,CHRYS
38912,2015,SUBURBAN,Not Entered,Changing Lanes,Not Entered,North,Not Entered,2005,NY,2,,CHRYS
38913,2014,SUBURBAN,Not Entered,Making Right Turn,Not Entered,East,Not Entered,1999,NY,2,,CHRYS
38914,2015,SUBURBAN,Not Entered,Making Right Turn,Not Entered,West,Not Entered,2007,NY,2,,CHRYS
38915,2015,SUBURBAN,Not Entered,Merging,Not Entered,East,Not Entered,2014,FL,1,,CHRYS
38916,2014,TAXI,Not Entered,Overtaking/Passing,Not Entered,West,Not Entered,2006,NY,1,,CHRYS
38917,2015,SUBURBAN,Not Entered,Going Straight Ahead,Not Entered,Northeast,Not Entered,2010,NY,1,,CHRYS
38918,2015,4 DOOR SEDAN,PASSENGER OR SUBURBAN,Police Pursuit,Not Entered,North,Gas,2013,NY,1,4,CHRYS
38919,2015,4 DOOR SEDAN,PASSENGER OR SUBURBAN,Going Straight Ahead,Not Entered,East,Gas,2009,NY,1,6,CHRYS
38920,2015,SUBURBAN,PASSENGER OR SUBURBAN,Going Straight Ahead,Not Entered,West,Gas,2014,NY,3,6,CHRYS
38921,2015,SUBURBAN,OMNIBUS - TAXI,Going Straight Ahead,Not Entered,East,Gas,2007,NY,1,6,CHRYS
38922,2015,SUBURBAN,PASSENGER OR SUBURBAN,Going Straight Ahead,Not Entered,East,Gas,2005,NY,2,6,CHRYS
38923,2015,4 DOOR SEDAN,PASSENGER OR SUBURBAN,Backing,Not Entered,West,Gas,2007,NY,1,6,CHRYS
38924,2015,SUBURBAN,SPECIAL PASSENGER,Backing,Not Entered,South,Gas,2005,NY,2,6,CHRYS
38925,2014,SUBURBAN,PASSENGER OR SUBURBAN,Backing,Not Entered,South,Gas,2007,NY,1,6,CHRYS
38926,2014,SUBURBAN,PASSENGER OR SUBURBAN,Backing,Not Entered,South,Gas,2005,NY,3,6,CHRYS
38927,2015,SUBURBAN,PASSENGER OR SUBURBAN,Going Straight Ahead,Not Entered,South,Gas,2010,NY,1,6,CHRYS
38928,2015,4 DOOR SEDAN,PASSENGER OR SUBURBAN,Backing,Not Entered,South,Gas,2015,NY,1,4,CHRYS
38929,2015,SUBURBAN,PASSENGER OR SUBURBAN,Slowing or Stopping,Not Entered,South,Gas,2012,NY,2,6,CHRYS
38930,2015,4 DOOR SEDAN,PASSENGER OR SUBURBAN,Making Left Turn,Not Entered,Unknown,Gas,2015,NY,,6,CHRYS
38931,2014,CONVERTIBLE,PASSENGER OR SUBURBAN,Going Straight Ahead,Not Entered,East,Gas,2004,NY,1,6,CHRYS
38932,2015,SUBURBAN,PASSENGER OR SUBURBAN,Backing,Not Entered,South,Gas,2003,NY,1,6,CHRYS
38933,2015,SUBURBAN,PASSENGER OR SUBURBAN,Other,Not Entered,West,Gas,2014,NY,1,6,CHRYS
38934,2015,4 DOOR SEDAN,PASSENGER OR SUBURBAN,Making Left Turn,Not Entered,Northeast,Gas,2007,NY,2,4,CHRYS
38935,2015,2 DOOR SEDAN,PASSENGER OR SUBURBAN,Making U Turn,Not Entered,East,Gas,1999,NY,1,6,CHRYS
38936,2015,CONVERTIBLE,PASSENGER OR SUBURBAN,Making Left Turn,Not Entered,Southeast,Gas,2010,NY,1,6,CHRYS
38937,2015,SUBURBAN,OMNIBUS - LIVERY,Making Left Turn,Not Entered,Southwest,Gas,2006,NY,2,6,CHRYS
38938,2015,4 DOOR SEDAN,PASSENGER OR SUBURBAN,Making Left Turn,Not Entered,East,Gas,2013,NY,1,4,CHRYS
38939,2015,SUBURBAN,PASSENGER OR SUBURBAN,Making Left Turn,Not Entered,South,Gas,2003,NY,1,6,CHRYS
38940,2014,SUBURBAN,PASSENGER OR SUBURBAN,Making Left Turn,Not Entered,Northeast,Gas,2012,NY,3,6,CHRYS
38941,2014,SUBURBAN,PASSENGER OR SUBURBAN,Changing Lanes,Not Entered,West,Gas,2003,NY,2,6,CHRYS
38942,2015,4 DOOR SEDAN,PASSENGER OR SUBURBAN,Changing Lanes,Not Entered,East,Gas,2015,NY,1,4,CHRYS
38943,2015,4 DOOR SEDAN,PASSENGER OR SUBURBAN,Going Straight Ahead,Not Entered,East,Gas,2007,NY,1,4,CHRYS
38944,2015,4 DOOR SEDAN,PASSENGER OR SUBURBAN,Going Straight Ahead,Not Entered,North,Gas,2014,NY,1,6,CHRYS
38945,2015,SUBURBAN,PASSENGER OR SUBURBAN,Slowing or Stopping,Not Entered,South,Gas,2002,NY,1,6,CHRYS
38946,2015,SUBURBAN,PASSENGER OR SUBURBAN,Going Straight Ahead,Not Entered,South,Gas,2004,NY,3,6,CHRYS
38947,2015,4 DOOR SEDAN,PASSENGER OR SUBURBAN,Going Straight Ahead,Not Entered,North,Gas,2004,NY,1,6,CHRYS
38948,2015,SUBURBAN,PASSENGER OR SUBURBAN,Slowing or Stopping,Not Entered,Northwest,Gas,2001,NY,1,6,CHRYS
38949,2015,4 DOOR SEDAN,PASSENGER OR SUBURBAN,Starting in Traffic,Not Entered,Southwest,Gas,2001,NY,1,4,CHRYS
38950,2015,SUBURBAN,PASSENGER OR SUBURBAN,Going Straight Ahead,Not Entered,West,Gas,2007,NY,1,6,CHRYS
38951,2015,SUBURBAN,PASSENGER OR SUBURBAN,Going Straight Ahead,Not Entered,East,Gas,2014,NY,1,6,CHRYS
38952,2015,4 DOOR SEDAN,PASSENGER OR SUBURBAN,Starting in Traffic,Not Entered,South,Gas,2006,NY,1,6,CHRYS
38953,2015,SUBURBAN,PASSENGER OR SUBURBAN,Going Straight Ahead,Not Entered,West,Gas,2007,NY,2,6,CHRYS
38954,2015,SUBURBAN,PASSENGER OR SUBURBAN,Going Straight Ahead,Not Entered,East,Gas,2010,NY,1,6,CHRYS
38955,2015,4 DOOR SEDAN,PASSENGER OR SUBURBAN,Going Straight Ahead,Not Entered,East,Gas,2006,NY,1,8,CHRYS
38956,2015,SUBURBAN,PASSENGER OR SUBURBAN,Going Straight Ahead,Not Entered,North,Gas,2013,NY,6,6,CHRYS
38957,2015,SUBURBAN,PASSENGER OR SUBURBAN,Parked,Not Entered,North,Gas,2001,NY,0,4,CHRYS
38958,2015,SUBURBAN,PASSENGER OR SUBURBAN,Stopped in Traffic,Not Entered,West,Gas,2011,NY,2,6,CHRYS
38959,2015,SUBURBAN,PASSENGER OR SUBURBAN,Going Straight Ahead,Not Entered,South,Gas,2001,NY,1,4,CHRYS
38960,2015,SUBURBAN,PASSENGER OR SUBURBAN,Going Straight Ahead,Not Entered,North,Gas,2004,NY,1,6,CHRYS
38961,2015,4 DOOR SEDAN,PASSENGER OR SUBURBAN,Going Straight Ahead,Not Entered,West,Gas,2004,NY,1,6,CHRYS
38962,2015,SUBURBAN,PASSENGER OR SUBURBAN,Going Straight Ahead,Not Entered,East,Gas,2008,NY,1,8,CHRYS
38963,2015,SUBURBAN,PASSENGER OR SUBURBAN,Going Straight Ahead,Not Entered,East,Gas,2008,NY,2,6,CHRYS
38964,2015,SUBURBAN,PASSENGER OR SUBURBAN,Going Straight Ahead,Not Entered,West,Gas,2009,NY,1,4,CHRYS
38965,2015,SUBURBAN,PASSENGER OR SUBURBAN,Unknown,Not Entered,Unknown,Gas,2013,NY,1,6,CHRYS
38966,2015,CONVERTIBLE,PASSENGER OR SUBURBAN,Making Left Turn,Not Entered,East,Gas,2002,NY,1,6,CHRYS
38967,2015,SUBURBAN,PASSENGER OR SUBURBAN,Going Straight Ahead,Not Entered,South,Gas,2005,NY,2,4,CHRYS
38968,2015,SUBURBAN,PASSENGER OR SUBURBAN,Going Straight Ahead,Not Entered,North,Gas,2008,NY,1,6,CHRYS
38969,2015,CONVERTIBLE,PASSENGER OR SUBURBAN,Going Straight Ahead,Not Entered,West,Gas,2008,NY,1,6,CHRYS
38970,2015,4 DOOR SEDAN,PASSENGER OR SUBURBAN,Going Straight Ahead,Not Entered,North,Gas,2000,NY,2,6,CHRYS
38971,2015,SUBURBAN,PASSENGER OR SUBURBAN,Stopped in Traffic,Not Entered,Unknown,Gas,2009,NY,1,6,CHRYS
38972,2015,SUBURBAN,PASSENGER OR SUBURBAN,Making Right Turn,Not Entered,West,Gas,2008,NY,2,6,CHRYS
38973,2015,SUBURBAN,PASSENGER OR SUBURBAN,Stopped in Traffic,Not Entered,North,Gas,2009,NY,1,4,CHRYS
38974,2015,SUBURBAN,PASSENGER OR SUBURBAN,Going Straight Ahead,Not Entered,North,Gas,2001,NY,2,6,CHRYS
38975,2015,4 DOOR SEDAN,PASSENGER OR SUBURBAN,Slowing or Stopping,Not Entered,West,Gas,1996,NY,3,6,CHRYS
38976,2015,SUBURBAN,PASSENGER OR SUBURBAN,Going Straight Ahead,Not Entered,South,Gas,2005,NY,1,6,CHRYS
38977,2015,SUBURBAN,PASSENGER OR SUBURBAN,Going Straight Ahead,Not Entered,South,Gas,2005,NY,1,6,CHRYS
38978,2015,SUBURBAN,PASSENGER OR SUBURBAN,Going Straight Ahead,Not Entered,East,Gas,2003,NY,1,6,CHRYS
38979,2015,SUBURBAN,PASSENGER OR SUBURBAN,Slowing or Stopping,Not Entered,North,Gas,2010,NY,2,6,CHRYS
38980,2015,SUBURBAN,PASSENGER OR SUBURBAN,Going Straight Ahead,Not Entered,South,Gas,2005,NY,1,6,CHRYS
38981,2015,SUBURBAN,PASSENGER OR SUBURBAN,Other,Not Entered,North,Gas,2007,NY,2,6,CHRYS
38982,2015,SUBURBAN,PASSENGER OR SUBURBAN,Making Right Turn,Not Entered,Southeast,Gas,2015,NY,2,6,CHRYS
38983,2015,4 DOOR SEDAN,PASSENGER OR SUBURBAN,Going Straight Ahead,Not Entered,West,Gas,2005,NY,1,6,CHRYS
38984,2014,SUBURBAN,PASSENGER OR SUBURBAN,Going Straight Ahead,Not Entered,East,Gas,2002,NY,1,4,CHRYS
38985,2014,VAN TRUCK,PASSENGER OR SUBURBAN,Going Straight Ahead,Not Entered,West,Gas,2002,NY,1,6,CHRYS
38986,2015,SUBURBAN,PASSENGER OR SUBURBAN,Going Straight Ahead,Not Entered,South,Gas,2001,NY,5,6,CHRYS
38987,2014,4 DOOR SEDAN,PASSENGER OR SUBURBAN,Going Straight Ahead,Not Entered,South,Gas,2000,NY,1,6,CHRYS
38988,2015,SUBURBAN,SPECIAL PASSENGER,Making Right Turn,Not Entered,Northwest,Gas,2006,NY,1,6,CHRYS
38989,2015,4 DOOR SEDAN,PASSENGER OR SUBURBAN,Starting in Traffic,Not Entered,East,Gas,2013,NY,3,4,CHRYS
38990,2015,4 DOOR SEDAN,OMNIBUS - TAXI,Going Straight Ahead,Not Entered,West,Gas,2005,NY,1,8,CHRYS
38991,2014,SUBURBAN,PASSENGER OR SUBURBAN,Going Straight Ahead,Not Entered,North,Gas,2006,NY,1,6,CHRYS
38992,2014,SUBURBAN,PASSENGER OR SUBURBAN,Going Straight Ahead,Not Entered,North,Gas,2010,NY,1,6,CHRYS
38993,2014,SUBURBAN,PASSENGER OR SUBURBAN,Making Left Turn,Not Entered,East,Gas,2006,NY,1,4,CHRYS
38994,2015,4 DOOR SEDAN,PASSENGER OR SUBURBAN,Going Straight Ahead,Not Entered,South,Gas,1999,NY,1,6,CHRYS
38995,2015,4 DOOR SEDAN,PASSENGER OR SUBURBAN,Changing Lanes,Not Entered,West,Gas,2015,NY,1,6,CHRYS
38996,2015,SUBURBAN,OMNIBUS - TAXI,Going Straight Ahead,Not Entered,West,Gas,2013,NY,1,6,CHRYS
38997,2015,4 DOOR SEDAN,PASSENGER OR SUBURBAN,Going Straight Ahead,Not Entered,West,Gas,2010,NY,2,4,CHRYS
38998,2015,4 DOOR SEDAN,PASSENGER OR SUBURBAN,Going Straight Ahead,Not Entered,West,Gas,2014,NY,1,6,CHRYS
38999,2015,4 DOOR SEDAN,PASSENGER OR SUBURBAN,Going Straight Ahead,Not Entered,South,Gas,1999,NY,4,6,CHRYS
39000,2015,4 DOOR SEDAN,PASSENGER OR SUBURBAN,Going Straight Ahead,Not Entered,South,Gas,2002,NY,1,6,CHRYS
39001,2015,SUBURBAN,PASSENGER OR SUBURBAN,Going Straight Ahead,Not Entered,South,Gas,2008,NY,1,8,CHRYS
39002,2015,SUBURBAN,PASSENGER OR SUBURBAN,Going Straight Ahead,Not Entered,North,Gas,2001,NY,3,6,CHRYS
39003,2014,SUBURBAN,PASSENGER OR SUBURBAN,Going Straight Ahead,Not Entered,West,Gas,2004,NY,1,6,CHRYS
39004,2015,4 DOOR SEDAN,PASSENGER OR SUBURBAN,Making Left Turn,Not Entered,South,Gas,2015,NY,1,4,CHRYS
39005,2015,VAN TRUCK,AGRICULTURAL TRUCK,Making Left Turn,Not Entered,Southeast,Gas,2006,NY,1,4,CHRYS
39006,2015,4 DOOR SEDAN,PASSENGER OR SUBURBAN,Going Straight Ahead,Not Entered,North,Gas,1994,NY,2,6,CHRYS