Case Num,Year,Vehicle Body Type,Registration Class,Action Prior to Accident,Type / Axles of Truck or Bus,Direction of Travel,Fuel Type,Vehicle Year,State of Registration,Number of Occupants,Engine Cylinders,Vehicle Make
39007,2015,4 DOOR SEDAN,PASSENGER OR SUBURBAN,Going Straight Ahead,Not Entered,Northwest,Gas,2005,NY,2,4,CHRYS
39008,2015,4 DOOR SEDAN,PASSENGER OR SUBURBAN,Going Straight Ahead,Not Entered,West,Gas,2002,NY,2,6,CHRYS
39009,2015,SUBURBAN,PASSENGER OR SUBURBAN,Overtaking/Passing,Not Entered,West,Gas,2007,NY,2,4,CHRYS
39010,2015,SUBURBAN,PASSENGER OR SUBURBAN,Going Straight Ahead,Not Entered,South,Gas,2005,NY,2,6,CHRYS
39011,2014,CONVERTIBLE,PASSENGER OR SUBURBAN,Making Right Turn,Not Entered,West,Gas,2004,NY,5,6,CHRYS
39012,2014,SUBURBAN,PASSENGER OR SUBURBAN,Going Straight Ahead,Not Entered,East,Gas,2005,NY,1,6,CHRYS
39013,2014,4 DOOR SEDAN,PASSENGER OR SUBURBAN,Changing Lanes,Not Entered,North,Gas,2000,NY,1,6,CHRYS
39014,2014,4 DOOR SEDAN,PASSENGER OR SUBURBAN,Starting in Traffic,Not Entered,North,Gas,2005,NY,1,4,CHRYS
39015,2015,TRACTOR,Not Entered,Making Left Turn,Not Entered,East,Not Entered,2008,UN,1,,DEER
39016,2015,TRACTOR,Not Entered,Making Left Turn,Not Entered,North,Not Entered,1990,,1,,DEER
39017,2015,4 DOOR SEDAN,Not Entered,Going Straight Ahead,Not Entered,South,Not Entered,2008,NY,1,,DODGE
39018,2015,PICKUP TRUCK,Not Entered,Going Straight Ahead,Not Entered,West,Not Entered,2006,NY,1,,DODGE
39019,2014,PICKUP TRUCK,Not Entered,Entering Parked Position,Not Entered,East,Not Entered,2011,PA,2,,DODGE
39020,2015,PICKUP TRUCK,Not Entered,Slowing or Stopping,Not Entered,South,Not Entered,2008,LA,1,,DODGE
39021,2015,SUBURBAN,Not Entered,Going Straight Ahead,Not Entered,West,Not Entered,2014,NY,6,,DODGE
39022,2014,DELIVERY TRUCK,Not Entered,Going Straight Ahead,Not Entered,North,Not Entered,2009,NJ,1,,DODGE
39023,2014,VAN TRUCK,Not Entered,Going Straight Ahead,Not Entered,East,Not Entered,1996,VT,1,,DODGE
39024,2015,PICKUP TRUCK,Not Entered,Entering Parked Position,Not Entered,West,Not Entered,2015,NJ,1,,DODGE
39025,2015,SUBURBAN,Not Entered,Starting in Traffic,Not Entered,South,Not Entered,2003,NY,1,,DODGE
39026,2015,SUBURBAN,Not Entered,Slowing or Stopping,Not Entered,West,Not Entered,2002,OH,1,,DODGE
39027,2014,4 DOOR SEDAN,Not Entered,Making Right Turn,Not Entered,North,Not Entered,2004,NY,1,,DODGE
39028,2014,4 DOOR SEDAN,Not Entered,Going Straight Ahead,Not Entered,West,Not Entered,2007,IN,1,,DODGE
39029,2014,4 DOOR SEDAN,Not Entered,Going Straight Ahead,Not Entered,East,Not Entered,2004,IL,1,,DODGE
39030,2015,SUBURBAN,Not Entered,Making Left Turn,Not Entered,West,Not Entered,2010,NY,4,,DODGE
39031,2015,4 DOOR SEDAN,Not Entered,Going Straight Ahead,Not Entered,South,Not Entered,1998,PA,1,,DODGE
39032,2015,VAN TRUCK,Not Entered,Going Straight Ahead,Not Entered,North,Not Entered,1999,IL,2,,DODGE
39033,2015,PICKUP TRUCK,Not Entered,Going Straight Ahead,Not Entered,North,Not Entered,2011,ON,1,,DODGE
39034,2015,4 DOOR SEDAN,SPECIAL PASSENGER,Going Straight Ahead,Not Entered,South,Gas,2013,NY,1,6,DODGE
39035,2015,SUBURBAN,PASSENGER OR SUBURBAN,Going Straight Ahead,Not Entered,North,Gas,2005,NY,1,6,DODGE
39036,2015,SUBURBAN,PASSENGER OR SUBURBAN,Going Straight Ahead,Not Entered,South,Gas,2002,NY,1,8,DODGE
39037,2015,4 DOOR SEDAN,PASSENGER OR SUBURBAN,Going Straight Ahead,Not Entered,East,Gas,2008,NY,1,4,DODGE
39038,2015,PICKUP TRUCK,PASSENGER OR SUBURBAN,Going Straight Ahead,Not Entered,West,Gas,2001,NY,1,6,DODGE
39039,2015,PICKUP TRUCK,COMMERCIAL,Going Straight Ahead,Not Entered,South,Diesel,2003,NY,1,6,DODGE
39040,2015,4 DOOR SEDAN,OMNIBUS-SPECIAL (PRIVATE RENTAL),Going Straight Ahead,Not Entered,North,Gas,2015,NY,1,4,DODGE
39041,2015,SUBURBAN,PASSENGER OR SUBURBAN,Going Straight Ahead,Not Entered,West,Gas,2004,NY,1,8,DODGE
39042,2015,PICKUP TRUCK,COMMERCIAL,Going Straight Ahead,Not Entered,Southeast,Gas,2002,NY,1,8,DODGE
39043,2015,4 DOOR SEDAN,PASSENGER OR SUBURBAN,Going Straight Ahead,Not Entered,South,Gas,2004,NY,1,4,DODGE
39044,2015,SUBURBAN,PASSENGER OR SUBURBAN,Going Straight Ahead,Not Entered,Southeast,Gas,2002,NY,2,6,DODGE
39045,2015,PICKUP TRUCK,PASSENGER OR SUBURBAN,Going Straight Ahead,Not Entered,South,Gas,1994,NY,1,8,DODGE
39046,2015,SUBURBAN,PASSENGER OR SUBURBAN,Going Straight Ahead,Not Entered,East,Gas,2005,NY,1,4,DODGE
39047,2015,4 DOOR SEDAN,PASSENGER OR SUBURBAN,Going Straight Ahead,Not Entered,West,Gas,2011,NY,1,4,DODGE
39048,2015,PICKUP TRUCK,PASSENGER OR SUBURBAN,Going Straight Ahead,Not Entered,North,Gas,2008,NY,1,8,DODGE
39049,2015,4 DOOR SEDAN,PASSENGER OR SUBURBAN,Going Straight Ahead,Not Entered,Southeast,Gas,2008,NY,1,4,DODGE
39050,2015,PICKUP TRUCK,COMMERCIAL,Going Straight Ahead,Not Entered,East,Gas,2012,NY,1,8,DODGE
39051,2015,PICKUP TRUCK,PASSENGER OR SUBURBAN,Going Straight Ahead,Not Entered,East,Gas,1998,NY,1,8,DODGE
39052,2015,PICKUP TRUCK,AGRICULTURAL TRUCK,Going Straight Ahead,Not Entered,East,Diesel,2008,NY,1,6,DODGE
39053,2014,SUBURBAN,PASSENGER OR SUBURBAN,Going Straight Ahead,Not Entered,East,Gas,2010,NY,1,6,DODGE
39054,2015,SUBURBAN,PASSENGER OR SUBURBAN,Going Straight Ahead,Not Entered,West,Gas,2000,NY,1,8,DODGE
39055,2015,PICKUP TRUCK,PASSENGER OR SUBURBAN,Backing,Not Entered,North,Gas,2001,NY,1,8,DODGE
39056,2015,PICKUP TRUCK,COMMERCIAL,Backing,Not Entered,East,Gas,2012,NY,2,8,DODGE
39057,2015,SUBURBAN,PASSENGER OR SUBURBAN,Backing,Not Entered,West,Gas,2006,NY,1,6,DODGE
39058,2015,PICKUP TRUCK,PASSENGER OR SUBURBAN,Backing,Not Entered,East,Gas,2011,NY,1,8,DODGE
39059,2015,4 DOOR SEDAN,PASSENGER OR SUBURBAN,Backing,Not Entered,South,Gas,2010,NY,1,4,DODGE
39060,2015,SUBURBAN,PASSENGER OR SUBURBAN,Backing,Not Entered,South,Gas,2003,NY,1,8,DODGE
39061,2015,SUBURBAN,SPECIAL PASSENGER,Backing,Not Entered,East,Gas,2015,NY,1,6,DODGE
39062,2014,PICKUP TRUCK,PASSENGER OR SUBURBAN,Going Straight Ahead,Not Entered,West,Gas,2002,NY,1,8,DODGE
39063,2014,TOW TRUCK,TOW TRUCK,Merging,Not Entered,South,Diesel,2012,NY,1,6,DODGE
39064,2015,SUBURBAN,PASSENGER OR SUBURBAN,Going Straight Ahead,Not Entered,South,Gas,2008,NY,,6,DODGE
39065,2015,4 DOOR SEDAN,PASSENGER OR SUBURBAN,Going Straight Ahead,Not Entered,North,Gas,2015,NY,1,4,DODGE
39066,2015,SUBURBAN,PASSENGER OR SUBURBAN,Going Straight Ahead,Not Entered,South,Gas,2000,NY,4,4,DODGE
39067,2015,4 DOOR SEDAN,PASSENGER OR SUBURBAN,Making Left Turn,Not Entered,North,Gas,2014,NY,1,4,DODGE
39068,2015,PICKUP TRUCK,PASSENGER OR SUBURBAN,Going Straight Ahead,Not Entered,North,Gas,1992,NY,2,6,DODGE
39069,2015,PICKUP TRUCK,PASSENGER OR SUBURBAN,Going Straight Ahead,Not Entered,North,Gas,2002,NY,1,8,DODGE
39070,2015,SUBURBAN,PASSENGER OR SUBURBAN,Going Straight Ahead,Not Entered,West,Gas,2008,NY,1,6,DODGE
39071,2015,SUBURBAN,PASSENGER OR SUBURBAN,Starting in Traffic,Not Entered,North,Gas,2005,NY,1,6,DODGE
39072,2015,PICKUP TRUCK,PASSENGER OR SUBURBAN,Going Straight Ahead,Not Entered,West,Gas,2009,NY,1,8,DODGE
39073,2015,SUBURBAN,PASSENGER OR SUBURBAN,Backing,Not Entered,Southeast,Gas,2015,NY,1,6,DODGE
39074,2015,SUBURBAN,PASSENGER OR SUBURBAN,Going Straight Ahead,Not Entered,East,Gas,2015,NY,1,6,DODGE
39075,2015,SUBURBAN,PASSENGER OR SUBURBAN,Going Straight Ahead,Not Entered,South,Gas,2015,NY,1,6,DODGE
39076,2014,SUBURBAN,PASSENGER OR SUBURBAN,Overtaking/Passing,Not Entered,East,Gas,1999,NY,1,8,DODGE
39077,2014,PICKUP TRUCK,AGRICULTURAL TRUCK,Slowing or Stopping,Not Entered,East,Diesel,2006,NY,1,6,DODGE
39078,2014,PICKUP TRUCK,PASSENGER OR SUBURBAN,Going Straight Ahead,Not Entered,Northwest,Gas,2011,NY,1,8,DODGE
39079,2014,SUBURBAN,PASSENGER OR SUBURBAN,Making Left Turn,Not Entered,Northeast,Gas,2013,NY,1,6,DODGE
39080,2015,SUBURBAN,PASSENGER OR SUBURBAN,Going Straight Ahead,Not Entered,East,Gas,2004,NY,5,8,DODGE
39081,2014,4 DOOR SEDAN,PASSENGER OR SUBURBAN,Going Straight Ahead,Not Entered,East,Gas,2000,NY,1,4,DODGE
39082,2014,SUBURBAN,PASSENGER OR SUBURBAN,Going Straight Ahead,Not Entered,West,Gas,1999,NY,1,6,DODGE
39083,2015,PICKUP TRUCK,PASSENGER OR SUBURBAN,Going Straight Ahead,Not Entered,South,Gas,2012,NY,2,8,DODGE
39084,2015,PICKUP TRUCK,PASSENGER OR SUBURBAN,Making Right Turn,Not Entered,South,Gas,1998,NY,1,6,DODGE
39085,2014,4 DOOR SEDAN,PASSENGER OR SUBURBAN,Going Straight Ahead,Not Entered,South,Gas,2002,NY,1,4,DODGE
39086,2015,SUBURBAN,SPECIAL PASSENGER,Making Left Turn,Not Entered,West,Gas,2012,NY,1,6,DODGE
39087,2015,SUBURBAN,PASSENGER OR SUBURBAN,Starting in Traffic,Not Entered,South,Gas,2001,NY,1,8,DODGE
39088,2015,SUBURBAN,PASSENGER OR SUBURBAN,Making Left Turn,Not Entered,Southeast,Gas,2012,NY,1,6,DODGE
39089,2015,4 DOOR SEDAN,PASSENGER OR SUBURBAN,Going Straight Ahead,Not Entered,East,Gas,2005,NY,1,6,DODGE
39090,2015,PICKUP TRUCK,PASSENGER OR SUBURBAN,Making Left Turn,Not Entered,East,Gas,2012,NY,1,8,DODGE
39091,2015,SUBURBAN,PASSENGER OR SUBURBAN,Backing,Not Entered,South,Gas,2002,NY,1,6,DODGE
39092,2015,4 DOOR SEDAN,PASSENGER OR SUBURBAN,Going Straight Ahead,Not Entered,South,Gas,2012,NY,2,8,DODGE
39093,2015,4 DOOR SEDAN,PASSENGER OR SUBURBAN,Making Left Turn,Not Entered,Northwest,Gas,2007,NY,1,4,DODGE
39094,2015,PICKUP TRUCK,AGRICULTURAL TRUCK,Making Left Turn,Not Entered,East,Gas,2001,NY,1,8,DODGE
39095,2015,VAN TRUCK,PASSENGER OR SUBURBAN,Making U Turn,Not Entered,West,Gas,2005,NY,1,6,DODGE
39096,2014,PICKUP TRUCK,PASSENGER OR SUBURBAN,Going Straight Ahead,Not Entered,East,Gas,2008,NY,1,8,DODGE
39097,2014,SUBURBAN,PASSENGER OR SUBURBAN,Starting in Traffic,Not Entered,South,Gas,2005,NY,2,6,DODGE
39098,2014,SUBURBAN,PASSENGER OR SUBURBAN,Making Left Turn,Not Entered,West,Gas,2014,NY,2,4,DODGE
39099,2014,SUBURBAN,PASSENGER OR SUBURBAN,Going Straight Ahead,Not Entered,West,Gas,2008,NY,2,6,DODGE
39100,2014,PICKUP TRUCK,COMMERCIAL,Making Left Turn,Not Entered,North,Gas,1997,NY,5,8,DODGE
39101,2014,4 DOOR SEDAN,PASSENGER OR SUBURBAN,Making Left Turn,Not Entered,North,Gas,2000,NY,2,4,DODGE
39102,2014,4 DOOR SEDAN,PASSENGER OR SUBURBAN,Making Left Turn,Not Entered,South,Gas,2007,NY,1,4,DODGE
39103,2015,SUBURBAN,PASSENGER OR SUBURBAN,Going Straight Ahead,Not Entered,West,Gas,1999,NY,1,8,DODGE
39104,2015,4 DOOR SEDAN,PASSENGER OR SUBURBAN,Going Straight Ahead,Not Entered,West,Gas,2003,NY,1,4,DODGE
39105,2015,SUBURBAN,PASSENGER OR SUBURBAN,Going Straight Ahead,Not Entered,North,Gas,2009,NY,1,6,DODGE
39106,2015,PICKUP TRUCK,PASSENGER OR SUBURBAN,Going Straight Ahead,Not Entered,West,Gas,2003,NY,3,6,DODGE
39107,2015,4 DOOR SEDAN,PASSENGER OR SUBURBAN,Going Straight Ahead,Not Entered,South,Gas,2013,NY,1,6,DODGE
39108,2015,4 DOOR SEDAN,PASSENGER OR SUBURBAN,Changing Lanes,Not Entered,North,Gas,2009,NY,1,4,DODGE
39109,2015,4 DOOR SEDAN,PASSENGER OR SUBURBAN,Going Straight Ahead,Not Entered,South,Gas,2000,NY,1,4,DODGE
39110,2015,SUBURBAN,PASSENGER OR SUBURBAN,Going Straight Ahead,Not Entered,North,Gas,2006,NY,1,6,DODGE
39111,2015,SUBURBAN,PASSENGER OR SUBURBAN,Going Straight Ahead,Not Entered,South,Gas,2004,NY,1,8,DODGE
39112,2015,SUBURBAN,PASSENGER OR SUBURBAN,Going Straight Ahead,Not Entered,North,Gas,2003,NY,1,6,DODGE
39113,2015,PICKUP TRUCK,PASSENGER OR SUBURBAN,Stopped in Traffic,Not Entered,East,Gas,2004,NY,1,6,DODGE
39114,2015,4 DOOR SEDAN,PASSENGER OR SUBURBAN,Slowing or Stopping,Not Entered,North,Gas,2007,NY,1,4,DODGE
39115,2015,SUBURBAN,PASSENGER OR SUBURBAN,Slowing or Stopping,Not Entered,West,Gas,2012,NY,4,6,DODGE
39116,2015,SUBURBAN,PASSENGER OR SUBURBAN,Going Straight Ahead,Not Entered,West,Gas,2014,NY,1,6,DODGE
39117,2015,PICKUP TRUCK,COMMERCIAL,Going Straight Ahead,Not Entered,South,Gas,2001,NY,1,8,DODGE
39118,2015,VAN TRUCK,PASSENGER OR SUBURBAN,Going Straight Ahead,Not Entered,North,Gas,2003,NY,1,6,DODGE
39119,2015,SUBURBAN,AGRICULTURAL TRUCK,Slowing or Stopping,Not Entered,West,Gas,2002,NY,1,6,DODGE
39120,2014,4 DOOR SEDAN,PASSENGER OR SUBURBAN,Making Left Turn,Not Entered,South,Gas,2002,NY,1,4,DODGE
39121,2014,4 DOOR SEDAN,PASSENGER OR SUBURBAN,Going Straight Ahead,Not Entered,East,Gas,2012,NY,1,4,DODGE
39122,2014,SUBURBAN,PASSENGER OR SUBURBAN,Going Straight Ahead,Not Entered,West,Gas,2003,NY,1,6,DODGE
39123,2014,SUBURBAN,PASSENGER OR SUBURBAN,Going Straight Ahead,Not Entered,North,Gas,2005,NY,1,6,DODGE
39124,2014,SUBURBAN,OMNIBUS - LIVERY,Going Straight Ahead,Not Entered,West,Gas,2008,NY,1,6,DODGE
39125,2014,PICKUP TRUCK,PASSENGER OR SUBURBAN,Going Straight Ahead,Not Entered,Northeast,Gas,2012,NY,1,8,DODGE
39126,2014,SUBURBAN,PASSENGER OR SUBURBAN,Starting in Traffic,Not Entered,South,Gas,2013,NY,1,6,DODGE
39127,2014,SUBURBAN,PASSENGER OR SUBURBAN,Going Straight Ahead,Not Entered,North,Gas,1998,NY,1,8,DODGE
39128,2014,SUBURBAN,PASSENGER OR SUBURBAN,Going Straight Ahead,Not Entered,East,Gas,2013,NY,1,8,DODGE
39129,2015,SUBURBAN,PASSENGER OR SUBURBAN,Going Straight Ahead,Not Entered,South,Gas,1998,NY,1,6,DODGE
39130,2015,PICKUP TRUCK,PASSENGER OR SUBURBAN,Stopped in Traffic,Not Entered,North,Gas,2004,NY,1,8,DODGE
39131,2015,SUBURBAN,PASSENGER OR SUBURBAN,Going Straight Ahead,Not Entered,West,Gas,1998,NY,2,6,DODGE
39132,2015,SUBURBAN,PASSENGER OR SUBURBAN,Going Straight Ahead,Not Entered,North,Gas,2006,NY,1,8,DODGE
39133,2015,SUBURBAN,PASSENGER OR SUBURBAN,Going Straight Ahead,Not Entered,South,Gas,2006,NY,1,6,DODGE
39134,2015,4 DOOR SEDAN,PASSENGER OR SUBURBAN,Going Straight Ahead,Not Entered,West,Gas,2012,NY,1,4,DODGE
39135,2015,SUBURBAN,PASSENGER OR SUBURBAN,Going Straight Ahead,Not Entered,South,Gas,2005,NY,1,6,DODGE
39136,2015,4 DOOR SEDAN,PASSENGER OR SUBURBAN,Going Straight Ahead,Not Entered,East,Gas,2014,NY,1,4,DODGE
39137,2015,4 DOOR SEDAN,PASSENGER OR SUBURBAN,Going Straight Ahead,Not Entered,West,Gas,2013,NY,1,4,DODGE
39138,2015,PICKUP TRUCK,COMMERCIAL,Making Right Turn,Not Entered,Northeast,Gas,2007,NY,1,8,DODGE
39139,2015,4 DOOR SEDAN,PASSENGER OR SUBURBAN,Making Left Turn,Not Entered,East,Gas,2013,NY,1,6,DODGE
39140,2015,2 DOOR SEDAN,PASSENGER OR SUBURBAN,Going Straight Ahead,Not Entered,Northwest,Gas,2003,NY,1,6,DODGE
39141,2015,2 DOOR SEDAN,PASSENGER OR SUBURBAN,Going Straight Ahead,Not Entered,South,Gas,2003,NY,1,4,DODGE
39142,2015,PICKUP TRUCK,PASSENGER OR SUBURBAN,Going Straight Ahead,Not Entered,South,Gas,2000,NY,3,8,DODGE
39143,2015,4 DOOR SEDAN,PASSENGER OR SUBURBAN,Going Straight Ahead,Not Entered,East,Gas,2007,NY,2,4,DODGE
39144,2015,SUBURBAN,PASSENGER OR SUBURBAN,Avoiding Object in Roadway,Not Entered,East,Gas,2003,NY,1,8,DODGE
39145,2015,PICKUP TRUCK,PASSENGER OR SUBURBAN,Going Straight Ahead,Not Entered,North,Gas,1999,NY,1,8,DODGE
39146,2015,PICKUP TRUCK,PASSENGER OR SUBURBAN,Making Right Turn,Not Entered,Southeast,Gas,2000,NY,2,8,DODGE
39147,2015,SUBURBAN,OMNIBUS - LIVERY,Stopped in Traffic,Not Entered,West,Gas,2007,NY,3,4,DODGE
39148,2015,4 DOOR SEDAN,PASSENGER OR SUBURBAN,Going Straight Ahead,Not Entered,West,Gas,2013,NY,1,4,DODGE
39149,2015,PICKUP TRUCK,PASSENGER OR SUBURBAN,Going Straight Ahead,Not Entered,East,Gas,2007,NY,1,8,DODGE
39150,2015,4 DOOR SEDAN,PASSENGER OR SUBURBAN,Going Straight Ahead,Not Entered,North,Gas,2000,NY,1,4,DODGE
39151,2015,SUBURBAN,PASSENGER OR SUBURBAN,Going Straight Ahead,Not Entered,Southwest,Gas,2013,NY,1,6,DODGE
39152,2015,VAN TRUCK,COMMERCIAL,Slowing or Stopping,Not Entered,West,Gas,2009,NY,1,6,DODGE
39153,2015,SUBURBAN,PASSENGER OR SUBURBAN,Starting in Traffic,Not Entered,South,Gas,2000,NY,2,4,DODGE
39154,2015,PICKUP TRUCK,PASSENGER OR SUBURBAN,Going Straight Ahead,Not Entered,South,Gas,2000,NY,1,6,DODGE
39155,2015,SUBURBAN,PASSENGER OR SUBURBAN,Stopped in Traffic,Not Entered,South,Gas,2011,NY,3,8,DODGE
39156,2015,4 DOOR SEDAN,SPECIAL PASSENGER,Going Straight Ahead,Not Entered,North,Gas,2013,NY,1,4,DODGE
39157,2015,SUBURBAN,PASSENGER OR SUBURBAN,Parked,Not Entered,South,Gas,2007,NY,0,6,DODGE
39158,2015,4 DOOR SEDAN,PASSENGER OR SUBURBAN,Going Straight Ahead,Not Entered,East,Gas,2014,NY,1,4,DODGE
39159,2015,4 DOOR SEDAN,PASSENGER OR SUBURBAN,Going Straight Ahead,Not Entered,North,Gas,2003,NY,1,4,DODGE
39160,2015,PICKUP TRUCK,PASSENGER OR SUBURBAN,Stopped in Traffic,Not Entered,North,Gas,2004,NY,1,8,DODGE
39161,2015,SUBURBAN,PASSENGER OR SUBURBAN,Going Straight Ahead,Not Entered,West,Gas,1998,NY,2,6,DODGE
39162,2015,SUBURBAN,PASSENGER OR SUBURBAN,Going Straight Ahead,Not Entered,North,Gas,2006,NY,1,8,DODGE
39163,2015,SUBURBAN,PASSENGER OR SUBURBAN,Going Straight Ahead,Not Entered,South,Gas,2006,NY,1,6,DODGE
39164,2015,4 DOOR SEDAN,PASSENGER OR SUBURBAN,Going Straight Ahead,Not Entered,West,Gas,2012,NY,1,4,DODGE
39165,2015,SUBURBAN,PASSENGER OR SUBURBAN,Going Straight Ahead,Not Entered,South,Gas,2005,NY,1,6,DODGE
39166,2015,4 DOOR SEDAN,PASSENGER OR SUBURBAN,Going Straight Ahead,Not Entered,East,Gas,2014,NY,1,4,DODGE
39167,2015,4 DOOR SEDAN,PASSENGER OR SUBURBAN,Going Straight Ahead,Not Entered,West,Gas,2013,NY,1,4,DODGE
39168,2015,PICKUP TRUCK,COMMERCIAL,Making Right Turn,Not Entered,Northeast,Gas,2007,NY,1,8,DODGE
39169,2015,4 DOOR SEDAN,PASSENGER OR SUBURBAN,Making Left Turn,Not Entered,East,Gas,2013,NY,1,6,DODGE
39170,2015,2 DOOR SEDAN,PASSENGER OR SUBURBAN,Going Straight Ahead,Not Entered,Northwest,Gas,2003,NY,1,6,DODGE
39171,2015,2 DOOR SEDAN,PASSENGER OR SUBURBAN,Going Straight Ahead,Not Entered,South,Gas,2003,NY,1,4,DODGE
39172,2015,PICKUP TRUCK,PASSENGER OR SUBURBAN,Going Straight Ahead,Not Entered,South,Gas,2000,NY,3,8,DODGE
39173,2015,4 DOOR SEDAN,PASSENGER OR SUBURBAN,Going Straight Ahead,Not Entered,East,Gas,2007,NY,2,4,DODGE
39174,2015,SUBURBAN,PASSENGER OR SUBURBAN,Avoiding Object in Roadway,Not Entered,East,Gas,2003,NY,1,8,DODGE
39175,2015,PICKUP TRUCK,PASSENGER OR SUBURBAN,Going Straight Ahead,Not Entered,North,Gas,1999,NY,1,8,DODGE
39176,2015,PICKUP TRUCK,PASSENGER OR SUBURBAN,Making Right Turn,Not Entered,Southeast,Gas,2000,NY,2,8,DODGE
39177,2015,SUBURBAN,OMNIBUS - LIVERY,Stopped in Traffic,Not Entered,West,Gas,2007,NY,3,4,DODGE
39178,2015,4 DOOR SEDAN,PASSENGER OR SUBURBAN,Going Straight Ahead,Not Entered,West,Gas,2013,NY,1,4,DODGE
39179,2015,PICKUP TRUCK,PASSENGER OR SUBURBAN,Going Straight Ahead,Not Entered,East,Gas,2007,NY,1,8,DODGE
39180,2015,4 DOOR SEDAN,PASSENGER OR SUBURBAN,Going Straight Ahead,Not Entered,North,Gas,2000,NY,1,4,DODGE
39181,2015,SUBURBAN,PASSENGER OR SUBURBAN,Going Straight Ahead,Not Entered,Southwest,Gas,2013,NY,1,6,DODGE
39182,2015,VAN TRUCK,COMMERCIAL,Slowing or Stopping,Not Entered,West,Gas,2009,NY,1,6,DODGE
39183,2015,SUBURBAN,PASSENGER OR SUBURBAN,Starting in Traffic,Not Entered,South,Gas,2000,NY,2,4,DODGE
39184,2015,PICKUP TRUCK,PASSENGER OR SUBURBAN,Going Straight Ahead,Not Entered,South,Gas,2000,NY,1,6,DODGE
39185,2015,SUBURBAN,PASSENGER OR SUBURBAN,Stopped in Traffic,Not Entered,South,Gas,2011,NY,3,8,DODGE
39186,2015,4 DOOR SEDAN,SPECIAL PASSENGER,Going Straight Ahead,Not Entered,North,Gas,2013,NY,1,4,DODGE
39187,2015,SUBURBAN,PASSENGER OR SUBURBAN,Parked,Not Entered,South,Gas,2007,NY,0,6,DODGE
39188,2015,4 DOOR SEDAN,PASSENGER OR SUBURBAN,Going Straight Ahead,Not Entered,East,Gas,2014,NY,1,4,DODGE
39189,2015,4 DOOR SEDAN,PASSENGER OR SUBURBAN,Going Straight Ahead,Not Entered,North,Gas,2003,NY,1,4,DODGE
39190,2015,SUBURBAN,PASSENGER OR SUBURBAN,Going Straight Ahead,Not Entered,South,Gas,2006,NY,1,6,DODGE
39191,2015,4 DOOR SEDAN,PASSENGER OR SUBURBAN,Going Straight Ahead,Not Entered,West,Gas,2012,NY,1,4,DODGE
39192,2015,4 DOOR SEDAN,PASSENGER OR SUBURBAN,Making Right Turn,Not Entered,Southwest,Gas,2008,NY,1,6,DODGE
39193,2015,4 DOOR SEDAN,PASSENGER OR SUBURBAN,Going Straight Ahead,Not Entered,South,Gas,2007,NY,1,4,DODGE
39194,2015,4 DOOR SEDAN,PASSENGER OR SUBURBAN,Parked,Not Entered,North,Gas,2008,NY,0,6,DODGE
39195,2014,SUBURBAN,PASSENGER OR SUBURBAN,Parked,Not Entered,South,Gas,2012,NY,2,6,DODGE
39196,2015,4 DOOR SEDAN,PASSENGER OR SUBURBAN,Going Straight Ahead,Not Entered,West,Gas,2015,NY,2,4,DODGE
39197,2015,PICKUP TRUCK,PASSENGER OR SUBURBAN,Slowing or Stopping,Not Entered,North,Gas,2005,NY,2,8,DODGE
39198,2015,PICKUP TRUCK,PASSENGER OR SUBURBAN,Going Straight Ahead,Not Entered,South,Gas,1999,NY,2,8,DODGE
39199,2015,PICKUP TRUCK,COMMERCIAL,Going Straight Ahead,Not Entered,South,Diesel,2001,NY,1,6,DODGE
39200,2015,4 DOOR SEDAN,PASSENGER OR SUBURBAN,Changing Lanes,Not Entered,East,Gas,2007,NY,1,4,DODGE
39201,2015,VAN TRUCK,AGRICULTURAL TRUCK,Going Straight Ahead,Not Entered,South,Gas,1997,NY,1,6,DODGE
39202,2014,4 DOOR SEDAN,PASSENGER OR SUBURBAN,Going Straight Ahead,Not Entered,South,Gas,2008,NY,1,4,DODGE