Case Num,Year,Vehicle Body Type,Registration Class,Action Prior to Accident,Type / Axles of Truck or Bus,Direction of Travel,Fuel Type,Vehicle Year,State of Registration,Number of Occupants,Engine Cylinders,Vehicle Make
39203,2014,PICKUP TRUCK,PASSENGER OR SUBURBAN,Going Straight Ahead,Not Entered,Southwest,Gas,2008,NY,1,8,DODGE
39204,2014,PICKUP TRUCK,PASSENGER OR SUBURBAN,Going Straight Ahead,Not Entered,South,Gas,1998,NY,1,8,DODGE
39205,2014,PICKUP TRUCK,PASSENGER OR SUBURBAN,Overtaking/Passing,Not Entered,South,Gas,1999,NY,1,10,DODGE
39206,2015,PICKUP TRUCK,COMMERCIAL,Going Straight Ahead,Not Entered,North,Gas,2004,NY,1,8,DODGE
39207,2015,SUBURBAN,OMNIBUS - TAXI,Making Right Turn,Not Entered,Northeast,Gas,2006,NY,1,6,DODGE
39208,2015,SUBURBAN,PASSENGER OR SUBURBAN,Going Straight Ahead,Not Entered,South,Gas,2007,NY,4,6,DODGE
39209,2015,4 DOOR SEDAN,PASSENGER OR SUBURBAN,Going Straight Ahead,Not Entered,West,Gas,2000,NY,2,4,DODGE
39210,2015,PICKUP TRUCK,AGRICULTURAL TRUCK,Going Straight Ahead,Not Entered,North,Gas,2001,NY,2,8,DODGE
39211,2015,SUBURBAN,PASSENGER OR SUBURBAN,Going Straight Ahead,Not Entered,West,Gas,2001,NY,2,8,DODGE
39212,2015,4 DOOR SEDAN,PASSENGER OR SUBURBAN,Slowing or Stopping,Not Entered,East,Gas,2015,NY,1,4,DODGE
39213,2015,SUBURBAN,PASSENGER OR SUBURBAN,Going Straight Ahead,Not Entered,North,Gas,2002,NY,1,4,DODGE
39214,2015,2 DOOR SEDAN,PASSENGER OR SUBURBAN,Going Straight Ahead,Not Entered,North,Gas,1989,NY,1,4,DODGE
39215,2014,PICKUP TRUCK,PASSENGER OR SUBURBAN,Slowing or Stopping,Not Entered,East,Gas,2000,NY,2,6,DODGE
39216,2014,PICKUP TRUCK,PASSENGER OR SUBURBAN,Going Straight Ahead,Not Entered,North,Gas,2000,NY,1,8,DODGE
39217,2014,PICKUP TRUCK,PASSENGER OR SUBURBAN,Going Straight Ahead,Not Entered,North,Gas,2005,NY,1,6,DODGE
39218,2014,PICKUP TRUCK,PASSENGER OR SUBURBAN,Going Straight Ahead,Not Entered,East,Gas,2000,NY,1,8,DODGE
39219,2014,PICKUP TRUCK,COMMERCIAL,Slowing or Stopping,Not Entered,East,Gas,2012,NY,1,8,DODGE
39220,2014,4 DOOR SEDAN,PASSENGER OR SUBURBAN,Slowing or Stopping,Not Entered,South,Gas,1998,NY,1,4,DODGE
39221,2014,4 DOOR SEDAN,SPECIAL PASSENGER,Slowing or Stopping,Not Entered,East,Gas,2013,NY,1,6,DODGE
39222,2014,PICKUP TRUCK,COMMERCIAL,Going Straight Ahead,Not Entered,East,Diesel,1999,NY,1,6,DODGE
39223,2014,SUBURBAN,PASSENGER OR SUBURBAN,Going Straight Ahead,Not Entered,West,Gas,2005,NY,1,6,DODGE
39224,2014,PICKUP TRUCK,PASSENGER OR SUBURBAN,Going Straight Ahead,Not Entered,North,Gas,2008,NY,1,8,DODGE
39225,2014,SUBURBAN,PASSENGER OR SUBURBAN,Going Straight Ahead,Not Entered,East,Gas,2013,NY,1,6,DODGE
39226,2014,PICKUP TRUCK,PASSENGER OR SUBURBAN,Going Straight Ahead,Not Entered,North,Gas,2003,NY,1,6,DODGE
39227,2014,PICKUP TRUCK,PASSENGER OR SUBURBAN,Going Straight Ahead,Not Entered,South,Gas,2003,NY,1,6,DODGE
39228,2014,4 DOOR SEDAN,PASSENGER OR SUBURBAN,Going Straight Ahead,Not Entered,East,Gas,2010,NY,1,4,DODGE
39229,2014,PICKUP TRUCK,PASSENGER OR SUBURBAN,Going Straight Ahead,Not Entered,North,Gas,2001,NY,1,8,DODGE
39230,2014,PICKUP TRUCK,COMMERCIAL,Going Straight Ahead,Not Entered,East,Gas,2006,NY,1,8,DODGE
39231,2014,PICKUP TRUCK,PASSENGER OR SUBURBAN,Going Straight Ahead,Not Entered,East,Gas,2011,NY,1,8,DODGE
39232,2015,PICKUP TRUCK,PASSENGER OR SUBURBAN,Going Straight Ahead,Not Entered,North,Gas,2001,NY,1,8,DODGE
39233,2015,SUBURBAN,PASSENGER OR SUBURBAN,Going Straight Ahead,Not Entered,North,Gas,2011,NY,1,6,DODGE
39234,2015,PICKUP TRUCK,PASSENGER OR SUBURBAN,Going Straight Ahead,Not Entered,West,Gas,1997,NY,1,6,DODGE
39235,2015,SUBURBAN,PASSENGER OR SUBURBAN,Avoiding Object in Roadway,Not Entered,North,Gas,2005,NY,1,6,DODGE
39236,2015,4 DOOR SEDAN,PASSENGER OR SUBURBAN,Going Straight Ahead,Not Entered,West,Gas,2015,NY,3,4,DODGE
39237,2014,SUBURBAN,PASSENGER OR SUBURBAN,Going Straight Ahead,Not Entered,North,Gas,2005,NY,1,6,DODGE
39238,2014,SUBURBAN,PASSENGER OR SUBURBAN,Going Straight Ahead,Not Entered,Southeast,Gas,2009,NY,4,6,DODGE
39239,2014,PICKUP TRUCK,PASSENGER OR SUBURBAN,Going Straight Ahead,Not Entered,West,Gas,2005,NY,1,6,DODGE
39240,2015,SUBURBAN,PASSENGER OR SUBURBAN,Going Straight Ahead,Not Entered,North,Gas,1999,NY,2,8,DODGE
39241,2015,SUBURBAN,PASSENGER OR SUBURBAN,Going Straight Ahead,Not Entered,West,Gas,2004,NY,1,8,DODGE
39242,2014,SUBURBAN,PASSENGER OR SUBURBAN,Overtaking/Passing,Not Entered,Northwest,Gas,2011,NY,1,6,DODGE
39243,2015,SUBURBAN,PASSENGER OR SUBURBAN,Going Straight Ahead,Not Entered,East,Gas,2008,NY,1,6,DODGE
39244,2015,PICKUP TRUCK,PASSENGER OR SUBURBAN,Going Straight Ahead,Not Entered,West,Gas,1996,NY,1,10,DODGE
39245,2015,SUBURBAN,OMNIBUS - TAXI,Going Straight Ahead,Not Entered,West,Gas,2006,NY,1,6,DODGE
39246,2014,4 DOOR SEDAN,PASSENGER OR SUBURBAN,Making Left Turn,Not Entered,West,Gas,2010,NY,2,4,DODGE
39247,2015,SUBURBAN,PASSENGER OR SUBURBAN,Making Left Turn,Not Entered,West,Gas,2003,NY,4,6,DODGE
39248,2015,SUBURBAN,PASSENGER OR SUBURBAN,Making U Turn,Not Entered,North,Gas,2009,NY,1,6,DODGE
39249,2015,4 DOOR SEDAN,PASSENGER OR SUBURBAN,Making U Turn,Not Entered,Northwest,Gas,2015,NY,1,6,DODGE
39250,2014,SUBURBAN,PASSENGER OR SUBURBAN,Making Left Turn,Not Entered,East,Gas,2004,NY,3,8,DODGE
39251,2014,SUBURBAN,PASSENGER OR SUBURBAN,Making Right Turn,Not Entered,East,Gas,2005,NY,1,8,DODGE
39252,2014,SUBURBAN,PASSENGER OR SUBURBAN,Making Left Turn,Not Entered,North,Gas,2002,NY,2,6,DODGE
39253,2014,4 DOOR SEDAN,PASSENGER OR SUBURBAN,Making Left Turn,Not Entered,East,Gas,2007,NY,1,4,DODGE
39254,2015,SUBURBAN,PASSENGER OR SUBURBAN,Changing Lanes,Not Entered,East,Gas,2006,NY,1,6,DODGE
39255,2015,PICKUP TRUCK,PASSENGER OR SUBURBAN,Going Straight Ahead,Not Entered,South,Gas,2002,NY,1,8,DODGE
39256,2015,4 DOOR SEDAN,PASSENGER OR SUBURBAN,Merging,Not Entered,West,Gas,2006,NY,1,4,DODGE
39257,2015,4 DOOR SEDAN,PASSENGER OR SUBURBAN,Going Straight Ahead,Not Entered,Northwest,Gas,2007,NY,1,4,DODGE
39258,2014,4 DOOR SEDAN,PASSENGER OR SUBURBAN,Changing Lanes,Not Entered,West,Gas,1996,NY,1,4,DODGE
39259,2015,PICKUP TRUCK,PASSENGER OR SUBURBAN,Going Straight Ahead,Not Entered,East,Gas,2006,NY,1,8,DODGE
39260,2015,PICKUP TRUCK,PASSENGER OR SUBURBAN,Going Straight Ahead,Not Entered,North,Gas,2004,NY,3,8,DODGE
39261,2015,SUBURBAN,PASSENGER OR SUBURBAN,Going Straight Ahead,Not Entered,South,Gas,2014,NY,1,6,DODGE
39262,2014,PICKUP TRUCK,AGRICULTURAL TRUCK,Going Straight Ahead,Not Entered,North,Gas,2005,NY,3,8,DODGE
39263,2014,PICKUP TRUCK,COMMERCIAL,Going Straight Ahead,Not Entered,West,Gas,2001,NY,1,8,DODGE
39264,2014,PICKUP TRUCK,PASSENGER OR SUBURBAN,Going Straight Ahead,Not Entered,East,Gas,2001,NY,1,8,DODGE
39265,2014,SUBURBAN,PASSENGER OR SUBURBAN,Going Straight Ahead,Not Entered,West,Gas,2005,NY,1,6,DODGE
39266,2014,4 DOOR SEDAN,PASSENGER OR SUBURBAN,Going Straight Ahead,Not Entered,North,Gas,2007,NY,1,4,DODGE
39267,2014,SUBURBAN,PASSENGER OR SUBURBAN,Going Straight Ahead,Not Entered,North,Gas,1999,NY,1,8,DODGE
39268,2014,PICKUP TRUCK,COMMERCIAL,Going Straight Ahead,Not Entered,South,Gas,2001,NY,1,8,DODGE
39269,2014,4 DOOR SEDAN,PASSENGER OR SUBURBAN,Going Straight Ahead,Not Entered,Northwest,Gas,2013,NY,1,4,DODGE
39270,2014,4 DOOR SEDAN,PASSENGER OR SUBURBAN,Going Straight Ahead,Not Entered,East,Gas,2008,NY,3,4,DODGE
39271,2015,PICKUP TRUCK,PASSENGER OR SUBURBAN,Other,Not Entered,Northeast,Gas,2011,NY,3,8,DODGE
39272,2015,PICKUP TRUCK,PASSENGER OR SUBURBAN,Backing,Not Entered,North,Gas,2008,NY,1,8,DODGE
39273,2015,ROAD SWEEPER,POLITICAL SUBDIVISION,Backing,Not Entered,North,Diesel,2014,NY,1,4,ELGIN
39274,2015,2 DOOR SEDAN,Not Entered,Going Straight Ahead,Not Entered,East,Not Entered,2013,NJ,1,,FIAT
39275,2015,2 DOOR SEDAN,PASSENGER OR SUBURBAN,Changing Lanes,Not Entered,North,Gas,2012,NY,1,4,FIAT
39276,2015,2 DOOR SEDAN,Not Entered,Making Right Turn,Not Entered,Northeast,Not Entered,2000,NY,1,,FORD
39277,2015,TOW TRUCK,AGRICULTURAL TRUCK,Going Straight Ahead,Not Entered,East,Diesel,1991,NY,,8,FORD
39278,2015,PICKUP TRUCK,AGRICULTURAL TRUCK,Going Straight Ahead,Not Entered,East,Gas,2011,NY,1,4,FORD
39279,2015,4 DOOR SEDAN,Not Entered,Going Straight Ahead,Not Entered,East,Not Entered,2006,NY,1,,FORD
39280,2015,PICKUP TRUCK,PASSENGER OR SUBURBAN,Going Straight Ahead,Not Entered,East,Gas,2004,NY,1,8,FORD
39281,2015,4 DOOR SEDAN,PASSENGER OR SUBURBAN,Making Left Turn,Not Entered,West,Gas,2013,NY,3,4,FORD
39282,2014,4 DOOR SEDAN,PASSENGER OR SUBURBAN,Going Straight Ahead,Not Entered,West,Gas,1999,NY,2,4,FORD
39283,2014,PICKUP TRUCK,AGRICULTURAL TRUCK,Going Straight Ahead,Not Entered,East,Diesel,2003,NY,1,8,FORD
39284,2015,POLICE VEHICLE,Not Entered,Going Straight Ahead,Not Entered,South,Not Entered,2015,NY,1,,FORD
39285,2015,PICKUP TRUCK,COMMERCIAL,Going Straight Ahead,Not Entered,North,Diesel,2013,NY,1,8,FORD
39286,2015,4 DOOR SEDAN,PASSENGER OR SUBURBAN,Going Straight Ahead,Not Entered,North,Gas,2014,NY,2,4,FORD
39287,2015,4 DOOR SEDAN,PASSENGER OR SUBURBAN,Going Straight Ahead,Not Entered,Northeast,Gas,2006,NY,1,6,FORD
39288,2015,SUBURBAN,PASSENGER OR SUBURBAN,Going Straight Ahead,Not Entered,North,Gas,2003,NY,2,6,FORD
39289,2015,4 DOOR SEDAN,Not Entered,Going Straight Ahead,Not Entered,North,Not Entered,2008,NY,5,,FORD
39290,2015,PICKUP TRUCK,COMMERCIAL,Going Straight Ahead,Not Entered,Northeast,Gas,2008,NY,1,8,FORD
39291,2015,SUBURBAN,PASSENGER OR SUBURBAN,Going Straight Ahead,Not Entered,South,Gas,2003,NY,1,6,FORD
39292,2015,SUBURBAN,REGIONAL,Going Straight Ahead,Not Entered,East,Gas,2012,NY,1,6,FORD
39293,2015,PICKUP TRUCK,COMMERCIAL,Going Straight Ahead,Not Entered,South,Diesel,2008,NY,2,8,FORD
39294,2015,SUBURBAN,PASSENGER OR SUBURBAN,Going Straight Ahead,Not Entered,North,Gas,2013,NY,1,4,FORD
39295,2015,SUBURBAN,Not Entered,Going Straight Ahead,Not Entered,West,Not Entered,2013,PA,2,,FORD
39296,2015,SUBURBAN,PASSENGER OR SUBURBAN,Going Straight Ahead,Not Entered,West,Gas,2016,NY,1,4,FORD
39297,2015,SUBURBAN,PASSENGER OR SUBURBAN,Going Straight Ahead,Not Entered,West,Gas,2010,NY,1,6,FORD
39298,2015,SUBURBAN,PASSENGER OR SUBURBAN,Going Straight Ahead,Not Entered,West,Gas,2011,NY,1,4,FORD
39299,2015,PICKUP TRUCK,AGRICULTURAL TRUCK,Going Straight Ahead,Not Entered,East,Gas,2014,NY,1,6,FORD
39300,2015,4 DOOR SEDAN,PASSENGER OR SUBURBAN,Going Straight Ahead,Not Entered,East,Gas,2002,NY,1,4,FORD
39301,2015,4 DOOR SEDAN,PASSENGER OR SUBURBAN,Going Straight Ahead,Not Entered,South,Gas,2008,NY,3,6,FORD
39302,2015,PICKUP TRUCK,PASSENGER OR SUBURBAN,Going Straight Ahead,Not Entered,South,Gas,2010,NY,1,8,FORD
39303,2014,SUBURBAN,PASSENGER OR SUBURBAN,Going Straight Ahead,Not Entered,East,Gas,2005,NY,2,6,FORD
39304,2014,PICKUP TRUCK,POLITICAL SUBDIVISION,Going Straight Ahead,Not Entered,South,Gas,2008,NY,1,8,FORD
39305,2015,SUBURBAN,PASSENGER OR SUBURBAN,Making Left Turn,Not Entered,Southeast,Gas,2013,NY,1,4,FORD
39306,2015,SUBURBAN,PASSENGER OR SUBURBAN,Backing,Not Entered,South,Gas,2004,NY,3,6,FORD
39307,2015,SUBURBAN,PASSENGER OR SUBURBAN,Backing,Not Entered,West,Gas,2004,NY,1,6,FORD
39308,2015,VAN TRUCK,COMMERCIAL,Backing,Not Entered,North,Gas,2005,NY,1,8,FORD
39309,2015,PICKUP TRUCK,PASSENGER OR SUBURBAN,Backing,Not Entered,South,Gas,2014,NY,1,6,FORD
39310,2015,UTILITY,POLITICAL SUBDIVISION,Backing,Not Entered,East,Diesel,2006,NY,1,6,FORD
39311,2015,VAN TRUCK,AGRICULTURAL TRUCK,Backing,Not Entered,West,Gas,1997,NY,,8,FORD
39312,2015,SUBURBAN,PASSENGER OR SUBURBAN,Backing,Not Entered,South,Gas,2013,NY,1,4,FORD
39313,2015,4 DOOR SEDAN,PASSENGER OR SUBURBAN,Backing,Not Entered,North,Gas,2012,NY,2,4,FORD
39314,2015,PICKUP TRUCK,COMMERCIAL,Backing,Not Entered,West,Gas,2003,NY,1,8,FORD
39315,2015,SUBURBAN,PASSENGER OR SUBURBAN,Backing,Not Entered,North,Gas,2012,NY,1,8,FORD
39316,2015,PICKUP TRUCK,PASSENGER OR SUBURBAN,Backing,Not Entered,Northwest,Gas,2013,NY,1,8,FORD
39317,2015,4 DOOR SEDAN,PASSENGER OR SUBURBAN,Backing,Not Entered,Southeast,Gas,2014,NY,1,4,FORD
39318,2015,DUMP,POLITICAL SUBDIVISION,Backing,Not Entered,South,Gas,2004,NY,1,8,FORD
39319,2015,SUBURBAN,PASSENGER OR SUBURBAN,Backing,Not Entered,East,Gas,2007,NY,1,8,FORD
39320,2015,PICKUP TRUCK,COMMERCIAL,Backing,Not Entered,East,Diesel,2004,NY,1,8,FORD
39321,2015,SUBURBAN,PASSENGER OR SUBURBAN,Backing,Not Entered,East,Gas,2015,NY,2,4,FORD
39322,2015,SUBURBAN,PASSENGER OR SUBURBAN,Backing,Not Entered,South,Gas,2001,NY,2,6,FORD
39323,2015,SUBURBAN,AMBULANCE,Backing,Not Entered,North,Diesel,2006,NY,2,8,FORD
39324,2014,PICKUP TRUCK,AGRICULTURAL TRUCK,Backing,Not Entered,West,Diesel,1989,NY,1,8,FORD
39325,2015,PICKUP TRUCK,AGRICULTURAL TRUCK,Going Straight Ahead,Not Entered,East,Gas,2009,NY,1,4,FORD
39326,2015,PICKUP TRUCK,Not Entered,Slowing or Stopping,Not Entered,East,Not Entered,2006,OH,2,,FORD
39327,2015,SUBURBAN,Not Entered,Slowing or Stopping,Not Entered,South,Not Entered,2006,VA,2,,FORD
39328,2015,SUBURBAN,COMMERCIAL,Going Straight Ahead,Not Entered,South,Gas,2010,NY,1,6,FORD
39329,2015,AMBULANCE,POLITICAL SUBDIVISION,Going Straight Ahead,Not Entered,East,Diesel,2015,NY,2,8,FORD
39330,2015,UTILITY,AGRICULTURAL TRUCK,Going Straight Ahead,Not Entered,East,Diesel,1990,NY,1,6,FORD
39331,2015,4 DOOR SEDAN,PASSENGER OR SUBURBAN,Going Straight Ahead,Not Entered,North,Gas,2007,NY,2,6,FORD
39332,2015,SUBURBAN,PASSENGER OR SUBURBAN,Making Left Turn,Not Entered,South,Gas,2012,NY,2,6,FORD
39333,2015,CONVERTIBLE,PASSENGER OR SUBURBAN,Going Straight Ahead,Not Entered,East,Gas,2010,NY,2,6,FORD
39334,2015,4 DOOR SEDAN,PASSENGER OR SUBURBAN,Backing,Not Entered,East,Gas,2003,NY,1,6,FORD
39335,2015,SUBURBAN,PASSENGER OR SUBURBAN,Going Straight Ahead,Not Entered,East,Gas,2004,NY,1,6,FORD
39336,2015,SUBURBAN,PASSENGER OR SUBURBAN,Going Straight Ahead,Not Entered,South,Gas,1994,NY,1,6,FORD
39337,2015,VAN TRUCK,COMMERCIAL,Going Straight Ahead,Not Entered,East,Gas,2012,NY,1,8,FORD
39338,2015,SUBURBAN,PASSENGER OR SUBURBAN,Starting in Traffic,Not Entered,South,Gas,2005,NY,1,6,FORD
39339,2015,TAXI,OMNIBUS - TAXI,Going Straight Ahead,Not Entered,West,Gas,2011,NY,,4,FORD
39340,2015,4 DOOR SEDAN,PASSENGER OR SUBURBAN,Slowing or Stopping,Not Entered,South,Gas,1999,NY,1,6,FORD
39341,2015,4 DOOR SEDAN,PASSENGER OR SUBURBAN,Starting in Traffic,Not Entered,South,Gas,2002,NY,1,6,FORD
39342,2015,4 DOOR SEDAN,Not Entered,Going Straight Ahead,Not Entered,North,Not Entered,2001,NJ,3,,FORD
39343,2015,SUBURBAN,PASSENGER OR SUBURBAN,Slowing or Stopping,Not Entered,Southeast,Gas,2004,NY,1,6,FORD
39344,2015,4 DOOR SEDAN,PASSENGER OR SUBURBAN,Going Straight Ahead,Not Entered,North,Gas,2010,NY,1,4,FORD
39345,2015,SUBURBAN,PASSENGER OR SUBURBAN,Making Left Turn,Not Entered,North,Gas,1999,NY,1,8,FORD
39346,2015,PICKUP TRUCK,PASSENGER OR SUBURBAN,Starting in Traffic,Not Entered,West,Gas,2014,NY,1,8,FORD
39347,2015,4 DOOR SEDAN,Not Entered,Going Straight Ahead,Not Entered,North,Not Entered,2015,NJ,2,,FORD
39348,2015,SUBURBAN,PASSENGER OR SUBURBAN,Slowing or Stopping,Not Entered,South,Diesel,2002,NY,1,8,FORD
39349,2015,4 DOOR SEDAN,PASSENGER OR SUBURBAN,Going Straight Ahead,Not Entered,North,Gas,2015,NY,2,4,FORD
39350,2015,SUBURBAN,PASSENGER OR SUBURBAN,Going Straight Ahead,Not Entered,North,Gas,2015,NY,1,4,FORD
39351,2015,2 DOOR SEDAN,PASSENGER OR SUBURBAN,Starting in Traffic,Not Entered,Northeast,Gas,2007,NY,1,8,FORD
39352,2015,SUBURBAN,SPECIAL PASSENGER,Entering Parked Position,Not Entered,Northwest,Gas,2010,NY,2,6,FORD
39353,2015,4 DOOR SEDAN,OMNIBUS - LIVERY,Making Left Turn,Not Entered,West,Gas,2009,NY,1,8,FORD
39354,2015,TAXI,OMNIBUS - TAXI,Going Straight Ahead,Not Entered,North,Gas,2009,NY,2,4,FORD
39355,2015,PICKUP TRUCK,AGRICULTURAL TRUCK,Making Left Turn,Not Entered,North,Gas,2003,NY,1,8,FORD
39356,2015,4 DOOR SEDAN,PASSENGER OR SUBURBAN,Going Straight Ahead,Not Entered,East,Gas,2007,NY,1,4,FORD
39357,2015,4 DOOR SEDAN,PASSENGER OR SUBURBAN,Slowing or Stopping,Not Entered,West,Gas,2001,NY,1,6,FORD
39358,2015,SUBURBAN,PASSENGER OR SUBURBAN,Going Straight Ahead,Not Entered,West,Gas,2007,NY,1,8,FORD
39359,2015,SUBURBAN,PASSENGER OR SUBURBAN,Going Straight Ahead,Not Entered,West,Gas,2013,NY,3,4,FORD
39360,2015,2 DOOR SEDAN,PASSENGER OR SUBURBAN,Going Straight Ahead,Not Entered,West,Gas,2001,NY,1,6,FORD
39361,2015,SUBURBAN,PASSENGER OR SUBURBAN,Making Right Turn,Not Entered,West,Gas,2001,NY,1,6,FORD
39362,2015,VAN TRUCK,AGRICULTURAL TRUCK,Going Straight Ahead,Not Entered,North,Gas,2004,NY,1,8,FORD
39363,2015,TAXI,OMNIBUS - TAXI,Going Straight Ahead,Not Entered,East,Gas,2010,NY,1,4,FORD
39364,2015,PICKUP TRUCK,PASSENGER OR SUBURBAN,Going Straight Ahead,Not Entered,East,Gas,2010,NY,,8,FORD
39365,2015,4 DOOR SEDAN,PASSENGER OR SUBURBAN,Going Straight Ahead,Not Entered,North,Gas,2009,NY,1,4,FORD
39366,2015,VAN TRUCK,PASSENGER OR SUBURBAN,Going Straight Ahead,Not Entered,West,Gas,2005,NY,1,8,FORD
39367,2015,4 DOOR SEDAN,PASSENGER OR SUBURBAN,Going Straight Ahead,Not Entered,North,Gas,2015,NY,1,4,FORD
39368,2015,VAN TRUCK,Not Entered,Going Straight Ahead,Not Entered,East,Not Entered,2014,NJ,1,,FORD
39369,2015,SUBURBAN,PASSENGER OR SUBURBAN,Going Straight Ahead,Not Entered,East,Gas,2013,NY,1,4,FORD
39370,2015,VAN TRUCK,COMMERCIAL,Backing,Not Entered,West,Gas,2012,NY,1,8,FORD
39371,2015,SUBURBAN,PASSENGER OR SUBURBAN,Going Straight Ahead,Not Entered,Southwest,Gas,1998,NY,2,6,FORD
39372,2015,SUBURBAN,AGRICULTURAL TRUCK,Starting in Traffic,Not Entered,West,Gas,1997,NY,1,8,FORD
39373,2015,FLAT BED TRUCK,AGRICULTURAL TRUCK,Merging,Not Entered,West,Diesel,1997,NY,1,6,FORD
39374,2015,2 DOOR SEDAN,PASSENGER OR SUBURBAN,Going Straight Ahead,Not Entered,East,Gas,2001,NY,1,4,FORD
39375,2014,4 DOOR SEDAN,PASSENGER OR SUBURBAN,Going Straight Ahead,Not Entered,North,Gas,1998,NY,1,4,FORD
39376,2014,PICKUP TRUCK,PASSENGER OR SUBURBAN,Making Left Turn,Not Entered,Southeast,Gas,2008,NY,1,8,FORD
39377,2014,PICKUP TRUCK,COMMERCIAL,Backing,Not Entered,South,Gas,2003,NY,1,8,FORD
39378,2014,PICKUP TRUCK,PASSENGER OR SUBURBAN,Making Right Turn,Not Entered,Northeast,Gas,2006,NY,2,8,FORD
39379,2014,4 DOOR SEDAN,PASSENGER OR SUBURBAN,Going Straight Ahead,Not Entered,West,Gas,2006,NY,1,6,FORD
39380,2014,SUBURBAN,PASSENGER OR SUBURBAN,Making Left Turn,Not Entered,East,Gas,2012,NY,1,4,FORD
39381,2014,SUBURBAN,PASSENGER OR SUBURBAN,Going Straight Ahead,Not Entered,West,Gas,2001,NY,1,6,FORD
39382,2014,4 DOOR SEDAN,OMNIBUS - TAXI,Going Straight Ahead,Not Entered,West,Gas,2011,NY,1,8,FORD
39383,2014,4 DOOR SEDAN,Not Entered,Going Straight Ahead,Not Entered,Southwest,Not Entered,2001,PA,1,,FORD
39384,2014,4 DOOR SEDAN,PASSENGER OR SUBURBAN,Going Straight Ahead,Not Entered,West,Gas,2010,NY,1,4,FORD
39385,2014,VAN TRUCK,COMMERCIAL,Making Left Turn,Not Entered,East,Gas,2006,NY,1,8,FORD
39386,2014,PICKUP TRUCK,COMMERCIAL,Making U Turn,Not Entered,East,Gas,2005,NY,1,6,FORD
39387,2014,PICKUP TRUCK,COMMERCIAL,Starting in Traffic,Not Entered,North,Gas,2004,NY,1,8,FORD
39388,2014,4 DOOR SEDAN,PASSENGER OR SUBURBAN,Going Straight Ahead,Not Entered,West,Gas,2003,NY,2,4,FORD
39389,2014,4 DOOR SEDAN,PASSENGER OR SUBURBAN,Going Straight Ahead,Not Entered,West,Gas,2013,NY,1,4,FORD
39390,2014,SUBURBAN,HAM OPERATOR,Going Straight Ahead,Not Entered,East,Gas,2011,NY,1,6,FORD
39391,2014,PICKUP TRUCK,Not Entered,Entering Parked Position,Not Entered,North,Not Entered,2008,NY,2,,FORD
39392,2014,4 DOOR SEDAN,PASSENGER OR SUBURBAN,Going Straight Ahead,Not Entered,West,Gas,2003,NY,1,6,FORD
39393,2014,4 DOOR SEDAN,PASSENGER OR SUBURBAN,Making Left Turn,Not Entered,North,Gas,2000,NY,1,6,FORD
39394,2014,SUBURBAN,PASSENGER OR SUBURBAN,Going Straight Ahead,Not Entered,South,Gas,2010,NY,3,4,FORD
39395,2014,SUBURBAN,PASSENGER OR SUBURBAN,Going Straight Ahead,Not Entered,East,Gas,2010,NY,1,6,FORD
39396,2014,4 DOOR SEDAN,PASSENGER OR SUBURBAN,Going Straight Ahead,Not Entered,West,Gas,2013,NY,1,4,FORD
39397,2014,SUBURBAN,PASSENGER OR SUBURBAN,Going Straight Ahead,Not Entered,South,Gas,2013,NY,1,4,FORD
39398,2014,SUBURBAN,PASSENGER OR SUBURBAN,Starting from Parking,Not Entered,West,Gas,2003,NY,2,6,FORD
39399,2014,VAN TRUCK,Not Entered,Going Straight Ahead,Not Entered,West,Not Entered,2013,AZ,1,,FORD
39400,2014,UTILITY,AGRICULTURAL TRUCK,Making Left Turn,Not Entered,West,Gas,2011,NY,2,8,FORD
39401,2014,SUBURBAN,PASSENGER OR SUBURBAN,Backing,Not Entered,West,Gas,2002,NY,4,6,FORD
39402,2015,2 DOOR SEDAN,PASSENGER OR SUBURBAN,Going Straight Ahead,Not Entered,South,Gas,2001,NY,2,6,FORD