Case Num,Year,Vehicle Body Type,Registration Class,Action Prior to Accident,Type / Axles of Truck or Bus,Direction of Travel,Fuel Type,Vehicle Year,State of Registration,Number of Occupants,Engine Cylinders,Vehicle Make
39403,2015,4 DOOR SEDAN,PASSENGER OR SUBURBAN,Going Straight Ahead,Not Entered,Northwest,Gas,2003,NY,1,6,FORD
39404,2015,SUBURBAN,PASSENGER OR SUBURBAN,Going Straight Ahead,Not Entered,South,Gas,2004,NY,1,6,FORD
39405,2015,CONVERTIBLE,PASSENGER OR SUBURBAN,Going Straight Ahead,Not Entered,South,Gas,2014,NY,1,6,FORD
39406,2014,PICKUP TRUCK,COMMERCIAL,Going Straight Ahead,Not Entered,East,Gas,2001,NY,1,8,FORD
39407,2014,4 DOOR SEDAN,PASSENGER OR SUBURBAN,Going Straight Ahead,Not Entered,West,Gas,1996,NY,1,6,FORD
39408,2014,VAN TRUCK,AGRICULTURAL TRUCK,Going Straight Ahead,Not Entered,East,Gas,2006,NY,1,8,FORD
39409,2014,PICKUP TRUCK,PASSENGER OR SUBURBAN,Going Straight Ahead,Not Entered,East,Gas,2006,NY,1,8,FORD
39410,2015,PICKUP TRUCK,PASSENGER OR SUBURBAN,Making Left Turn,Not Entered,Southeast,Gas,2002,NY,1,8,FORD
39411,2015,BUS (OMNIBUS),POLITICAL SUBDIVISION,Making Left Turn,Not Entered,South,Diesel,2003,NY,3,8,FORD
39412,2015,SUBURBAN,PASSENGER OR SUBURBAN,Changing Lanes,Not Entered,West,Gas,2013,NY,2,6,FORD
39413,2015,PICKUP TRUCK,POLITICAL SUBDIVISION,Going Straight Ahead,Not Entered,West,Gas,2009,NY,1,8,FORD
39414,2015,VAN TRUCK,OMNIBUS - TAXI,Making Left Turn,Not Entered,East,Gas,2007,NY,1,8,FORD
39415,2015,TAXI,OMNIBUS - TAXI,Making Left Turn,Not Entered,Southwest,Gas,2012,NY,2,4,FORD
39416,2015,SUBURBAN,PASSENGER OR SUBURBAN,Making Left Turn,Not Entered,East,Gas,2003,NY,2,6,FORD
39417,2015,4 DOOR SEDAN,PASSENGER OR SUBURBAN,Starting in Traffic,Not Entered,Northeast,Gas,2015,NY,1,6,FORD
39418,2015,4 DOOR SEDAN,PASSENGER OR SUBURBAN,Making U Turn,Not Entered,South,Gas,2011,NY,1,8,FORD
39419,2015,SUBURBAN,PASSENGER OR SUBURBAN,Going Straight Ahead,Not Entered,North,Gas,2005,NY,1,6,FORD
39420,2015,PICKUP TRUCK,Not Entered,Starting from Parking,Not Entered,East,Not Entered,2005,NY,1,,FORD
39421,2015,VAN TRUCK,OMNIBUS - TAXI,Making Right Turn,Not Entered,West,Gas,2011,NY,1,8,FORD
39422,2015,PICKUP TRUCK,PASSENGER OR SUBURBAN,Going Straight Ahead,Not Entered,South,Gas,2013,NY,2,8,FORD
39423,2015,4 DOOR SEDAN,PASSENGER OR SUBURBAN,Starting in Traffic,Not Entered,East,Gas,2008,NY,4,4,FORD
39424,2015,CONVERTIBLE,PASSENGER OR SUBURBAN,Going Straight Ahead,Not Entered,North,Gas,2001,NY,1,6,FORD
39425,2015,4 DOOR SEDAN,Not Entered,Going Straight Ahead,Not Entered,East,Not Entered,2011,ON,2,,FORD
39426,2015,SUBURBAN,PASSENGER OR SUBURBAN,Making Left Turn,Not Entered,North,Gas,1999,NY,1,10,FORD
39427,2015,PICKUP TRUCK,AGRICULTURAL TRUCK,Going Straight Ahead,Not Entered,West,Diesel,1999,NY,1,8,FORD
39428,2015,SUBURBAN,PASSENGER OR SUBURBAN,Going Straight Ahead,Not Entered,South,Gas,2003,NY,2,6,FORD
39429,2015,PICKUP TRUCK,PASSENGER OR SUBURBAN,Making Right Turn,Not Entered,Southwest,Gas,2001,NY,1,8,FORD
39430,2015,4 DOOR SEDAN,Not Entered,Making Right Turn,Not Entered,East,Not Entered,2010,PA,2,,FORD
39431,2015,SUBURBAN,PASSENGER OR SUBURBAN,Making Left Turn,Not Entered,West,Gas,1999,NY,2,6,FORD
39432,2015,SUBURBAN,PASSENGER OR SUBURBAN,Going Straight Ahead,Not Entered,West,Gas,2014,NY,1,4,FORD
39433,2015,4 DOOR SEDAN,PASSENGER OR SUBURBAN,Making Left Turn,Not Entered,West,Gas,2002,NY,1,6,FORD
39434,2015,4 DOOR SEDAN,PASSENGER OR SUBURBAN,Making Left Turn,Not Entered,East,Gas,2013,NY,1,4,FORD
39435,2015,4 DOOR SEDAN,PASSENGER OR SUBURBAN,Making Left Turn,Not Entered,West,Gas,2014,NY,1,4,FORD
39436,2015,SUBURBAN,PASSENGER OR SUBURBAN,Going Straight Ahead,Not Entered,East,Gas,2002,NY,1,6,FORD
39437,2015,PICKUP TRUCK,Not Entered,Making Left Turn,Not Entered,Northwest,Not Entered,1999,QC,2,,FORD
39438,2015,4 DOOR SEDAN,PASSENGER OR SUBURBAN,Making U Turn,Not Entered,West,Gas,2004,NY,2,4,FORD
39439,2015,VAN TRUCK,COMMERCIAL,Making Left Turn,Not Entered,South,Gas,2012,NY,1,8,FORD
39440,2015,SUBURBAN,PASSENGER OR SUBURBAN,Making Left Turn,Not Entered,North,Gas,2004,NY,3,6,FORD
39441,2015,SUBURBAN,Not Entered,Making Right Turn,Not Entered,Northeast,Not Entered,2015,NY,1,,FORD
39442,2015,4 DOOR SEDAN,OMNIBUS - TAXI,Going Straight Ahead,Not Entered,West,Gas,2008,NY,1,8,FORD
39443,2015,SUBURBAN,PASSENGER OR SUBURBAN,Making Right Turn,Not Entered,Northeast,Gas,2013,NY,1,4,FORD
39444,2015,VAN TRUCK,PASSENGER OR SUBURBAN,Making Left Turn,Not Entered,Southeast,Gas,2001,NY,1,6,FORD
39445,2015,SUBURBAN,PASSENGER OR SUBURBAN,Making Left Turn,Not Entered,North,Gas,2004,NY,1,6,FORD
39446,2014,4 DOOR SEDAN,PASSENGER OR SUBURBAN,Changing Lanes,Not Entered,South,Gas,2001,NY,1,6,FORD
39447,2014,SUBURBAN,AMBULANCE,Going Straight Ahead,Not Entered,East,Diesel,2005,NY,2,8,FORD
39448,2014,4 DOOR SEDAN,OMNIBUS - TAXI,Going Straight Ahead,Not Entered,South,Gas,2009,NY,1,8,FORD
39449,2014,4 DOOR SEDAN,PASSENGER OR SUBURBAN,Making Left Turn,Not Entered,Southeast,Gas,1999,NY,1,6,FORD
39450,2014,SUBURBAN,PASSENGER OR SUBURBAN,Going Straight Ahead,Not Entered,South,Gas,2014,NY,1,6,FORD
39451,2014,SUBURBAN,SCHOOL CAR,Making Right Turn,Not Entered,North,Diesel,2010,NY,1,8,FORD
39452,2014,4 DOOR SEDAN,PASSENGER OR SUBURBAN,Making Left Turn,Not Entered,Southwest,Gas,2007,NY,1,6,FORD
39453,2014,2 DOOR SEDAN,PASSENGER OR SUBURBAN,Making Left Turn,Not Entered,South,Gas,2011,NY,1,6,FORD
39454,2015,SUBURBAN,PASSENGER OR SUBURBAN,Going Straight Ahead,Not Entered,West,Gas,2002,NY,1,6,FORD
39455,2015,SUBURBAN,PASSENGER OR SUBURBAN,Going Straight Ahead,Not Entered,West,Gas,2013,NY,1,4,FORD
39456,2015,SUBURBAN,PASSENGER OR SUBURBAN,Going Straight Ahead,Not Entered,North,Gas,2004,NY,1,6,FORD
39457,2014,4 DOOR SEDAN,SPECIAL PASSENGER,Going Straight Ahead,Not Entered,North,Gas,2012,NY,1,6,FORD
39458,2015,4 DOOR SEDAN,PASSENGER OR SUBURBAN,Going Straight Ahead,Not Entered,North,Gas,2010,NY,3,4,FORD
39459,2014,PICKUP TRUCK,PASSENGER OR SUBURBAN,Going Straight Ahead,Not Entered,North,Gas,2000,NY,1,6,FORD
39460,2015,4 DOOR SEDAN,PASSENGER OR SUBURBAN,Going Straight Ahead,Not Entered,North,Gas,2012,NY,1,4,FORD
39461,2015,VAN TRUCK,COMMERCIAL,Going Straight Ahead,Not Entered,North,Gas,2011,NY,1,8,FORD
39462,2015,4 DOOR SEDAN,PASSENGER OR SUBURBAN,Going Straight Ahead,Not Entered,North,Gas,2001,NY,1,6,FORD
39463,2015,SUBURBAN,PASSENGER OR SUBURBAN,Going Straight Ahead,Not Entered,South,Gas,2007,NY,1,6,FORD
39464,2015,SUBURBAN,PASSENGER OR SUBURBAN,Avoiding Object in Roadway,Not Entered,West,Gas,2010,NY,1,8,FORD
39465,2015,4 DOOR SEDAN,Not Entered,Slowing or Stopping,Not Entered,West,Not Entered,2014,SC,1,,FORD
39466,2015,SUBURBAN,PASSENGER OR SUBURBAN,Going Straight Ahead,Not Entered,East,Gas,2005,NY,1,6,FORD
39467,2015,PICKUP TRUCK,COMMERCIAL,Slowing or Stopping,Not Entered,North,Gas,2012,NY,1,8,FORD
39468,2015,SUBURBAN,Not Entered,Going Straight Ahead,Not Entered,Southeast,Not Entered,2007,NJ,2,,FORD
39469,2015,4 DOOR SEDAN,PASSENGER OR SUBURBAN,Starting in Traffic,Not Entered,West,Gas,2014,NY,1,6,FORD
39470,2015,SUBURBAN,REGIONAL,Going Straight Ahead,Not Entered,East,Gas,2014,NY,1,6,FORD
39471,2015,SUBURBAN,PASSENGER OR SUBURBAN,Slowing or Stopping,Not Entered,West,Gas,2006,NY,1,6,FORD
39472,2015,4 DOOR SEDAN,OMNIBUS - LIVERY,Going Straight Ahead,Not Entered,Northeast,Gas,2008,NY,4,8,FORD
39473,2015,4 DOOR SEDAN,Not Entered,Going Straight Ahead,Not Entered,East,Not Entered,2007,NJ,1,,FORD
39474,2015,SUBURBAN,PASSENGER OR SUBURBAN,Going Straight Ahead,Not Entered,North,Gas,2007,NY,1,4,FORD
39475,2015,4 DOOR SEDAN,OMNIBUS - TAXI,Going Straight Ahead,Not Entered,North,Gas,2004,NY,1,8,FORD
39476,2015,SUBURBAN,Not Entered,Going Straight Ahead,Not Entered,North,Not Entered,2012,NY,2,,FORD
39477,2015,4 DOOR SEDAN,PASSENGER OR SUBURBAN,Going Straight Ahead,Not Entered,West,Gas,2012,NY,1,4,FORD
39478,2015,VAN TRUCK,OMNIBUS - LIVERY,Going Straight Ahead,Not Entered,West,Gas,2014,NY,1,8,FORD
39479,2015,4 DOOR SEDAN,PASSENGER OR SUBURBAN,Going Straight Ahead,Not Entered,West,Gas,2006,NY,1,4,FORD
39480,2015,SUBURBAN,PASSENGER OR SUBURBAN,Going Straight Ahead,Not Entered,East,Gas,2005,NY,2,6,FORD
39481,2015,SUBURBAN,PASSENGER OR SUBURBAN,Slowing or Stopping,Not Entered,East,Gas,2008,NY,1,8,FORD
39482,2015,SUBURBAN,PASSENGER OR SUBURBAN,Going Straight Ahead,Not Entered,West,Gas,2002,NY,1,6,FORD
39483,2015,4 DOOR SEDAN,PASSENGER OR SUBURBAN,Slowing or Stopping,Not Entered,West,Gas,2006,NY,3,4,FORD
39484,2015,SUBURBAN,ORGANIZATIONAL,Slowing or Stopping,Not Entered,South,Gas,2000,NY,1,10,FORD
39485,2015,SUBURBAN,PASSENGER OR SUBURBAN,Going Straight Ahead,Not Entered,North,Gas,2015,NY,1,4,FORD
39486,2015,4 DOOR SEDAN,PASSENGER OR SUBURBAN,Slowing or Stopping,Not Entered,West,Gas,2013,NY,1,4,FORD
39487,2015,PICKUP TRUCK,PASSENGER OR SUBURBAN,Going Straight Ahead,Not Entered,West,Gas,2015,NY,2,6,FORD
39488,2015,4 DOOR SEDAN,PASSENGER OR SUBURBAN,Going Straight Ahead,Not Entered,East,Gas,2011,NY,1,4,FORD
39489,2015,PICKUP TRUCK,PASSENGER OR SUBURBAN,Going Straight Ahead,Not Entered,East,Gas,2000,NY,1,6,FORD
39490,2015,SUBURBAN,PASSENGER OR SUBURBAN,Going Straight Ahead,Not Entered,South,Gas,2001,NY,1,6,FORD
39491,2015,4 DOOR SEDAN,PASSENGER OR SUBURBAN,Going Straight Ahead,Not Entered,East,Gas,2000,NY,1,8,FORD
39492,2015,SUBURBAN,PASSENGER OR SUBURBAN,Going Straight Ahead,Not Entered,West,Gas,2002,NY,1,6,FORD
39493,2015,4 DOOR SEDAN,PASSENGER OR SUBURBAN,Going Straight Ahead,Not Entered,South,Gas,2003,NY,1,4,FORD
39494,2015,SUBURBAN,PASSENGER OR SUBURBAN,Slowing or Stopping,Not Entered,South,Gas,2002,NY,1,6,FORD
39495,2015,SUBURBAN,PASSENGER OR SUBURBAN,Changing Lanes,Not Entered,East,Gas,1987,NY,1,8,FORD
39496,2015,4 DOOR SEDAN,PASSENGER OR SUBURBAN,Going Straight Ahead,Not Entered,North,Gas,2015,NY,1,4,FORD
39497,2015,SUBURBAN,SPECIAL PASSENGER,Going Straight Ahead,Not Entered,East,Gas,2013,NY,1,4,FORD
39498,2015,4 DOOR SEDAN,OMNIBUS - TAXI,Going Straight Ahead,Not Entered,East,Gas,2010,NY,1,8,FORD
39499,2015,PICKUP TRUCK,Not Entered,Going Straight Ahead,Not Entered,North,Not Entered,2005,NY,1,,FORD
39500,2015,SUBURBAN,PASSENGER OR SUBURBAN,Going Straight Ahead,Not Entered,North,Gas,2005,NY,1,6,FORD
39501,2015,PICKUP TRUCK,AGRICULTURAL TRUCK,Slowing or Stopping,Not Entered,West,Gas,2001,NY,1,8,FORD
39502,2015,SUBURBAN,PASSENGER OR SUBURBAN,Slowing or Stopping,Not Entered,West,Gas,2002,NY,1,8,FORD
39503,2015,2 DOOR SEDAN,PASSENGER OR SUBURBAN,Slowing or Stopping,Not Entered,South,Gas,2015,NY,2,8,FORD
39504,2015,PICKUP TRUCK,Not Entered,Going Straight Ahead,Not Entered,Southwest,Not Entered,2008,OH,1,,FORD
39505,2015,VAN TRUCK,AGRICULTURAL TRUCK,Slowing or Stopping,Not Entered,North,Gas,2013,NY,1,8,FORD
39506,2015,SUBURBAN,PASSENGER OR SUBURBAN,Slowing or Stopping,Not Entered,West,Gas,2000,NY,1,6,FORD
39507,2015,4 DOOR SEDAN,PASSENGER OR SUBURBAN,Going Straight Ahead,Not Entered,South,Gas,2012,NY,1,4,FORD
39508,2015,PICKUP TRUCK,PASSENGER OR SUBURBAN,Going Straight Ahead,Not Entered,East,Gas,2014,NY,1,6,FORD
39509,2015,2 DOOR SEDAN,PASSENGER OR SUBURBAN,Going Straight Ahead,Not Entered,West,Gas,1995,NY,4,6,FORD
39510,2015,4 DOOR SEDAN,OMNIBUS - LIVERY,Slowing or Stopping,Not Entered,East,Gas,2005,NY,1,8,FORD
39511,2015,SUBURBAN,PASSENGER OR SUBURBAN,Going Straight Ahead,Not Entered,North,Gas,2013,NY,2,4,FORD
39512,2015,VAN TRUCK,AGRICULTURAL TRUCK,Starting in Traffic,Not Entered,East,Gas,1999,NY,1,8,FORD
39513,2015,SUBURBAN,PASSENGER OR SUBURBAN,Slowing or Stopping,Not Entered,East,Gas,2015,NY,1,4,FORD
39514,2015,PICKUP TRUCK,AGRICULTURAL TRUCK,Going Straight Ahead,Not Entered,South,Diesel,2004,NY,1,8,FORD
39515,2015,TAXI,OMNIBUS - TAXI,Going Straight Ahead,Not Entered,North,Gas,2011,NY,1,8,FORD
39516,2015,4 DOOR SEDAN,PASSENGER OR SUBURBAN,Going Straight Ahead,Not Entered,South,Gas,2014,NY,1,4,FORD
39517,2015,DUMP,COMMERCIAL,Going Straight Ahead,Not Entered,North,Gas,1999,NY,2,10,FORD
39518,2015,4 DOOR SEDAN,PASSENGER OR SUBURBAN,Going Straight Ahead,Not Entered,West,Gas,1998,NY,1,6,FORD
39519,2015,SUBURBAN,SCHOOL CAR,Making Left Turn,Not Entered,South,Diesel,2006,NY,15,8,FORD
39520,2015,TAXI,OMNIBUS - TAXI,Going Straight Ahead,Not Entered,West,Gas,2011,NY,,8,FORD
39521,2015,SUBURBAN,OMNIBUS - LIVERY,Going Straight Ahead,Not Entered,South,Diesel,2008,NY,1,8,FORD
39522,2014,SUBURBAN,PASSENGER OR SUBURBAN,Going Straight Ahead,Not Entered,East,Gas,2004,NY,1,6,FORD
39523,2014,4 DOOR SEDAN,PASSENGER OR SUBURBAN,Going Straight Ahead,Not Entered,South,Gas,2001,NY,1,4,FORD
39524,2014,PICKUP TRUCK,AGRICULTURAL TRUCK,Going Straight Ahead,Not Entered,West,Diesel,2006,NY,2,8,FORD
39525,2014,SUBURBAN,OMNIBUS - LIVERY,Going Straight Ahead,Not Entered,West,Gas,2011,NY,1,8,FORD
39526,2014,SUBURBAN,PASSENGER OR SUBURBAN,Starting in Traffic,Not Entered,West,Diesel,2001,NY,1,8,FORD
39527,2014,VAN TRUCK,AGRICULTURAL TRUCK,Going Straight Ahead,Not Entered,West,Electric,2011,NY,1,0,FORD
39528,2014,VAN TRUCK,AGRICULTURAL TRUCK,Slowing or Stopping,Not Entered,West,Gas,2007,NY,1,8,FORD
39529,2015,SUBURBAN,PASSENGER OR SUBURBAN,Making Left Turn,Not Entered,North,Gas,2013,NY,1,6,FORD
39530,2015,PICKUP TRUCK,AGRICULTURAL TRUCK,Slowing or Stopping,Not Entered,West,Gas,2011,NY,1,4,FORD
39531,2015,SUBURBAN,PASSENGER OR SUBURBAN,Going Straight Ahead,Not Entered,East,Gas,2014,NY,1,4,FORD
39532,2014,2 DOOR SEDAN,PASSENGER OR SUBURBAN,Starting from Parking,Not Entered,Northwest,Gas,2014,NY,1,6,FORD
39533,2015,PICKUP TRUCK,COMMERCIAL,Going Straight Ahead,Not Entered,West,Gas,1996,NY,1,8,FORD
39534,2015,PICKUP TRUCK,COMMERCIAL,Going Straight Ahead,Not Entered,North,Diesel,2001,NY,1,8,FORD
39535,2014,4 DOOR SEDAN,ORGANIZATIONAL,Going Straight Ahead,Not Entered,West,Gas,2014,NY,1,4,FORD
39536,2015,SUBURBAN,PASSENGER OR SUBURBAN,Going Straight Ahead,Not Entered,East,Gas,1998,NY,1,6,FORD
39537,2015,4 DOOR SEDAN,Not Entered,Going Straight Ahead,Not Entered,North,Not Entered,2012,NJ,1,,FORD
39538,2015,PICKUP TRUCK,Not Entered,Going Straight Ahead,Not Entered,South,Not Entered,1988,NJ,1,,FORD
39539,2015,SUBURBAN,PASSENGER OR SUBURBAN,Going Straight Ahead,Not Entered,East,Gas,2007,NY,1,6,FORD
39540,2015,4 DOOR SEDAN,PASSENGER OR SUBURBAN,Going Straight Ahead,Not Entered,West,Gas,2007,NY,1,6,FORD
39541,2015,PICKUP TRUCK,COMMERCIAL,Going Straight Ahead,Not Entered,South,Gas,2007,NY,1,8,FORD
39542,2015,PICKUP TRUCK,PASSENGER OR SUBURBAN,Making Left Turn,Not Entered,East,Gas,2004,NY,1,6,FORD
39543,2015,4 DOOR SEDAN,PASSENGER OR SUBURBAN,Going Straight Ahead,Not Entered,North,Gas,2012,NY,1,4,FORD
39544,2015,4 DOOR SEDAN,PASSENGER OR SUBURBAN,Backing,Not Entered,North,Gas,2010,NY,2,4,FORD
39545,2015,TOW TRUCK,TOW TRUCK,Slowing or Stopping,Not Entered,North,Diesel,1988,NY,1,6,FORD
39546,2015,SUBURBAN,PASSENGER OR SUBURBAN,Going Straight Ahead,Not Entered,North,Gas,2008,NY,3,6,FORD
39547,2015,PICKUP TRUCK,PASSENGER OR SUBURBAN,Making Right Turn,Not Entered,South,Gas,2010,NY,1,8,FORD
39548,2015,SUBURBAN,PASSENGER OR SUBURBAN,Making Right Turn,Not Entered,South,Gas,2013,NY,1,6,FORD
39549,2015,PICKUP TRUCK,PASSENGER OR SUBURBAN,Stopped in Traffic,Not Entered,East,Gas,2006,NY,1,8,FORD
39550,2015,SUBURBAN,PASSENGER OR SUBURBAN,Making Left Turn,Not Entered,Northwest,Gas,2002,NY,1,6,FORD
39551,2015,SUBURBAN,PASSENGER OR SUBURBAN,Parked,Not Entered,East,Gas,2004,NY,0,6,FORD
39552,2015,SUBURBAN,PASSENGER OR SUBURBAN,Parked,Not Entered,South,Gas,2011,NY,0,6,FORD
39553,2015,4 DOOR SEDAN,OMNIBUS - TAXI,Making Right Turn,Not Entered,South,Gas,2008,NY,2,8,FORD
39554,2015,4 DOOR SEDAN,Not Entered,Making Left Turn,Not Entered,East,Not Entered,2012,NC,1,,FORD
39555,2015,SUBURBAN,PASSENGER OR SUBURBAN,Going Straight Ahead,Not Entered,Northeast,Gas,2003,NY,1,6,FORD
39556,2015,VAN TRUCK,AGRICULTURAL TRUCK,Going Straight Ahead,Not Entered,North,Gas,2003,NY,1,8,FORD
39557,2015,SUBURBAN,PASSENGER OR SUBURBAN,Going Straight Ahead,Not Entered,South,Gas,2011,NY,1,6,FORD
39558,2015,SUBURBAN,PASSENGER OR SUBURBAN,Going Straight Ahead,Not Entered,East,Gas,2004,NY,1,6,FORD
39559,2015,4 DOOR SEDAN,PASSENGER OR SUBURBAN,Going Straight Ahead,Not Entered,South,Gas,2013,NY,1,4,FORD
39560,2015,VAN TRUCK,AMBULANCE,Slowing or Stopping,Not Entered,East,Diesel,2008,NY,2,8,FORD
39561,2015,SUBURBAN,SPECIAL PASSENGER,Going Straight Ahead,Not Entered,South,Gas,2006,NY,1,6,FORD
39562,2015,SUBURBAN,PASSENGER OR SUBURBAN,Slowing or Stopping,Not Entered,West,Gas,2003,NY,1,8,FORD
39563,2015,SUBURBAN,PASSENGER OR SUBURBAN,Going Straight Ahead,Not Entered,North,Gas,2006,NY,1,6,FORD
39564,2015,SUBURBAN,PASSENGER OR SUBURBAN,Going Straight Ahead,Not Entered,East,Gas,2003,NY,1,8,FORD
39565,2015,4 DOOR SEDAN,Not Entered,Slowing or Stopping,Not Entered,South,Not Entered,1996,NJ,1,,FORD
39566,2015,SUBURBAN,PASSENGER OR SUBURBAN,Going Straight Ahead,Not Entered,East,Gas,2004,NY,1,8,FORD
39567,2015,PICKUP TRUCK,PASSENGER OR SUBURBAN,Going Straight Ahead,Not Entered,East,Gas,2001,NY,2,8,FORD
39568,2015,4 DOOR SEDAN,Not Entered,Going Straight Ahead,Not Entered,West,Not Entered,2014,SC,1,,FORD
39569,2015,SUBURBAN,PASSENGER OR SUBURBAN,Going Straight Ahead,Not Entered,North,Gas,2015,NY,1,4,FORD
39570,2015,SUBURBAN,PASSENGER OR SUBURBAN,Slowing or Stopping,Not Entered,West,Gas,2006,NY,1,6,FORD
39571,2015,SUBURBAN,PASSENGER OR SUBURBAN,Parked,Not Entered,South,Gas,2008,NY,1,6,FORD
39572,2015,4 DOOR SEDAN,SPECIAL PASSENGER,Making Left Turn,Not Entered,Southeast,Gas,2014,NY,1,4,FORD
39573,2015,SUBURBAN,PASSENGER OR SUBURBAN,Going Straight Ahead,Not Entered,South,Gas,2007,NY,1,6,FORD
39574,2015,TAXI,OMNIBUS - TAXI,Making Right Turn,Not Entered,Southwest,Gas,2008,NY,1,8,FORD
39575,2015,VAN TRUCK,PASSENGER OR SUBURBAN,Going Straight Ahead,Not Entered,North,Gas,2002,NY,3,6,FORD
39576,2015,SUBURBAN,PASSENGER OR SUBURBAN,Stopped in Traffic,Not Entered,West,Gas,2014,NY,1,6,FORD
39577,2015,4 DOOR SEDAN,PASSENGER OR SUBURBAN,Making Left Turn,Not Entered,South,Gas,2013,NY,1,4,FORD
39578,2015,SUBURBAN,PASSENGER OR SUBURBAN,Slowing or Stopping,Not Entered,North,Gas,2006,NY,1,8,FORD
39579,2015,SUBURBAN,PASSENGER OR SUBURBAN,Stopped in Traffic,Not Entered,South,Gas,2011,NY,1,6,FORD
39580,2015,4 DOOR SEDAN,PASSENGER OR SUBURBAN,Going Straight Ahead,Not Entered,South,Gas,2014,NY,3,6,FORD
39581,2015,SUBURBAN,PASSENGER OR SUBURBAN,Slowing or Stopping,Not Entered,South,Gas,2007,NY,1,6,FORD
39582,2015,SUBURBAN,PASSENGER OR SUBURBAN,Going Straight Ahead,Not Entered,East,Gas,2014,NY,2,6,FORD
39583,2015,SUBURBAN,PASSENGER OR SUBURBAN,Stopped in Traffic,Not Entered,East,Gas,2013,NY,1,4,FORD
39584,2015,PICKUP TRUCK,AGRICULTURAL TRUCK,Slowing or Stopping,Not Entered,South,Gas,1999,NY,1,8,FORD
39585,2015,BUS (OMNIBUS),OMNIBUS - REGULAR,Parked,Not Entered,West,Gas,2014,NY,3,10,FORD
39586,2015,2 DOOR SEDAN,PASSENGER OR SUBURBAN,Stopped in Traffic,Not Entered,East,Gas,2006,NY,1,8,FORD
39587,2015,SUBURBAN,PASSENGER OR SUBURBAN,Parked,Not Entered,West,Gas,2001,NY,0,6,FORD
39588,2015,SUBURBAN,PASSENGER OR SUBURBAN,Parked,Not Entered,South,Gas,2010,NY,0,6,FORD
39589,2015,SUBURBAN,PASSENGER OR SUBURBAN,Parked,Not Entered,North,Gas,2008,NY,0,4,FORD
39590,2015,4 DOOR SEDAN,PASSENGER OR SUBURBAN,Going Straight Ahead,Not Entered,East,Gas,2010,NY,1,4,FORD
39591,2015,SUBURBAN,PASSENGER OR SUBURBAN,Parked,Not Entered,West,Gas,2010,NY,0,6,FORD
39592,2015,4 DOOR SEDAN,PASSENGER OR SUBURBAN,Going Straight Ahead,Not Entered,North,Gas,2011,NY,1,4,FORD
39593,2015,PICKUP TRUCK,PASSENGER OR SUBURBAN,Stopped in Traffic,Not Entered,North,Gas,2004,NY,2,8,FORD
39594,2015,SUBURBAN,PASSENGER OR SUBURBAN,Stopped in Traffic,Not Entered,South,Gas,2010,NY,1,6,FORD
39595,2015,SUBURBAN,Not Entered,Going Straight Ahead,Not Entered,South,Not Entered,1999,NY,1,,FORD
39596,2015,SUBURBAN,PASSENGER OR SUBURBAN,Stopped in Traffic,Not Entered,East,Gas,1999,NY,1,6,FORD
39597,2015,4 DOOR SEDAN,PASSENGER OR SUBURBAN,Stopped in Traffic,Not Entered,East,Gas,2008,NY,2,4,FORD
39598,2015,SUBURBAN,PASSENGER OR SUBURBAN,Stopped in Traffic,Not Entered,East,Gas,2011,NY,1,6,FORD
39599,2015,PICKUP TRUCK,COMMERCIAL,Going Straight Ahead,Not Entered,North,Gas,2008,NY,1,8,FORD
39600,2015,SUBURBAN,PASSENGER OR SUBURBAN,Stopped in Traffic,Not Entered,North,Gas,2002,NY,1,6,FORD
39601,2015,4 DOOR SEDAN,PASSENGER OR SUBURBAN,Going Straight Ahead,Not Entered,West,Gas,2008,NY,1,4,FORD
39602,2015,2 DOOR SEDAN,PASSENGER OR SUBURBAN,Stopped in Traffic,Not Entered,North,Gas,2003,NY,1,6,FORD
39603,2015,4 DOOR SEDAN,Not Entered,Going Straight Ahead,Not Entered,East,Not Entered,2013,NY,1,,FORD