Case Num,Year,Vehicle Body Type,Registration Class,Action Prior to Accident,Type / Axles of Truck or Bus,Direction of Travel,Fuel Type,Vehicle Year,State of Registration,Number of Occupants,Engine Cylinders,Vehicle Make
39604,2015,PICKUP TRUCK,PASSENGER OR SUBURBAN,Going Straight Ahead,Not Entered,West,Gas,2006,NY,1,8,FORD
39605,2015,SUBURBAN,SPECIAL PASSENGER,Slowing or Stopping,Not Entered,South,Gas,2010,NY,1,6,FORD
39606,2015,4 DOOR SEDAN,PASSENGER OR SUBURBAN,Entering Parked Position,Not Entered,West,Gas,2002,NY,2,8,FORD
39607,2014,2 DOOR SEDAN,PASSENGER OR SUBURBAN,Other,Not Entered,South,Gas,2003,NY,2,6,FORD
39608,2015,SUBURBAN,PASSENGER OR SUBURBAN,Slowing or Stopping,Not Entered,South,Gas,2010,NY,1,6,FORD
39609,2015,SUBURBAN,PASSENGER OR SUBURBAN,Going Straight Ahead,Not Entered,South,Gas,2015,NY,2,6,FORD
39610,2015,4 DOOR SEDAN,Not Entered,Going Straight Ahead,Not Entered,South,Not Entered,2007,MD,1,,FORD
39611,2015,PICKUP TRUCK,AGRICULTURAL TRUCK,Going Straight Ahead,Not Entered,West,Gas,2013,NY,1,8,FORD
39612,2015,4 DOOR SEDAN,PASSENGER OR SUBURBAN,Parked,Not Entered,Unknown,Gas,2011,NY,1,4,FORD
39613,2015,UTILITY,COMMERCIAL,Going Straight Ahead,Not Entered,North,Gas,2003,NY,1,10,FORD
39614,2015,TAXI,OMNIBUS - TAXI,Going Straight Ahead,Not Entered,North,Gas,2011,NY,4,8,FORD
39615,2014,PICKUP TRUCK,COMMERCIAL,Going Straight Ahead,Not Entered,East,Diesel,2000,NY,1,8,FORD
39616,2015,VAN TRUCK,AGRICULTURAL TRUCK,Making Right Turn,Not Entered,South,Gas,2001,NY,1,6,FORD
39617,2015,PICKUP TRUCK,PASSENGER OR SUBURBAN,Going Straight Ahead,Not Entered,East,Gas,2001,NY,1,6,FORD
39618,2015,2 DOOR SEDAN,PASSENGER OR SUBURBAN,Going Straight Ahead,Not Entered,South,Gas,2007,NY,1,8,FORD
39619,2015,SUBURBAN,PASSENGER OR SUBURBAN,Going Straight Ahead,Not Entered,West,Gas,2015,NY,4,4,FORD
39620,2015,4 DOOR SEDAN,PASSENGER OR SUBURBAN,Stopped in Traffic,Not Entered,West,Gas,2010,NY,1,4,FORD
39621,2015,SUBURBAN,Not Entered,Going Straight Ahead,Not Entered,South,Not Entered,2007,NC,3,,FORD
39622,2015,SUBURBAN,OMNIBUS - LIVERY,Going Straight Ahead,Not Entered,West,Diesel,2009,NY,2,8,FORD
39623,2015,4 DOOR SEDAN,PASSENGER OR SUBURBAN,Starting from Parking,Not Entered,North,Gas,2013,NY,2,4,FORD
39624,2015,PICKUP TRUCK,PASSENGER OR SUBURBAN,Making Left Turn,Not Entered,North,Gas,2000,NY,2,6,FORD
39625,2015,VAN TRUCK,PASSENGER OR SUBURBAN,Overtaking/Passing,Not Entered,South,Gas,2006,NY,1,8,FORD
39626,2015,SUBURBAN,OMNIBUS - TAXI,Going Straight Ahead,Not Entered,South,Gas,2009,NY,4,4,FORD
39627,2015,PICKUP TRUCK,PASSENGER OR SUBURBAN,Entering Parked Position,Not Entered,East,Gas,2005,NY,1,8,FORD
39628,2015,4 DOOR SEDAN,Not Entered,Unknown,Not Entered,West,Not Entered,,NY,,,FORD
39629,2015,UTILITY,COMMERCIAL,Going Straight Ahead,Not Entered,West,Diesel,1997,NY,1,8,FORD
39630,2015,SUBURBAN,PASSENGER OR SUBURBAN,Overtaking/Passing,Not Entered,Northwest,Gas,2015,NY,1,6,FORD
39631,2015,VAN TRUCK,COMMERCIAL,Going Straight Ahead,Not Entered,North,Gas,2013,NY,1,8,FORD
39632,2015,SUBURBAN,PASSENGER OR SUBURBAN,Going Straight Ahead,Not Entered,West,Gas,2008,NY,1,6,FORD
39633,2015,SUBURBAN,PASSENGER OR SUBURBAN,Going Straight Ahead,Not Entered,South,Gas,2000,NY,1,6,FORD
39634,2015,SUBURBAN,PASSENGER OR SUBURBAN,Overtaking/Passing,Not Entered,East,Gas,2014,NY,,6,FORD
39635,2014,PICKUP TRUCK,COMMERCIAL,Going Straight Ahead,Not Entered,West,Gas,2004,NY,1,10,FORD
39636,2014,PICKUP TRUCK,Not Entered,Going Straight Ahead,Not Entered,West,Not Entered,2003,CT,1,,FORD
39637,2014,UTILITY,POLITICAL SUBDIVISION,Making Right Turn,Not Entered,Southeast,Diesel,2006,NY,1,6,FORD
39638,2014,PICKUP TRUCK,Not Entered,Changing Lanes,Not Entered,West,Not Entered,2012,AZ,1,,FORD
39639,2014,SUBURBAN,PASSENGER OR SUBURBAN,Going Straight Ahead,Not Entered,West,Gas,2007,NY,1,6,FORD
39640,2014,VAN TRUCK,AGRICULTURAL TRUCK,Going Straight Ahead,Not Entered,East,Gas,1998,NY,1,6,FORD
39641,2015,SUBURBAN,PASSENGER OR SUBURBAN,Merging,Not Entered,West,Gas,1995,NY,1,8,FORD
39642,2015,SUBURBAN,PASSENGER OR SUBURBAN,Going Straight Ahead,Not Entered,West,Gas,2014,NY,4,8,FORD
39643,2014,TAXI,OMNIBUS - TAXI,Going Straight Ahead,Not Entered,West,Gas,2009,NY,,4,FORD
39644,2015,4 DOOR SEDAN,PASSENGER OR SUBURBAN,Slowing or Stopping,Not Entered,West,Gas,1991,NY,1,6,FORD
39645,2015,SUBURBAN,Not Entered,Making Left Turn,Not Entered,Southwest,Not Entered,2008,NY,1,,FORD
39646,2014,PICKUP TRUCK,COMMERCIAL,Going Straight Ahead,Not Entered,South,Gas,2000,NY,2,8,FORD
39647,2016,PICKUP TRUCK,Not Entered,Going Straight Ahead,Not Entered,East,Not Entered,2010,NY,1,,FORD
39648,2015,SUBURBAN,PASSENGER OR SUBURBAN,Stopped in Traffic,Not Entered,East,Gas,2011,NY,1,6,FORD
39649,2015,PICKUP TRUCK,PASSENGER OR SUBURBAN,Parked,Not Entered,West,Gas,2004,NY,0,8,FORD
39650,2015,4 DOOR SEDAN,PASSENGER OR SUBURBAN,Making Left Turn,Not Entered,West,Gas,2013,NY,3,4,FORD
39651,2015,PICKUP TRUCK,PASSENGER OR SUBURBAN,Going Straight Ahead,Not Entered,South,Gas,2003,NY,1,6,FORD
39652,2015,SUBURBAN,PASSENGER OR SUBURBAN,Going Straight Ahead,Not Entered,West,Gas,2014,NY,1,4,FORD
39653,2015,SUBURBAN,PASSENGER OR SUBURBAN,Going Straight Ahead,Not Entered,North,Gas,2005,NY,1,4,FORD
39654,2015,PICKUP TRUCK,PASSENGER OR SUBURBAN,Going Straight Ahead,Not Entered,North,Gas,1992,NY,1,6,FORD
39655,2015,2 DOOR SEDAN,Not Entered,Going Straight Ahead,Not Entered,East,Not Entered,1999,NY,1,,FORD
39656,2015,2 DOOR SEDAN,PASSENGER OR SUBURBAN,Going Straight Ahead,Not Entered,South,Gas,2006,NY,1,6,FORD
39657,2015,4 DOOR SEDAN,PASSENGER OR SUBURBAN,Going Straight Ahead,Not Entered,South,Gas,2012,NY,4,6,FORD
39658,2015,PICKUP TRUCK,PASSENGER OR SUBURBAN,Slowing or Stopping,Not Entered,North,Gas,2008,NY,1,8,FORD
39659,2015,PICKUP TRUCK,PASSENGER OR SUBURBAN,Going Straight Ahead,Not Entered,North,Gas,2001,NY,1,6,FORD
39660,2015,4 DOOR SEDAN,PASSENGER OR SUBURBAN,Making Right Turn,Not Entered,West,Gas,2004,NY,1,6,FORD
39661,2015,4 DOOR SEDAN,PASSENGER OR SUBURBAN,Going Straight Ahead,Not Entered,North,Gas,2011,NY,3,4,FORD
39662,2015,SUBURBAN,PASSENGER OR SUBURBAN,Starting in Traffic,Not Entered,West,Gas,2013,NY,1,6,FORD
39663,2015,SUBURBAN,PASSENGER OR SUBURBAN,Going Straight Ahead,Not Entered,North,Gas,2001,NY,1,8,FORD
39664,2015,SUBURBAN,PASSENGER OR SUBURBAN,Going Straight Ahead,Not Entered,South,Diesel,2013,NY,2,8,FORD
39665,2015,PICKUP TRUCK,AGRICULTURAL TRUCK,Making Left Turn,Not Entered,East,Diesel,2007,NY,2,8,FORD
39666,2014,2 DOOR SEDAN,PASSENGER OR SUBURBAN,Going Straight Ahead,Not Entered,South,Gas,1998,NY,1,6,FORD
39667,2014,4 DOOR SEDAN,PASSENGER OR SUBURBAN,Going Straight Ahead,Not Entered,North,Gas,2006,NY,1,6,FORD
39668,2014,4 DOOR SEDAN,PASSENGER OR SUBURBAN,Changing Lanes,Not Entered,South,Gas,2013,NY,1,6,FORD
39669,2014,SUBURBAN,PASSENGER OR SUBURBAN,Going Straight Ahead,Not Entered,Northeast,Gas,2006,NY,1,6,FORD
39670,2014,SUBURBAN,PASSENGER OR SUBURBAN,Going Straight Ahead,Not Entered,South,Gas,2007,NY,1,6,FORD
39671,2014,TAXI,OMNIBUS - TAXI,Backing,Not Entered,South,Gas,2008,NY,2,8,FORD
39672,2014,PICKUP TRUCK,PASSENGER OR SUBURBAN,Making Left Turn,Not Entered,Southeast,Gas,2004,NY,1,8,FORD
39673,2014,PICKUP TRUCK,PASSENGER OR SUBURBAN,Going Straight Ahead,Not Entered,West,Gas,2002,NY,1,8,FORD
39674,2014,SUBURBAN,PASSENGER OR SUBURBAN,Going Straight Ahead,Not Entered,South,Gas,2008,NY,1,6,FORD
39675,2014,4 DOOR SEDAN,PASSENGER OR SUBURBAN,Going Straight Ahead,Not Entered,South,Gas,2007,NY,1,4,FORD
39676,2014,4 DOOR SEDAN,PASSENGER OR SUBURBAN,Going Straight Ahead,Not Entered,West,Gas,2001,NY,4,4,FORD
39677,2014,4 DOOR SEDAN,PASSENGER OR SUBURBAN,Going Straight Ahead,Not Entered,South,Gas,2002,NY,1,6,FORD
39678,2014,4 DOOR SEDAN,PASSENGER OR SUBURBAN,Going Straight Ahead,Not Entered,North,Gas,2006,NY,1,6,FORD
39679,2014,PICKUP TRUCK,PASSENGER OR SUBURBAN,Slowing or Stopping,Not Entered,Northwest,Gas,1996,NY,1,4,FORD
39680,2014,PICKUP TRUCK,PASSENGER OR SUBURBAN,Going Straight Ahead,Not Entered,South,Gas,2000,NY,1,6,FORD
39681,2014,UTILITY,AGRICULTURAL TRUCK,Going Straight Ahead,Not Entered,North,Gas,1997,NY,1,8,FORD
39682,2014,VAN TRUCK,COMMERCIAL,Going Straight Ahead,Not Entered,East,Gas,1999,NY,1,6,FORD
39683,2014,4 DOOR SEDAN,OMNIBUS - LIVERY,Going Straight Ahead,Not Entered,South,Gas,2009,NY,1,8,FORD
39684,2014,SUBURBAN,PASSENGER OR SUBURBAN,Going Straight Ahead,Not Entered,North,Gas,2008,NY,1,8,FORD
39685,2014,4 DOOR SEDAN,Not Entered,Changing Lanes,Not Entered,North,Not Entered,2011,NY,2,,FORD
39686,2014,2 DOOR SEDAN,PASSENGER OR SUBURBAN,Slowing or Stopping,Not Entered,South,Gas,2000,NY,2,6,FORD
39687,2015,4 DOOR SEDAN,OMNIBUS - TAXI,Starting from Parking,Not Entered,North,Gas,2007,NY,2,8,FORD
39688,2015,PICKUP TRUCK,AGRICULTURAL TRUCK,Going Straight Ahead,Not Entered,East,Diesel,2006,NY,1,8,FORD
39689,2015,SUBURBAN,PASSENGER OR SUBURBAN,Going Straight Ahead,Not Entered,North,Gas,2013,NY,1,6,FORD
39690,2015,4 DOOR SEDAN,PASSENGER OR SUBURBAN,Slowing or Stopping,Not Entered,Southeast,Gas,2004,NY,1,6,FORD
39691,2015,SUBURBAN,PASSENGER OR SUBURBAN,Going Straight Ahead,Not Entered,East,Gas,2011,NY,1,6,FORD
39692,2015,4 DOOR SEDAN,OMNIBUS - LIVERY,Going Straight Ahead,Not Entered,North,Gas,2003,NY,2,8,FORD
39693,2015,PICKUP TRUCK,PASSENGER OR SUBURBAN,Going Straight Ahead,Not Entered,South,Gas,2008,NY,1,8,FORD
39694,2015,PICKUP TRUCK,AGRICULTURAL TRUCK,Changing Lanes,Not Entered,West,Diesel,2012,NY,2,8,FORD
39695,2015,4 DOOR SEDAN,PASSENGER OR SUBURBAN,Going Straight Ahead,Not Entered,North,Gas,2014,NY,2,4,FORD
39696,2015,PICKUP TRUCK,PASSENGER OR SUBURBAN,Going Straight Ahead,Not Entered,East,Gas,2003,NY,4,8,FORD
39697,2015,SUBURBAN,Not Entered,Stopped in Traffic,Not Entered,East,Not Entered,2004,FL,1,,FORD
39698,2015,SUBURBAN,PASSENGER OR SUBURBAN,Going Straight Ahead,Not Entered,South,Gas,2003,NY,2,6,FORD
39699,2015,SUBURBAN,PASSENGER OR SUBURBAN,Going Straight Ahead,Not Entered,West,Gas,2015,NY,3,6,FORD
39700,2015,SUBURBAN,PASSENGER OR SUBURBAN,Going Straight Ahead,Not Entered,West,Gas,2001,NY,2,8,FORD
39701,2015,PICKUP TRUCK,PASSENGER OR SUBURBAN,Going Straight Ahead,Not Entered,West,Gas,1999,NY,1,8,FORD
39702,2015,SUBURBAN,PASSENGER OR SUBURBAN,Going Straight Ahead,Not Entered,South,Gas,1998,NY,2,6,FORD
39703,2015,4 DOOR SEDAN,PASSENGER OR SUBURBAN,Going Straight Ahead,Not Entered,North,Gas,2003,NY,1,4,FORD
39704,2015,SUBURBAN,PASSENGER OR SUBURBAN,Slowing or Stopping,Not Entered,West,Gas,2009,NY,1,6,FORD
39705,2015,PICKUP TRUCK,Not Entered,Going Straight Ahead,Not Entered,East,Not Entered,2005,NY,1,,FORD
39706,2015,PICKUP TRUCK,COMMERCIAL,Making Left Turn,Not Entered,Northeast,Gas,1999,NY,1,10,FORD
39707,2015,SUBURBAN,PASSENGER OR SUBURBAN,Going Straight Ahead,Not Entered,West,Gas,2002,NY,3,6,FORD
39708,2015,4 DOOR SEDAN,PASSENGER OR SUBURBAN,Making Left Turn,Not Entered,East,Gas,2004,NY,1,4,FORD
39709,2015,VAN TRUCK,AGRICULTURAL TRUCK,Going Straight Ahead,Not Entered,North,Gas,2000,NY,2,6,FORD
39710,2015,SUBURBAN,PASSENGER OR SUBURBAN,Going Straight Ahead,Not Entered,West,Gas,2002,NY,1,8,FORD
39711,2015,PICKUP TRUCK,COMMERCIAL,Going Straight Ahead,Not Entered,North,Diesel,2008,NY,1,8,FORD
39712,2015,SUBURBAN,PASSENGER OR SUBURBAN,Going Straight Ahead,Not Entered,West,Gas,2013,NY,1,6,FORD
39713,2015,4 DOOR SEDAN,PASSENGER OR SUBURBAN,Going Straight Ahead,Not Entered,North,Gas,2012,NY,1,4,FORD
39714,2015,4 DOOR SEDAN,PASSENGER OR SUBURBAN,Going Straight Ahead,Not Entered,East,Gas,2014,NY,1,4,FORD
39715,2015,4 DOOR SEDAN,PASSENGER OR SUBURBAN,Making Right Turn,Not Entered,Northwest,Gas,2006,NY,4,4,FORD
39716,2014,4 DOOR SEDAN,PASSENGER OR SUBURBAN,Going Straight Ahead,Not Entered,East,Gas,2011,NY,1,6,FORD
39717,2015,PICKUP TRUCK,AGRICULTURAL TRUCK,Starting from Parking,Not Entered,East,Gas,2014,NY,1,6,FORD
39718,2015,2 DOOR SEDAN,PASSENGER OR SUBURBAN,Making Right Turn,Not Entered,East,Gas,2002,NY,1,4,FORD
39719,2015,4 DOOR SEDAN,PASSENGER OR SUBURBAN,Going Straight Ahead,Not Entered,West,Gas,2005,NY,1,4,FORD
39720,2015,PICKUP TRUCK,AGRICULTURAL COMMERCIAL,Making Left Turn,Not Entered,South,Gas,2005,NY,1,8,FORD
39721,2015,PICKUP TRUCK,PASSENGER OR SUBURBAN,Making Left Turn,Not Entered,West,Gas,2000,NY,1,8,FORD
39722,2015,SUBURBAN,PASSENGER OR SUBURBAN,Making Left Turn,Not Entered,Southwest,Gas,2003,NY,1,6,FORD
39723,2015,TOW TRUCK,TOW TRUCK,Making Right Turn,Not Entered,South,Diesel,2011,NY,1,6,FORD
39724,2015,4 DOOR SEDAN,PASSENGER OR SUBURBAN,Making Left Turn,Not Entered,North,Gas,2007,NY,1,6,FORD
39725,2015,SUBURBAN,PASSENGER OR SUBURBAN,Making Right Turn,Not Entered,Southeast,Gas,2004,NY,2,6,FORD
39726,2014,PICKUP TRUCK,COMMERCIAL,Making Left Turn,Not Entered,West,Diesel,2004,NY,1,8,FORD
39727,2014,4 DOOR SEDAN,PASSENGER OR SUBURBAN,Making Left Turn,Not Entered,Southeast,Gas,1994,NY,2,8,FORD
39728,2014,SUBURBAN,PASSENGER OR SUBURBAN,Making Left Turn,Not Entered,South,Gas,1997,NY,3,6,FORD
39729,2014,4 DOOR SEDAN,Not Entered,Making Right Turn,Not Entered,North,Not Entered,2013,AL,1,,FORD
39730,2015,TAXI,OMNIBUS - TAXI,Changing Lanes,Not Entered,East,Gas,2011,NY,1,4,FORD
39731,2015,4 DOOR SEDAN,PASSENGER OR SUBURBAN,Changing Lanes,Not Entered,West,Gas,2008,NY,1,4,FORD
39732,2015,4 DOOR SEDAN,PASSENGER OR SUBURBAN,Avoiding Object in Roadway,Not Entered,East,Gas,2011,NY,3,6,FORD
39733,2015,PICKUP TRUCK,PASSENGER OR SUBURBAN,Changing Lanes,Not Entered,South,Gas,2012,NY,1,6,FORD
39734,2015,4 DOOR SEDAN,PASSENGER OR SUBURBAN,Parked,Not Entered,South,Gas,2015,NY,1,4,FORD
39735,2015,SUBURBAN,PASSENGER OR SUBURBAN,Going Straight Ahead,Not Entered,North,Gas,2004,NY,4,8,FORD
39736,2015,SUBURBAN,SPECIAL PASSENGER,Changing Lanes,Not Entered,West,Gas,2013,NY,1,6,FORD
39737,2015,PICKUP TRUCK,Not Entered,Changing Lanes,Not Entered,North,Not Entered,2009,NY,1,,FORD
39738,2015,VAN TRUCK,COMMERCIAL,Changing Lanes,Not Entered,East,Gas,2008,NY,1,8,FORD
39739,2015,SUBURBAN,PASSENGER OR SUBURBAN,Changing Lanes,Not Entered,East,Gas,2011,NY,1,6,FORD
39740,2015,4 DOOR SEDAN,PASSENGER OR SUBURBAN,Merging,Not Entered,North,Gas,2008,NY,3,4,FORD
39741,2015,SUBURBAN,PASSENGER OR SUBURBAN,Changing Lanes,Not Entered,South,Gas,2006,NY,1,6,FORD
39742,2015,4 DOOR SEDAN,PASSENGER OR SUBURBAN,Changing Lanes,Not Entered,North,Gas,2003,NY,1,4,FORD
39743,2015,VAN TRUCK,AGRICULTURAL TRUCK,Going Straight Ahead,Not Entered,West,Gas,2013,NY,1,8,FORD
39744,2014,PICKUP TRUCK,PASSENGER OR SUBURBAN,Going Straight Ahead,Not Entered,North,Gas,2007,NY,1,4,FORD
39745,2014,4 DOOR SEDAN,OMNIBUS - LIVERY,Going Straight Ahead,Not Entered,West,Gas,2011,NY,3,8,FORD
39746,2015,SUBURBAN,PASSENGER OR SUBURBAN,Going Straight Ahead,Not Entered,South,Gas,2006,NY,3,6,FORD
39747,2015,4 DOOR SEDAN,PASSENGER OR SUBURBAN,Going Straight Ahead,Not Entered,East,Gas,2008,NY,1,4,FORD
39748,2015,PICKUP TRUCK,AGRICULTURAL TRUCK,Going Straight Ahead,Not Entered,North,Diesel,2010,NY,1,8,FORD
39749,2015,4 DOOR SEDAN,PASSENGER OR SUBURBAN,Going Straight Ahead,Not Entered,Northeast,Gas,2001,NY,2,6,FORD
39750,2015,SUBURBAN,Not Entered,Going Straight Ahead,Not Entered,South,Not Entered,2006,ON,4,,FORD
39751,2015,4 DOOR SEDAN,PASSENGER OR SUBURBAN,Going Straight Ahead,Not Entered,North,Gas,1999,NY,2,6,FORD
39752,2015,VAN TRUCK,COMMERCIAL,Slowing or Stopping,Not Entered,North,Gas,2010,NY,1,4,FORD
39753,2015,PICKUP TRUCK,AGRICULTURAL TRUCK,Going Straight Ahead,Not Entered,North,Gas,2013,NY,2,8,FORD
39754,2015,2 DOOR SEDAN,Not Entered,Going Straight Ahead,Not Entered,South,Not Entered,2001,IL,1,,FORD
39755,2015,2 DOOR SEDAN,SPECIAL PASSENGER,Going Straight Ahead,Not Entered,West,Gas,2005,NY,3,8,FORD
39756,2015,2 DOOR SEDAN,Not Entered,Police Pursuit,Not Entered,West,Not Entered,2005,NC,1,,FORD
39757,2015,4 DOOR SEDAN,PASSENGER OR SUBURBAN,Going Straight Ahead,Not Entered,East,Gas,2014,NY,1,4,FORD
39758,2015,PICKUP TRUCK,AGRICULTURAL TRUCK,Going Straight Ahead,Not Entered,East,Diesel,2012,NY,2,8,FORD
39759,2015,2 DOOR SEDAN,PASSENGER OR SUBURBAN,Going Straight Ahead,Not Entered,South,Gas,2003,NY,1,8,FORD
39760,2015,SUBURBAN,PASSENGER OR SUBURBAN,Slowing or Stopping,Not Entered,West,Gas,2002,NY,1,6,FORD
39761,2015,VAN TRUCK,AGRICULTURAL TRUCK,Slowing or Stopping,Not Entered,Southwest,Gas,2006,NY,1,8,FORD
39762,2015,PICKUP TRUCK,ORGANIZATIONAL COMMERCIAL,Going Straight Ahead,Not Entered,West,Diesel,2006,NY,1,8,FORD
39763,2015,4 DOOR SEDAN,OMNIBUS-SPECIAL (PRIVATE RENTAL),Going Straight Ahead,Not Entered,Northeast,Gas,2007,NY,,6,FORD
39764,2015,PICKUP TRUCK,PASSENGER OR SUBURBAN,Going Straight Ahead,Not Entered,West,Gas,2008,NY,1,6,FORD
39765,2015,TAXI,OMNIBUS - TAXI,Going Straight Ahead,Not Entered,South,Gas,2011,NY,3,4,FORD
39766,2014,PICKUP TRUCK,PASSENGER OR SUBURBAN,Going Straight Ahead,Not Entered,Southeast,Gas,1999,NY,1,8,FORD
39767,2014,SUBURBAN,PASSENGER OR SUBURBAN,Going Straight Ahead,Not Entered,East,Gas,2010,NY,1,4,FORD
39768,2014,4 DOOR SEDAN,PASSENGER OR SUBURBAN,Avoiding Object in Roadway,Not Entered,East,Gas,2009,NY,1,4,FORD
39769,2014,SUBURBAN,PASSENGER OR SUBURBAN,Going Straight Ahead,Not Entered,East,Gas,1999,NY,1,6,FORD
39770,2014,VAN TRUCK,PASSENGER OR SUBURBAN,Going Straight Ahead,Not Entered,West,Gas,2002,NY,1,8,FORD
39771,2015,VAN TRUCK,COMMERCIAL,Backing,Not Entered,Southeast,Gas,2002,NY,2,6,FORD
39772,2015,PICKUP TRUCK,COMMERCIAL,Starting in Traffic,Not Entered,East,Gas,2003,NY,1,8,FORD
39773,2015,4 DOOR SEDAN,PASSENGER OR SUBURBAN,Slowing or Stopping,Not Entered,West,Gas,2013,NY,1,6,FORD
39774,2015,4 DOOR SEDAN,PASSENGER OR SUBURBAN,Going Straight Ahead,Not Entered,West,Gas,2005,NY,1,4,FORD
39775,2015,SUBURBAN,PASSENGER OR SUBURBAN,Going Straight Ahead,Not Entered,South,Gas,2003,NY,1,6,FORD
39776,2014,PICKUP TRUCK,AGRICULTURAL TRUCK,Going Straight Ahead,Not Entered,North,Diesel,2008,NY,1,8,FORD
39777,2014,SUBURBAN,AMBULANCE,Going Straight Ahead,Not Entered,North,Diesel,2009,NY,1,8,FORD
39778,2014,4 DOOR SEDAN,PASSENGER OR SUBURBAN,Starting in Traffic,Not Entered,South,Gas,2010,NY,1,6,FORD
39779,2014,4 DOOR SEDAN,PASSENGER OR SUBURBAN,Making Left Turn,Not Entered,North,Gas,2012,NY,1,4,FORD
39780,2014,SUBURBAN,PASSENGER OR SUBURBAN,Changing Lanes,Not Entered,North,Gas,1999,NY,6,8,FORD
39781,2015,BUS (OMNIBUS),POLITICAL SUBDIVISION,Backing,Not Entered,North,Diesel,2012,NY,26,6,FREIG
39782,2015,DUMP,COMMERCIAL,Going Straight Ahead,Not Entered,South,Diesel,1989,NY,1,6,FREIG
39783,2015,VAN TRUCK,AGRICULTURAL TRUCK,Backing,Not Entered,East,Diesel,2011,NY,2,6,FREIG
39784,2015,FLAT BED TRUCK,AGRICULTURAL TRUCK,Going Straight Ahead,Not Entered,North,Diesel,2013,NY,1,6,FREIG
39785,2015,TRACTOR,INTERNATIONAL REGISTRATION,Going Straight Ahead,Not Entered,East,Diesel,2000,NY,1,6,FREIG
39786,2015,VAN TRUCK,COMMERCIAL,Making Left Turn,Not Entered,Southwest,Diesel,2015,NY,1,6,FREIG
39787,2015,UTILITY,AGRICULTURAL TRUCK,Going Straight Ahead,Not Entered,West,Diesel,2008,NY,2,6,FREIG
39788,2015,VAN TRUCK,COMMERCIAL,Going Straight Ahead,Not Entered,South,Diesel,2006,NY,1,6,FREIG
39789,2015,TRACTOR,POLITICAL SUBDIVISION,Slowing or Stopping,Not Entered,East,Diesel,2006,NY,1,6,FREIG
39790,2015,VAN TRUCK,AGRICULTURAL TRUCK,Making Right Turn,Not Entered,Southeast,Diesel,2013,NY,1,6,FREIG
39791,2015,TRACTOR,TRACTOR - REGULAR,Going Straight Ahead,Not Entered,Southeast,Diesel,2015,NY,1,6,FREIG
39792,2015,BUS (OMNIBUS),POLITICAL SUBDIVISION,Parked,Not Entered,North,Diesel,2015,NY,7,6,FREIG
39793,2014,DELIVERY TRUCK,COMMERCIAL,Going Straight Ahead,Not Entered,Southwest,Diesel,2011,NY,1,6,FREIG
39794,2015,DUMP,AGRICULTURAL TRUCK,Going Straight Ahead,Not Entered,East,Diesel,1981,NY,1,6,FREIG
39795,2015,TRACTOR,INTERNATIONAL REGISTRATION,Going Straight Ahead,Not Entered,East,Diesel,2015,NY,1,6,FREIG
39796,2014,DUMP,AGRICULTURAL TRUCK,Changing Lanes,3 axle single unit box truck,Southwest,Diesel,2000,NY,1,6,FREIG
39797,2015,TRACTOR,TRACTOR - REGULAR,Backing,Not Entered,East,Diesel,2015,NY,1,6,FREIG
39798,2014,BUS (OMNIBUS),OMNIBUS - REGULAR,Backing,Not Entered,North,Diesel,2011,NY,24,6,FREIG
39799,2015,TRACTION ENGINE,Not Entered,Going Straight Ahead,Not Entered,East,Not Entered,2016,TX,1,,FRHT
39800,2015,TRACTOR,Not Entered,Backing,Not Entered,South,Not Entered,2001,TN,1,,FRHT
39801,2015,TRACTOR,Not Entered,Backing,Not Entered,North,Not Entered,2013,NS,1,,FRHT
39802,2015,TRACTOR,Not Entered,Slowing or Stopping,Not Entered,South,Not Entered,2012,IN,1,,FRHT