Case Num,Year,Vehicle Body Type,Registration Class,Action Prior to Accident,Type / Axles of Truck or Bus,Direction of Travel,Fuel Type,Vehicle Year,State of Registration,Number of Occupants,Engine Cylinders,Vehicle Make
39803,2015,TRACTOR,Not Entered,Going Straight Ahead,Not Entered,East,Not Entered,2007,PA,1,,FRHT
39804,2015,TRACTOR,Not Entered,Going Straight Ahead,Not Entered,West,Not Entered,2005,PA,1,,FRHT
39805,2015,TRACTOR,Not Entered,Going Straight Ahead,Not Entered,South,Not Entered,2013,MO,1,,FRHT
39806,2015,UNKNOWN TRUCK,Not Entered,Going Straight Ahead,Not Entered,West,Not Entered,2012,IN,1,,FRHT
39807,2015,DUMP,Not Entered,Slowing or Stopping,Not Entered,West,Not Entered,2002,NY,1,,FRHT
39808,2015,TRACTOR,Not Entered,Going Straight Ahead,Not Entered,West,Not Entered,2007,PA,1,,FRHT
39809,2015,TRACTOR,Not Entered,Changing Lanes,Not Entered,North,Not Entered,2013,TN,1,,FRHT
39810,2015,TRACTOR,Not Entered,Changing Lanes,Not Entered,West,Not Entered,2016,MO,1,,FRHT
39811,2015,UNKNOWN TRUCK,Not Entered,Slowing or Stopping,Not Entered,Southeast,Not Entered,2003,CT,1,,FRHT
39812,2015,TRACTOR,Not Entered,Going Straight Ahead,Not Entered,East,Not Entered,2014,IN,1,,FTL
39813,2015,MOTORCYCLE,MOTORCYCLE,Slowing or Stopping,Not Entered,South,Gas,2009,NY,1,1,GENJI
39814,2015,SUBURBAN,PASSENGER OR SUBURBAN,Going Straight Ahead,Not Entered,Southwest,Gas,2004,NY,1,6,GMC
39815,2014,VAN TRUCK,AGRICULTURAL TRUCK,Going Straight Ahead,Not Entered,South,Gas,2000,NY,1,8,GMC
39816,2015,SUBURBAN,PASSENGER OR SUBURBAN,Going Straight Ahead,Not Entered,Southwest,Gas,2013,NY,1,4,GMC
39817,2015,PICKUP TRUCK,COMMERCIAL,Going Straight Ahead,Not Entered,South,Diesel,2006,NY,1,8,GMC
39818,2015,PICKUP TRUCK,PASSENGER OR SUBURBAN,Going Straight Ahead,Not Entered,Northeast,Gas,2011,NY,1,8,GMC
39819,2015,VAN TRUCK,COMMERCIAL,Parked,Not Entered,West,Gas,2001,NY,1,8,GMC
39820,2015,SUBURBAN,PASSENGER OR SUBURBAN,Going Straight Ahead,Not Entered,East,Gas,2002,NY,1,8,GMC
39821,2015,SUBURBAN,PASSENGER OR SUBURBAN,Backing,Not Entered,North,Gas,2005,NY,1,6,GMC
39822,2015,SUBURBAN,PASSENGER OR SUBURBAN,Backing,Not Entered,North,Gas,2012,NY,1,8,GMC
39823,2015,PICKUP TRUCK,PASSENGER OR SUBURBAN,Backing,Not Entered,South,Gas,1988,NY,1,8,GMC
39824,2015,PICKUP TRUCK,PASSENGER OR SUBURBAN,Parked,Not Entered,East,Gas,1999,NY,0,8,GMC
39825,2015,PICKUP TRUCK,SPECIAL PASSENGER,Going Straight Ahead,Not Entered,South,Gas,2008,NY,1,8,GMC
39826,2015,SUBURBAN,PASSENGER OR SUBURBAN,Going Straight Ahead,Not Entered,North,Gas,1997,NY,1,6,GMC
39827,2015,SUBURBAN,PASSENGER OR SUBURBAN,Making Right Turn,Not Entered,West,Gas,2010,NY,1,6,GMC
39828,2014,PICKUP TRUCK,PASSENGER OR SUBURBAN,Entering Parked Position,Not Entered,North,Gas,2013,NY,2,8,GMC
39829,2014,SUBURBAN,PASSENGER OR SUBURBAN,Entering Parked Position,Not Entered,East,Gas,2014,NY,1,4,GMC
39830,2015,DELIVERY TRUCK,Not Entered,Going Straight Ahead,Not Entered,North,Not Entered,2008,NY,2,,GMC
39831,2014,SUBURBAN,PASSENGER OR SUBURBAN,Making Left Turn,Not Entered,West,Gas,1999,NY,1,8,GMC
39832,2015,SUBURBAN,PASSENGER OR SUBURBAN,Making Right Turn,Not Entered,East,Gas,2014,NY,1,6,GMC
39833,2015,BUS (OMNIBUS),OMNIBUS - REGULAR,Making Left Turn,Not Entered,South,Diesel,2000,NY,2,8,GMC
39834,2015,PICKUP TRUCK,PASSENGER OR SUBURBAN,Making Right Turn,Not Entered,East,Gas,2007,NY,1,8,GMC
39835,2015,PICKUP TRUCK,COMMERCIAL,Making Left Turn,Not Entered,Northeast,Gas,1999,NY,1,8,GMC
39836,2015,VAN TRUCK,COMMERCIAL,Going Straight Ahead,Not Entered,West,Gas,2001,NY,1,8,GMC
39837,2015,SUBURBAN,PASSENGER OR SUBURBAN,Making Right Turn,Not Entered,North,Gas,2013,NY,1,6,GMC
39838,2015,VAN TRUCK,COMMERCIAL,Making Left Turn,Not Entered,West,Gas,2006,NY,1,8,GMC
39839,2015,SUBURBAN,PASSENGER OR SUBURBAN,Making Left Turn,Not Entered,Northwest,Gas,2006,NY,1,6,GMC
39840,2014,SUBURBAN,SPECIAL PASSENGER,Making Left Turn,Not Entered,East,Gas,2012,NY,1,4,GMC
39841,2014,SUBURBAN,PASSENGER OR SUBURBAN,Making Right Turn,Not Entered,East,Gas,2013,NY,3,8,GMC
39842,2014,SUBURBAN,PASSENGER OR SUBURBAN,Backing,Not Entered,West,Gas,2007,NY,2,6,GMC
39843,2015,SUBURBAN,PASSENGER OR SUBURBAN,Going Straight Ahead,Not Entered,North,Gas,2007,NY,1,8,GMC
39844,2015,SUBURBAN,PASSENGER OR SUBURBAN,Slowing or Stopping,Not Entered,South,Gas,1999,NY,4,8,GMC
39845,2015,SUBURBAN,PASSENGER OR SUBURBAN,Changing Lanes,Not Entered,West,Gas,2001,NY,1,6,GMC
39846,2015,VAN TRUCK,COMMERCIAL,Going Straight Ahead,Not Entered,East,Gas,2010,NY,1,8,GMC
39847,2015,SUBURBAN,PASSENGER OR SUBURBAN,Slowing or Stopping,Not Entered,East,Gas,2012,NY,1,6,GMC
39848,2015,SUBURBAN,PASSENGER OR SUBURBAN,Going Straight Ahead,Not Entered,North,Gas,2013,NY,1,6,GMC
39849,2015,SUBURBAN,PASSENGER OR SUBURBAN,Going Straight Ahead,Not Entered,East,Gas,1999,NY,1,8,GMC
39850,2015,SUBURBAN,PASSENGER OR SUBURBAN,Going Straight Ahead,Not Entered,East,Gas,2001,NY,1,8,GMC
39851,2015,SUBURBAN,OMNIBUS - LIVERY,Going Straight Ahead,Not Entered,South,Gas,2004,NY,1,8,GMC
39852,2014,SUBURBAN,PASSENGER OR SUBURBAN,Starting in Traffic,Not Entered,East,Gas,2000,NY,1,6,GMC
39853,2014,SUBURBAN,PASSENGER OR SUBURBAN,Going Straight Ahead,Not Entered,West,Gas,2013,NY,1,6,GMC
39854,2014,SUBURBAN,PASSENGER OR SUBURBAN,Making Left Turn,Not Entered,East,Gas,2013,NY,1,4,GMC
39855,2014,SUBURBAN,PASSENGER OR SUBURBAN,Going Straight Ahead,Not Entered,West,Gas,2009,NY,6,6,GMC
39856,2015,UTILITY,AGRICULTURAL TRUCK,Parked,Not Entered,South,Gas,2004,NY,,8,GMC
39857,2015,SUBURBAN,PASSENGER OR SUBURBAN,Going Straight Ahead,Not Entered,South,Gas,2010,NY,2,4,GMC
39858,2015,SUBURBAN,PASSENGER OR SUBURBAN,Going Straight Ahead,Not Entered,Northwest,Gas,2013,NY,1,4,GMC
39859,2015,PICKUP TRUCK,COMMERCIAL,Stopped in Traffic,Not Entered,East,Gas,2010,NY,2,8,GMC
39860,2015,SUBURBAN,PASSENGER OR SUBURBAN,Making Left Turn,Not Entered,East,Gas,2005,NY,1,6,GMC
39861,2015,PICKUP TRUCK,PASSENGER OR SUBURBAN,Making Left Turn,Not Entered,Northeast,Gas,2014,NY,1,8,GMC
39862,2015,PICKUP TRUCK,COMMERCIAL,Going Straight Ahead,Not Entered,Northeast,Gas,2014,NY,1,8,GMC
39863,2015,PICKUP TRUCK,COMMERCIAL,Going Straight Ahead,Not Entered,North,Gas,2007,NY,1,8,GMC
39864,2015,PICKUP TRUCK,COMMERCIAL,Slowing or Stopping,Not Entered,West,Gas,2010,NY,1,8,GMC
39865,2015,SUBURBAN,PASSENGER OR SUBURBAN,Stopped in Traffic,Not Entered,South,Gas,2015,NY,1,6,GMC
39866,2015,DELIVERY TRUCK,Not Entered,Making Left Turn,Not Entered,South,Not Entered,2000,AZ,1,,GMC
39867,2015,SUBURBAN,PASSENGER OR SUBURBAN,Changing Lanes,Not Entered,West,Gas,2014,NY,1,4,GMC
39868,2015,PICKUP TRUCK,Not Entered,Changing Lanes,Not Entered,East,Not Entered,2014,OH,1,,GMC
39869,2015,PICKUP TRUCK,PASSENGER OR SUBURBAN,Slowing or Stopping,Not Entered,South,Gas,1997,NY,1,4,GMC
39870,2015,VAN TRUCK,COMMERCIAL,Going Straight Ahead,Not Entered,East,Diesel,2004,NY,1,6,GMC
39871,2014,SUBURBAN,PASSENGER OR SUBURBAN,Going Straight Ahead,Not Entered,North,Gas,2014,NY,1,4,GMC
39872,2014,SUBURBAN,PASSENGER OR SUBURBAN,Changing Lanes,Not Entered,East,Gas,2013,NY,1,6,GMC
39873,2015,PICKUP TRUCK,PASSENGER OR SUBURBAN,Going Straight Ahead,Not Entered,South,Gas,2008,NY,1,8,GMC
39874,2014,SUBURBAN,PASSENGER OR SUBURBAN,Going Straight Ahead,Not Entered,North,Gas,2014,NY,1,6,GMC
39875,2015,SUBURBAN,Not Entered,Going Straight Ahead,Not Entered,West,Not Entered,2004,NY,1,,GMC
39876,2015,PICKUP TRUCK,PASSENGER OR SUBURBAN,Slowing or Stopping,Not Entered,East,Diesel,1996,NY,1,8,GMC
39877,2015,VAN TRUCK,AGRICULTURAL TRUCK,Changing Lanes,Not Entered,South,Gas,1999,NY,3,8,GMC
39878,2015,PICKUP TRUCK,PASSENGER OR SUBURBAN,Going Straight Ahead,Not Entered,Northeast,Gas,1998,NY,1,6,GMC
39879,2015,SUBURBAN,PASSENGER OR SUBURBAN,Going Straight Ahead,Not Entered,South,Gas,2003,NY,1,8,GMC
39880,2015,PICKUP TRUCK,AGRICULTURAL TRUCK,Going Straight Ahead,Not Entered,South,Gas,2007,NY,1,8,GMC
39881,2015,UTILITY,AGRICULTURAL TRUCK,Going Straight Ahead,Not Entered,East,Gas,1997,NY,1,8,GMC
39882,2014,SUBURBAN,PASSENGER OR SUBURBAN,Going Straight Ahead,Not Entered,North,Gas,1999,NY,2,6,GMC
39883,2015,SUBURBAN,PASSENGER OR SUBURBAN,Going Straight Ahead,Not Entered,South,Gas,2015,NY,3,6,GMC
39884,2015,SUBURBAN,PASSENGER OR SUBURBAN,Making Left Turn,Not Entered,Northeast,Gas,2002,NY,3,6,GMC
39885,2015,TRACTOR,Not Entered,Changing Lanes,Not Entered,West,Not Entered,2015,FL,1,,GMC
39886,2015,SUBURBAN,PASSENGER OR SUBURBAN,Going Straight Ahead,Not Entered,West,Gas,2005,NY,1,6,GMC
39887,2015,PICKUP TRUCK,PASSENGER OR SUBURBAN,Going Straight Ahead,Not Entered,Northwest,Gas,1999,NY,1,8,GMC
39888,2015,PICKUP TRUCK,PASSENGER OR SUBURBAN,Going Straight Ahead,Not Entered,North,Gas,2008,NY,1,8,GMC
39889,2015,SUBURBAN,PASSENGER OR SUBURBAN,Going Straight Ahead,Not Entered,West,Gas,2003,NY,1,6,GMC
39890,2015,MOTORCYCLE,MOTORCYCLE,Going Straight Ahead,Not Entered,West,Gas,2013,NY,1,2,HA/DA
39891,2015,MOTORCYCLE,MOTORCYCLE,Going Straight Ahead,Not Entered,North,Gas,2008,NY,1,2,HA/DA
39892,2015,MOTORCYCLE,MOTORCYCLE,Going Straight Ahead,Not Entered,South,Gas,2010,NY,1,2,HA/DA
39893,2015,MOTORCYCLE,MOTORCYCLE,Going Straight Ahead,Not Entered,East,Gas,2011,NY,1,2,HA/DA
39894,2015,MOTORCYCLE,MOTORCYCLE,Going Straight Ahead,Not Entered,South,Gas,2014,NY,1,2,HA/DA
39895,2015,MOTORCYCLE,MOTORCYCLE,Going Straight Ahead,Not Entered,West,Gas,2014,NY,1,2,HA/DA
39896,2015,MOTORCYCLE,MOTORCYCLE,Going Straight Ahead,Not Entered,East,Gas,2005,NY,1,2,HA/DA
39897,2015,MOTORCYCLE,MOTORCYCLE,Overtaking/Passing,Not Entered,East,Gas,2001,NY,1,2,HA/DA
39898,2015,MOTORCYCLE,MOTORCYCLE,Going Straight Ahead,Not Entered,North,Gas,2007,NY,1,2,HA/DA
39899,2015,MOTORCYCLE,MOTORCYCLE,Making Right Turn,Not Entered,East,Gas,2010,NY,1,2,HA/DA
39900,2015,MOTORCYCLE,MOTORCYCLE,Going Straight Ahead,Not Entered,East,Gas,2008,NY,1,2,HA/DA
39901,2015,MOTORCYCLE,MOTORCYCLE,Avoiding Object in Roadway,Not Entered,East,Gas,1988,NY,2,2,HA/DA
39902,2015,MOTORCYCLE,MOTORCYCLE,Overtaking/Passing,Not Entered,West,Gas,2011,NY,1,2,HA/DA
39903,2014,MOTORCYCLE,MOTORCYCLE,Going Straight Ahead,Not Entered,South,Gas,2006,NY,1,2,HA/DA
39904,2014,MOTORCYCLE,MOTORCYCLE,Going Straight Ahead,Not Entered,North,Gas,2005,NY,1,2,HA/DA
39905,2014,MOTORCYCLE,MOTORCYCLE,Going Straight Ahead,Not Entered,East,Gas,2002,NY,1,2,HA/DA
39906,2015,4 DOOR SEDAN,Not Entered,Making Left Turn,Not Entered,North,Not Entered,2006,CT,1,,HONDA
39907,2015,SUBURBAN,Not Entered,Going Straight Ahead,Not Entered,South,Not Entered,2007,NJ,1,,HONDA
39908,2015,4 DOOR SEDAN,Not Entered,Overtaking/Passing,Not Entered,North,Not Entered,2003,CT,1,,HONDA
39909,2015,4 DOOR SEDAN,Not Entered,Going Straight Ahead,Not Entered,North,Not Entered,2009,DE,2,,HONDA
39910,2015,4 DOOR SEDAN,Not Entered,Making Left Turn,Not Entered,South,Not Entered,1997,MD,1,,HONDA
39911,2015,4 DOOR SEDAN,Not Entered,Going Straight Ahead,Not Entered,West,Not Entered,2015,NJ,1,,HONDA
39912,2015,4 DOOR SEDAN,Not Entered,Making Left Turn,Not Entered,North,Not Entered,2003,PA,1,,HONDA
39913,2015,MOTORCYCLE,Not Entered,Going Straight Ahead,Not Entered,East,Not Entered,2014,NY,1,,HONDA
39914,2015,SUBURBAN,Not Entered,Going Straight Ahead,Not Entered,West,Not Entered,2015,NY,1,,HONDA
39915,2015,4 DOOR SEDAN,Not Entered,Slowing or Stopping,Not Entered,Northeast,Not Entered,2012,NY,1,,HONDA
39916,2015,4 DOOR SEDAN,Not Entered,Starting in Traffic,Not Entered,West,Not Entered,2015,NY,1,,HONDA
39917,2015,4 DOOR SEDAN,Not Entered,Slowing or Stopping,Not Entered,West,Not Entered,2007,NC,1,,HONDA
39918,2015,4 DOOR SEDAN,Not Entered,Slowing or Stopping,Not Entered,West,Not Entered,2014,NY,1,,HONDA
39919,2015,SUBURBAN,Not Entered,Going Straight Ahead,Not Entered,East,Not Entered,2001,NC,1,,HONDA
39920,2015,4 DOOR SEDAN,Not Entered,Going Straight Ahead,Not Entered,West,Not Entered,2014,CT,1,,HONDA
39921,2015,4 DOOR SEDAN,Not Entered,Slowing or Stopping,Not Entered,West,Not Entered,2002,NC,3,,HONDA
39922,2015,4 DOOR SEDAN,Not Entered,Making Right Turn,Not Entered,Southeast,Not Entered,2007,MA,1,,HONDA
39923,2014,4 DOOR SEDAN,Not Entered,Going Straight Ahead,Not Entered,Southeast,Not Entered,1996,CO,4,,HONDA
39924,2014,4 DOOR SEDAN,Not Entered,Going Straight Ahead,Not Entered,West,Not Entered,2006,ON,1,,HONDA
39925,2015,4 DOOR SEDAN,Not Entered,Making U Turn,Not Entered,West,Not Entered,2013,TX,1,,HONDA
39926,2014,SUBURBAN,Not Entered,Making Left Turn,Not Entered,North,Not Entered,2002,IL,1,,HONDA
39927,2014,4 DOOR SEDAN,Not Entered,Making U Turn,Not Entered,North,Not Entered,,NJ,1,,HONDA
39928,2015,4 DOOR SEDAN,Not Entered,Going Straight Ahead,Not Entered,West,Not Entered,2003,MA,2,,HONDA
39929,2015,4 DOOR SEDAN,Not Entered,Changing Lanes,Not Entered,East,Not Entered,2004,NY,1,,HONDA
39930,2014,2 DOOR SEDAN,Not Entered,Changing Lanes,Not Entered,West,Not Entered,1997,NY,3,,HONDA
39931,2015,MOTORCYCLE,Not Entered,Going Straight Ahead,Not Entered,North,Not Entered,2000,NY,1,,HONDA
39932,2014,4 DOOR SEDAN,Not Entered,Going Straight Ahead,Not Entered,North,Not Entered,2006,NJ,1,,HONDA
39933,2014,4 DOOR SEDAN,Not Entered,Going Straight Ahead,Not Entered,West,Not Entered,1999,CT,1,,HONDA
39934,2014,4 DOOR SEDAN,PASSENGER OR SUBURBAN,Other,Not Entered,West,Gas,2001,NY,1,4,HONDA
39935,2015,4 DOOR SEDAN,PASSENGER OR SUBURBAN,Going Straight Ahead,Not Entered,East,Gas,2006,NY,4,4,HONDA
39936,2015,4 DOOR SEDAN,PASSENGER OR SUBURBAN,Going Straight Ahead,Not Entered,North,Gas,2014,NY,1,4,HONDA
39937,2015,SUBURBAN,PASSENGER OR SUBURBAN,Going Straight Ahead,Not Entered,West,Gas,2012,NY,1,4,HONDA
39938,2015,4 DOOR SEDAN,PASSENGER OR SUBURBAN,Going Straight Ahead,Not Entered,East,Gas,2009,NY,2,4,HONDA
39939,2015,SUBURBAN,PASSENGER OR SUBURBAN,Going Straight Ahead,Not Entered,West,Gas,2007,NY,1,6,HONDA
39940,2015,4 DOOR SEDAN,PASSENGER OR SUBURBAN,Going Straight Ahead,Not Entered,North,Gas,2007,NY,1,4,HONDA
39941,2015,4 DOOR SEDAN,PASSENGER OR SUBURBAN,Going Straight Ahead,Not Entered,West,Gas,2012,NY,1,4,HONDA
39942,2015,4 DOOR SEDAN,PASSENGER OR SUBURBAN,Going Straight Ahead,Not Entered,East,Gas,2009,NY,1,4,HONDA
39943,2015,4 DOOR SEDAN,PASSENGER OR SUBURBAN,Going Straight Ahead,Not Entered,West,Gas,2008,NY,1,4,HONDA
39944,2015,SUBURBAN,PASSENGER OR SUBURBAN,Going Straight Ahead,Not Entered,East,Gas,2010,NY,2,4,HONDA
39945,2015,4 DOOR SEDAN,PASSENGER OR SUBURBAN,Going Straight Ahead,Not Entered,West,Gas,2014,NY,1,4,HONDA
39946,2015,SUBURBAN,PASSENGER OR SUBURBAN,Going Straight Ahead,Not Entered,South,Gas,2014,NY,2,4,HONDA
39947,2015,4 DOOR SEDAN,PASSENGER OR SUBURBAN,Going Straight Ahead,Not Entered,West,Gas,2010,NY,1,4,HONDA
39948,2015,SUBURBAN,PASSENGER OR SUBURBAN,Going Straight Ahead,Not Entered,North,Gas,2010,NY,1,4,HONDA
39949,2015,4 DOOR SEDAN,PASSENGER OR SUBURBAN,Parked,Not Entered,West,Gas,2004,NY,,4,HONDA
39950,2015,SUBURBAN,PASSENGER OR SUBURBAN,Backing,Not Entered,North,Gas,2004,NY,2,4,HONDA
39951,2015,4 DOOR SEDAN,PASSENGER OR SUBURBAN,Backing,Not Entered,South,Gas,2013,NY,1,6,HONDA
39952,2015,SUBURBAN,PASSENGER OR SUBURBAN,Backing,Not Entered,North,Gas,2003,NY,1,6,HONDA
39953,2014,2 DOOR SEDAN,PASSENGER OR SUBURBAN,Backing,Not Entered,West,Gas,1994,NY,1,4,HONDA
39954,2015,SUBURBAN,PASSENGER OR SUBURBAN,Going Straight Ahead,Not Entered,North,Gas,2006,NY,1,6,HONDA
39955,2015,4 DOOR SEDAN,PASSENGER OR SUBURBAN,Going Straight Ahead,Not Entered,South,Gas,2010,NY,1,4,HONDA
39956,2015,4 DOOR SEDAN,PASSENGER OR SUBURBAN,Going Straight Ahead,Not Entered,North,Gas,2003,NY,1,4,HONDA
39957,2015,2 DOOR SEDAN,PASSENGER OR SUBURBAN,Going Straight Ahead,Not Entered,South,Gas,1999,NY,1,4,HONDA
39958,2015,4 DOOR SEDAN,PASSENGER OR SUBURBAN,Stopped in Traffic,Not Entered,Northwest,Gas,2011,NY,1,4,HONDA
39959,2015,4 DOOR SEDAN,PASSENGER OR SUBURBAN,Slowing or Stopping,Not Entered,North,Gas,2003,NY,1,4,HONDA
39960,2015,4 DOOR SEDAN,PASSENGER OR SUBURBAN,Going Straight Ahead,Not Entered,South,Gas,1999,NY,1,4,HONDA
39961,2015,SUBURBAN,PASSENGER OR SUBURBAN,Slowing or Stopping,Not Entered,West,Gas,2010,NY,1,4,HONDA
39962,2015,4 DOOR SEDAN,PASSENGER OR SUBURBAN,Going Straight Ahead,Not Entered,East,Gas,2004,NY,1,4,HONDA
39963,2015,2 DOOR SEDAN,PASSENGER OR SUBURBAN,Going Straight Ahead,Not Entered,North,Gas,1994,NY,1,4,HONDA
39964,2015,2 DOOR SEDAN,PASSENGER OR SUBURBAN,Going Straight Ahead,Not Entered,East,Gas,2001,NY,2,4,HONDA
39965,2015,MOTORCYCLE,MOTORCYCLE,Going Straight Ahead,Not Entered,East,Gas,2001,NY,1,4,HONDA
39966,2015,2 DOOR SEDAN,PASSENGER OR SUBURBAN,Making Left Turn,Not Entered,East,Gas,1995,NY,1,4,HONDA
39967,2015,4 DOOR SEDAN,SPECIAL PASSENGER,Slowing or Stopping,Not Entered,East,Gas,2001,NY,1,4,HONDA
39968,2015,4 DOOR SEDAN,PASSENGER OR SUBURBAN,Going Straight Ahead,Not Entered,West,Gas,2014,NY,1,4,HONDA
39969,2015,2 DOOR SEDAN,PASSENGER OR SUBURBAN,Backing,Not Entered,North,Gas,2001,NY,2,4,HONDA
39970,2015,SUBURBAN,PASSENGER OR SUBURBAN,Going Straight Ahead,Not Entered,West,Gas,2009,NY,2,6,HONDA
39971,2015,4 DOOR SEDAN,PASSENGER OR SUBURBAN,Going Straight Ahead,Not Entered,North,Gas,2005,NY,1,4,HONDA
39972,2015,SUBURBAN,PASSENGER OR SUBURBAN,Backing,Not Entered,West,Gas,2011,NY,1,6,HONDA
39973,2015,SUBURBAN,SPECIAL PASSENGER,Going Straight Ahead,Not Entered,West,Gas,2012,NY,2,4,HONDA
39974,2015,4 DOOR SEDAN,PASSENGER OR SUBURBAN,Making Left Turn,Not Entered,West,Gas,2006,NY,1,4,HONDA
39975,2015,4 DOOR SEDAN,PASSENGER OR SUBURBAN,Going Straight Ahead,Not Entered,South,Gas,2000,NY,1,6,HONDA
39976,2015,SUBURBAN,PASSENGER OR SUBURBAN,Going Straight Ahead,Not Entered,North,Gas,2003,NY,1,6,HONDA
39977,2015,4 DOOR SEDAN,PASSENGER OR SUBURBAN,Going Straight Ahead,Not Entered,East,Gas,2013,NY,1,4,HONDA
39978,2015,4 DOOR SEDAN,PASSENGER OR SUBURBAN,Slowing or Stopping,Not Entered,North,Gas,2002,NY,1,4,HONDA
39979,2015,SUBURBAN,PASSENGER OR SUBURBAN,Going Straight Ahead,Not Entered,Northwest,Gas,2012,NY,1,6,HONDA
39980,2015,4 DOOR SEDAN,PASSENGER OR SUBURBAN,Going Straight Ahead,Not Entered,East,Gas,2002,NY,1,4,HONDA
39981,2015,4 DOOR SEDAN,PASSENGER OR SUBURBAN,Going Straight Ahead,Not Entered,Northwest,Gas,2014,NY,1,4,HONDA
39982,2015,4 DOOR SEDAN,PASSENGER OR SUBURBAN,Going Straight Ahead,Not Entered,South,Gas,2000,NY,1,4,HONDA
39983,2015,4 DOOR SEDAN,PASSENGER OR SUBURBAN,Going Straight Ahead,Not Entered,North,Gas,2014,NY,1,4,HONDA
39984,2015,SUBURBAN,MEDICAL DOCTOR,Merging,Not Entered,North,Gas,2005,NY,1,6,HONDA
39985,2015,SUBURBAN,PASSENGER OR SUBURBAN,Other,Not Entered,South,Gas,2015,NY,5,6,HONDA
39986,2015,SUBURBAN,PASSENGER OR SUBURBAN,Going Straight Ahead,Not Entered,West,Gas,2003,NY,1,6,HONDA
39987,2015,4 DOOR SEDAN,PASSENGER OR SUBURBAN,Making Right Turn,Not Entered,West,Gas,2009,NY,1,6,HONDA
39988,2015,4 DOOR SEDAN,PASSENGER OR SUBURBAN,Making Left Turn,Not Entered,South,Gas,2003,NY,2,4,HONDA
39989,2015,2 DOOR SEDAN,PASSENGER OR SUBURBAN,Going Straight Ahead,Not Entered,North,Gas,2004,NY,1,6,HONDA
39990,2015,SUBURBAN,PASSENGER OR SUBURBAN,Going Straight Ahead,Not Entered,North,Gas,2014,NY,2,4,HONDA
39991,2015,4 DOOR SEDAN,PASSENGER OR SUBURBAN,Going Straight Ahead,Not Entered,South,Gas,2001,NY,1,4,HONDA
39992,2014,SUBURBAN,PASSENGER OR SUBURBAN,Going Straight Ahead,Not Entered,North,Gas,2012,NY,3,6,HONDA
39993,2014,4 DOOR SEDAN,PASSENGER OR SUBURBAN,Making Left Turn,Not Entered,Northwest,Gas,2003,NY,1,4,HONDA
39994,2014,4 DOOR SEDAN,PASSENGER OR SUBURBAN,Going Straight Ahead,Not Entered,South,Gas,2004,NY,1,6,HONDA
39995,2014,4 DOOR SEDAN,PASSENGER OR SUBURBAN,Slowing or Stopping,Not Entered,South,Gas,2003,NY,1,4,HONDA
39996,2014,4 DOOR SEDAN,PASSENGER OR SUBURBAN,Going Straight Ahead,Not Entered,West,Gas,2002,NY,3,4,HONDA
39997,2014,4 DOOR SEDAN,PASSENGER OR SUBURBAN,Going Straight Ahead,Not Entered,South,Gas,1996,NY,1,4,HONDA
39998,2014,MOTORCYCLE,MOTORCYCLE,Going Straight Ahead,Not Entered,South,Gas,1993,NY,1,4,HONDA
39999,2014,4 DOOR SEDAN,PASSENGER OR SUBURBAN,Making Left Turn,Not Entered,West,Gas,2005,NY,2,4,HONDA
40000,2014,4 DOOR SEDAN,PASSENGER OR SUBURBAN,Going Straight Ahead,Not Entered,East,Gas,2003,NY,1,6,HONDA
40001,2014,4 DOOR SEDAN,PASSENGER OR SUBURBAN,Going Straight Ahead,Not Entered,West,Gas,2013,NY,1,6,HONDA
40002,2014,SUBURBAN,PASSENGER OR SUBURBAN,Going Straight Ahead,Not Entered,North,Gas,2001,NY,7,6,HONDA
40003,2014,4 DOOR SEDAN,PASSENGER OR SUBURBAN,Making U Turn,Not Entered,Northeast,Gas,2006,NY,1,4,HONDA
40004,2015,SUBURBAN,PASSENGER OR SUBURBAN,Going Straight Ahead,Not Entered,South,Gas,2010,NY,4,4,HONDA
40005,2015,4 DOOR SEDAN,PASSENGER OR SUBURBAN,Going Straight Ahead,Not Entered,West,Gas,1996,NY,2,4,HONDA