Case Num,Year,Vehicle Body Type,Registration Class,Action Prior to Accident,Type / Axles of Truck or Bus,Direction of Travel,Fuel Type,Vehicle Year,State of Registration,Number of Occupants,Engine Cylinders,Vehicle Make
40201,2014,SUBURBAN,PASSENGER OR SUBURBAN,Going Straight Ahead,Not Entered,East,Gas,2009,NY,1,4,HONDA
40202,2014,CONVERTIBLE,PASSENGER OR SUBURBAN,Making Left Turn,Not Entered,East,Gas,2002,NY,1,4,HONDA
40203,2014,4 DOOR SEDAN,PASSENGER OR SUBURBAN,Going Straight Ahead,Not Entered,West,Gas,2008,NY,2,4,HONDA
40204,2014,SUBURBAN,PASSENGER OR SUBURBAN,Slowing or Stopping,Not Entered,Southeast,Gas,2006,NY,1,6,HONDA
40205,2014,CUSTOM,IN TRANSIT PERMIT,Going Straight Ahead,Not Entered,East,None,2012,NY,1,0,HONDA
40206,2014,4 DOOR SEDAN,PASSENGER OR SUBURBAN,Going Straight Ahead,Not Entered,East,Gas,2002,NY,2,4,HONDA
40207,2014,4 DOOR SEDAN,PASSENGER OR SUBURBAN,Going Straight Ahead,Not Entered,South,Gas,2004,NY,1,6,HONDA
40208,2014,4 DOOR SEDAN,PASSENGER OR SUBURBAN,Going Straight Ahead,Not Entered,South,Gas,2002,NY,1,4,HONDA
40209,2015,2 DOOR SEDAN,PASSENGER OR SUBURBAN,Going Straight Ahead,Not Entered,South,Gas,2007,NY,2,4,HONDA
40210,2015,4 DOOR SEDAN,PASSENGER OR SUBURBAN,Slowing or Stopping,Not Entered,East,Gas,2002,NY,1,6,HONDA
40211,2015,MOTORCYCLE,MOTORCYCLE,Going Straight Ahead,Not Entered,North,Gas,1992,NY,2,2,HONDA
40212,2015,SUBURBAN,PASSENGER OR SUBURBAN,Stopped in Traffic,Not Entered,East,Gas,2014,NY,4,6,HONDA
40213,2015,4 DOOR SEDAN,HAM OPERATOR,Going Straight Ahead,Not Entered,South,Gas,2002,NY,1,4,HONDA
40214,2015,SUBURBAN,PASSENGER OR SUBURBAN,Going Straight Ahead,Not Entered,East,Gas,2014,NY,1,6,HONDA
40215,2014,4 DOOR SEDAN,PASSENGER OR SUBURBAN,Going Straight Ahead,Not Entered,East,Gas,1999,NY,1,4,HONDA
40216,2015,SUBURBAN,PASSENGER OR SUBURBAN,Going Straight Ahead,Not Entered,Southeast,Gas,2005,NY,1,4,HONDA
40217,2015,2 DOOR SEDAN,PASSENGER OR SUBURBAN,Going Straight Ahead,Not Entered,South,Gas,2005,NY,2,4,HONDA
40218,2015,SUBURBAN,PASSENGER OR SUBURBAN,Slowing or Stopping,Not Entered,West,Gas,2007,NY,1,6,HONDA
40219,2015,SUBURBAN,PASSENGER OR SUBURBAN,Stopped in Traffic,Not Entered,West,Gas,2012,NY,1,6,HONDA
40220,2015,4 DOOR SEDAN,PASSENGER OR SUBURBAN,Going Straight Ahead,Not Entered,East,Gas,1998,NY,2,4,HONDA
40221,2015,4 DOOR SEDAN,PASSENGER OR SUBURBAN,Parked,Not Entered,Northwest,Gas,2003,NY,,4,HONDA
40222,2015,4 DOOR SEDAN,PASSENGER OR SUBURBAN,Going Straight Ahead,Not Entered,South,Gas,2009,NY,1,4,HONDA
40223,2015,SUBURBAN,PASSENGER OR SUBURBAN,Going Straight Ahead,Not Entered,North,Gas,2000,NY,1,4,HONDA
40224,2015,4 DOOR SEDAN,PASSENGER OR SUBURBAN,Stopped in Traffic,Not Entered,East,Gas,1995,NY,1,4,HONDA
40225,2015,4 DOOR SEDAN,PASSENGER OR SUBURBAN,Slowing or Stopping,Not Entered,North,Gas,2006,NY,1,4,HONDA
40226,2015,2 DOOR SEDAN,PASSENGER OR SUBURBAN,Going Straight Ahead,Not Entered,South,Gas,2009,NY,1,4,HONDA
40227,2015,2 DOOR SEDAN,PASSENGER OR SUBURBAN,Starting in Traffic,Not Entered,North,Gas,2007,NY,1,4,HONDA
40228,2015,4 DOOR SEDAN,PASSENGER OR SUBURBAN,Going Straight Ahead,Not Entered,East,Gas,2004,NY,1,4,HONDA
40229,2015,SUBURBAN,PASSENGER OR SUBURBAN,Going Straight Ahead,Not Entered,South,Gas,2011,NY,1,4,HONDA
40230,2015,4 DOOR SEDAN,PASSENGER OR SUBURBAN,Going Straight Ahead,Not Entered,South,Gas,2007,NY,1,4,HONDA
40231,2015,4 DOOR SEDAN,PASSENGER OR SUBURBAN,Going Straight Ahead,Not Entered,East,Gas,2012,NY,1,4,HONDA
40232,2015,2 DOOR SEDAN,PASSENGER OR SUBURBAN,Going Straight Ahead,Not Entered,East,Gas,2001,NY,1,4,HONDA
40233,2015,4 DOOR SEDAN,PASSENGER OR SUBURBAN,Going Straight Ahead,Not Entered,East,Gas,2004,NY,2,4,HONDA
40234,2015,SUBURBAN,PASSENGER OR SUBURBAN,Going Straight Ahead,Not Entered,West,Gas,2013,NY,1,4,HONDA
40235,2015,4 DOOR SEDAN,PASSENGER OR SUBURBAN,Going Straight Ahead,Not Entered,North,Gas,2007,NY,2,4,HONDA
40236,2015,2 DOOR SEDAN,PASSENGER OR SUBURBAN,Making Left Turn,Not Entered,East,Gas,2007,NY,1,4,HONDA
40237,2015,4 DOOR SEDAN,PASSENGER OR SUBURBAN,Going Straight Ahead,Not Entered,West,Gas,2014,NY,1,4,HONDA
40238,2015,4 DOOR SEDAN,PASSENGER OR SUBURBAN,Going Straight Ahead,Not Entered,North,Gas,2003,NY,1,4,HONDA
40239,2014,4 DOOR SEDAN,PASSENGER OR SUBURBAN,Making Left Turn,Not Entered,West,Gas,2002,NY,1,4,HONDA
40240,2014,4 DOOR SEDAN,PASSENGER OR SUBURBAN,Making Left Turn,Not Entered,East,Gas,2013,NY,2,4,HONDA
40241,2014,4 DOOR SEDAN,PASSENGER OR SUBURBAN,Going Straight Ahead,Not Entered,Southwest,Gas,2001,NY,1,4,HONDA
40242,2015,2 DOOR SEDAN,PASSENGER OR SUBURBAN,Making Left Turn,Not Entered,Northeast,Gas,2002,NY,1,4,HONDA
40243,2015,2 DOOR SEDAN,PASSENGER OR SUBURBAN,Making Left Turn,Not Entered,East,Gas,2002,NY,3,6,HONDA
40244,2015,SUBURBAN,PASSENGER OR SUBURBAN,Making Left Turn,Not Entered,Northeast,Gas,2015,NY,3,6,HONDA
40245,2015,SUBURBAN,PASSENGER OR SUBURBAN,Making Left Turn,Not Entered,West,Gas,2012,NY,1,6,HONDA
40246,2015,4 DOOR SEDAN,PASSENGER OR SUBURBAN,Making Left Turn,Not Entered,Southeast,Gas,2010,NY,2,4,HONDA
40247,2015,4 DOOR SEDAN,PASSENGER OR SUBURBAN,Making U Turn,Not Entered,South,Gas,2015,NY,1,4,HONDA
40248,2015,4 DOOR SEDAN,PASSENGER OR SUBURBAN,Making Left Turn,Not Entered,Northeast,Gas,1999,NY,3,4,HONDA
40249,2015,4 DOOR SEDAN,PASSENGER OR SUBURBAN,Making Left Turn,Not Entered,South,Gas,2012,NY,2,4,HONDA
40250,2014,4 DOOR SEDAN,PASSENGER OR SUBURBAN,Going Straight Ahead,Not Entered,West,Gas,2000,NY,1,4,HONDA
40251,2014,2 DOOR SEDAN,PASSENGER OR SUBURBAN,Making Left Turn,Not Entered,Unknown,Gas,1994,NY,1,4,HONDA
40252,2014,SUBURBAN,PASSENGER OR SUBURBAN,Overtaking/Passing,Not Entered,South,Gas,2012,NY,1,6,HONDA
40253,2015,4 DOOR SEDAN,PASSENGER OR SUBURBAN,Going Straight Ahead,Not Entered,West,Gas,2013,NY,1,4,HONDA
40254,2015,4 DOOR SEDAN,PASSENGER OR SUBURBAN,Changing Lanes,Not Entered,North,Gas,2009,NY,2,4,HONDA
40255,2015,2 DOOR SEDAN,PASSENGER OR SUBURBAN,Changing Lanes,Not Entered,South,Gas,2012,NY,1,4,HONDA
40256,2015,PICKUP TRUCK,PASSENGER OR SUBURBAN,Changing Lanes,Not Entered,South,Gas,2008,NY,1,6,HONDA
40257,2015,4 DOOR SEDAN,PASSENGER OR SUBURBAN,Going Straight Ahead,Not Entered,South,Gas,2012,NY,1,4,HONDA
40258,2015,2 DOOR SEDAN,PASSENGER OR SUBURBAN,Going Straight Ahead,Not Entered,East,Gas,2011,NY,1,4,HONDA
40259,2015,4 DOOR SEDAN,PASSENGER OR SUBURBAN,Slowing or Stopping,Not Entered,North,Gas,2015,NY,1,4,HONDA
40260,2015,SUBURBAN,PASSENGER OR SUBURBAN,Changing Lanes,Not Entered,South,Gas,2015,NY,1,4,HONDA
40261,2015,4 DOOR SEDAN,PASSENGER OR SUBURBAN,Changing Lanes,Not Entered,East,Gas,2012,NY,1,6,HONDA
40262,2015,4 DOOR SEDAN,PASSENGER OR SUBURBAN,Changing Lanes,Not Entered,East,Gas,2015,NY,2,4,HONDA
40263,2015,4 DOOR SEDAN,PASSENGER OR SUBURBAN,Changing Lanes,Not Entered,Northeast,Gas,2002,NY,2,4,HONDA
40264,2015,2 DOOR SEDAN,PASSENGER OR SUBURBAN,Making U Turn,Not Entered,South,Gas,2011,NY,1,4,HONDA
40265,2015,4 DOOR SEDAN,OMNIBUS - TAXI,Making U Turn,Not Entered,South,Gas,2015,NY,1,4,HONDA
40266,2015,4 DOOR SEDAN,PASSENGER OR SUBURBAN,Changing Lanes,Not Entered,North,Gas,2007,NY,1,4,HONDA
40267,2014,4 DOOR SEDAN,PASSENGER OR SUBURBAN,Merging,Not Entered,South,Gas,2003,NY,,4,HONDA
40268,2014,2 DOOR SEDAN,PASSENGER OR SUBURBAN,Changing Lanes,Not Entered,West,Gas,2011,NY,1,4,HONDA
40269,2015,SUBURBAN,PASSENGER OR SUBURBAN,Going Straight Ahead,Not Entered,North,Gas,2011,NY,2,4,HONDA
40270,2015,MOTORCYCLE,MOTORCYCLE,Going Straight Ahead,Not Entered,East,Gas,1990,NY,1,4,HONDA
40271,2015,4 DOOR SEDAN,PASSENGER OR SUBURBAN,Police Pursuit,Not Entered,South,Gas,2014,NY,2,4,HONDA
40272,2015,4 DOOR SEDAN,PASSENGER OR SUBURBAN,Going Straight Ahead,Not Entered,West,Gas,2010,NY,1,4,HONDA
40273,2015,4 DOOR SEDAN,PASSENGER OR SUBURBAN,Going Straight Ahead,Not Entered,West,Gas,2014,NY,3,4,HONDA
40274,2015,4 DOOR SEDAN,PASSENGER OR SUBURBAN,Going Straight Ahead,Not Entered,South,Gas,2001,NY,1,6,HONDA
40275,2015,4 DOOR SEDAN,PASSENGER OR SUBURBAN,Going Straight Ahead,Not Entered,West,Gas,2008,NY,1,4,HONDA
40276,2015,SUBURBAN,PASSENGER OR SUBURBAN,Going Straight Ahead,Not Entered,West,Gas,2008,NY,1,4,HONDA
40277,2015,2 DOOR SEDAN,PASSENGER OR SUBURBAN,Slowing or Stopping,Not Entered,West,Gas,2009,NY,1,4,HONDA
40278,2015,SUBURBAN,PASSENGER OR SUBURBAN,Going Straight Ahead,Not Entered,Southeast,Gas,2000,NY,1,4,HONDA
40279,2015,SUBURBAN,PASSENGER OR SUBURBAN,Going Straight Ahead,Not Entered,East,Gas,2007,NY,,6,HONDA
40280,2014,SUBURBAN,PASSENGER OR SUBURBAN,Going Straight Ahead,Not Entered,West,Gas,2008,NY,1,4,HONDA
40281,2014,4 DOOR SEDAN,PASSENGER OR SUBURBAN,Going Straight Ahead,Not Entered,West,Gas,1998,NY,1,4,HONDA
40282,2014,4 DOOR SEDAN,PASSENGER OR SUBURBAN,Going Straight Ahead,Not Entered,West,Gas,2014,NY,1,4,HONDA
40283,2014,2 DOOR SEDAN,PASSENGER OR SUBURBAN,Making Right Turn,Not Entered,North,Gas,1995,NY,1,4,HONDA
40284,2014,4 DOOR SEDAN,PASSENGER OR SUBURBAN,Going Straight Ahead,Not Entered,North,Gas,2009,NY,1,4,HONDA
40285,2014,2 DOOR SEDAN,PASSENGER OR SUBURBAN,Going Straight Ahead,Not Entered,East,Gas,1998,NY,2,4,HONDA
40286,2014,2 DOOR SEDAN,PASSENGER OR SUBURBAN,Going Straight Ahead,Not Entered,West,Gas,1998,NY,1,4,HONDA
40287,2014,4 DOOR SEDAN,PASSENGER OR SUBURBAN,Going Straight Ahead,Not Entered,North,Gas,2010,NY,1,4,HONDA
40288,2014,SUBURBAN,PASSENGER OR SUBURBAN,Making Left Turn,Not Entered,South,Gas,2001,NY,3,6,HONDA
40289,2015,4 DOOR SEDAN,PASSENGER OR SUBURBAN,Going Straight Ahead,Not Entered,South,Gas,2004,NY,1,4,HONDA
40290,2015,SEDAN,Not Entered,Making Left Turn,Not Entered,West,Not Entered,2012,MA,3,,HONDA
40291,2014,SUBURBAN,PASSENGER OR SUBURBAN,Making Left Turn,Not Entered,North,Gas,2002,NY,3,4,HONDA
40292,2014,SUBURBAN,PASSENGER OR SUBURBAN,Making Left Turn,Not Entered,Northeast,Gas,2009,NY,4,6,HONDA
40293,2014,4 DOOR SEDAN,PASSENGER OR SUBURBAN,Slowing or Stopping,Not Entered,West,Gas,2010,NY,2,4,HONDA
40294,2015,4 DOOR SEDAN,Not Entered,Overtaking/Passing,Not Entered,South,Not Entered,2011,NY,2,,HYUND
40295,2015,4 DOOR SEDAN,Not Entered,Going Straight Ahead,Not Entered,South,Not Entered,2013,NJ,1,,HYUND
40296,2015,4 DOOR SEDAN,Not Entered,Backing,Not Entered,South,Not Entered,2013,MD,1,,HYUND
40297,2015,2 DOOR SEDAN,Not Entered,Parked,Not Entered,East,Not Entered,2013,NY,1,,HYUND
40298,2014,SUBURBAN,Not Entered,Going Straight Ahead,Not Entered,East,Not Entered,2010,NJ,1,,HYUND
40299,2014,4 DOOR SEDAN,Not Entered,Going Straight Ahead,Not Entered,East,Not Entered,2013,CT,1,,HYUND
40300,2015,4 DOOR SEDAN,Not Entered,Going Straight Ahead,Not Entered,West,Not Entered,2008,NY,1,,HYUND
40301,2015,4 DOOR SEDAN,Not Entered,Slowing or Stopping,Not Entered,South,Not Entered,2008,NY,1,,HYUND
40302,2015,4 DOOR SEDAN,Not Entered,Making Right Turn,Not Entered,South,Not Entered,2015,NJ,2,,HYUND
40303,2015,4 DOOR SEDAN,Not Entered,Going Straight Ahead,Not Entered,South,Not Entered,2001,CT,3,,HYUND
40304,2015,4 DOOR SEDAN,Not Entered,Stopped in Traffic,Not Entered,East,Not Entered,2013,CT,1,,HYUND
40305,2015,4 DOOR SEDAN,Not Entered,Slowing or Stopping,Not Entered,Southeast,Not Entered,2015,VA,1,,HYUND
40306,2015,2 DOOR SEDAN,Not Entered,Going Straight Ahead,Not Entered,West,Not Entered,2007,CT,1,,HYUND
40307,2014,4 DOOR SEDAN,Not Entered,Going Straight Ahead,Not Entered,Northwest,Not Entered,2012,FL,1,,HYUND
40308,2015,4 DOOR SEDAN,Not Entered,Slowing or Stopping,Not Entered,North,Not Entered,2010,ON,2,,HYUND
40309,2015,4 DOOR SEDAN,PASSENGER OR SUBURBAN,Other,Not Entered,East,Gas,2009,NY,1,4,HYUND
40310,2015,4 DOOR SEDAN,PASSENGER OR SUBURBAN,Going Straight Ahead,Not Entered,South,Gas,2013,NY,1,4,HYUND
40311,2015,4 DOOR SEDAN,PASSENGER OR SUBURBAN,Going Straight Ahead,Not Entered,West,Gas,2008,NY,1,4,HYUND
40312,2015,4 DOOR SEDAN,PASSENGER OR SUBURBAN,Going Straight Ahead,Not Entered,West,Gas,2015,NY,1,4,HYUND
40313,2015,4 DOOR SEDAN,PASSENGER OR SUBURBAN,Avoiding Object in Roadway,Not Entered,South,Gas,2009,NY,2,4,HYUND
40314,2015,SUBURBAN,PASSENGER OR SUBURBAN,Going Straight Ahead,Not Entered,South,Gas,2005,NY,1,6,HYUND
40315,2015,4 DOOR SEDAN,PASSENGER OR SUBURBAN,Going Straight Ahead,Not Entered,West,Gas,2007,NY,1,6,HYUND
40316,2015,4 DOOR SEDAN,PASSENGER OR SUBURBAN,Going Straight Ahead,Not Entered,East,Gas,2013,NY,1,4,HYUND
40317,2015,SUBURBAN,PASSENGER OR SUBURBAN,Going Straight Ahead,Not Entered,Southwest,Gas,2012,NY,1,4,HYUND
40318,2015,4 DOOR SEDAN,PASSENGER OR SUBURBAN,Going Straight Ahead,Not Entered,South,Gas,2013,NY,1,4,HYUND
40319,2015,4 DOOR SEDAN,PASSENGER OR SUBURBAN,Going Straight Ahead,Not Entered,East,Gas,2009,NY,1,4,HYUND
40320,2015,SUBURBAN,PASSENGER OR SUBURBAN,Going Straight Ahead,Not Entered,North,Gas,2015,NY,1,4,HYUND
40321,2015,4 DOOR SEDAN,PASSENGER OR SUBURBAN,Going Straight Ahead,Not Entered,North,Gas,2009,NY,2,4,HYUND
40322,2015,4 DOOR SEDAN,PASSENGER OR SUBURBAN,Going Straight Ahead,Not Entered,East,Gas,2008,NY,1,4,HYUND
40323,2015,2 DOOR SEDAN,PASSENGER OR SUBURBAN,Going Straight Ahead,Not Entered,East,Gas,2010,NY,1,4,HYUND
40324,2015,4 DOOR SEDAN,PASSENGER OR SUBURBAN,Going Straight Ahead,Not Entered,East,Gas,2014,NY,1,4,HYUND
40325,2014,4 DOOR SEDAN,PASSENGER OR SUBURBAN,Going Straight Ahead,Not Entered,South,Gas,2007,NY,2,4,HYUND
40326,2015,SUBURBAN,PASSENGER OR SUBURBAN,Backing,Not Entered,North,Gas,2010,NY,1,4,HYUND
40327,2015,4 DOOR SEDAN,PASSENGER OR SUBURBAN,Backing,Not Entered,South,Gas,2013,NY,1,4,HYUND
40328,2015,SUBURBAN,PASSENGER OR SUBURBAN,Backing,Not Entered,Southwest,Gas,2002,NY,2,6,HYUND
40329,2015,4 DOOR SEDAN,PASSENGER OR SUBURBAN,Backing,Not Entered,North,Gas,2013,NY,1,4,HYUND
40330,2014,4 DOOR SEDAN,PASSENGER OR SUBURBAN,Backing,Not Entered,Southeast,Gas,2004,NY,1,4,HYUND
40331,2014,4 DOOR SEDAN,PASSENGER OR SUBURBAN,Going Straight Ahead,Not Entered,West,Gas,1999,NY,1,4,HYUND
40332,2015,SUBURBAN,PASSENGER OR SUBURBAN,Going Straight Ahead,Not Entered,South,Gas,2015,NY,2,6,HYUND
40333,2015,4 DOOR SEDAN,PASSENGER OR SUBURBAN,Going Straight Ahead,Not Entered,East,Gas,2002,NY,2,4,HYUND
40334,2015,4 DOOR SEDAN,PASSENGER OR SUBURBAN,Going Straight Ahead,Not Entered,North,Gas,2009,NY,1,4,HYUND
40335,2015,4 DOOR SEDAN,PASSENGER OR SUBURBAN,Going Straight Ahead,Not Entered,North,Gas,2007,NY,1,4,HYUND
40336,2015,4 DOOR SEDAN,PASSENGER OR SUBURBAN,Stopped in Traffic,Not Entered,West,Gas,2013,NY,1,4,HYUND
40337,2015,4 DOOR SEDAN,PASSENGER OR SUBURBAN,Going Straight Ahead,Not Entered,South,Gas,2013,NY,1,4,HYUND
40338,2015,4 DOOR SEDAN,PASSENGER OR SUBURBAN,Going Straight Ahead,Not Entered,West,Gas,2008,NY,1,4,HYUND
40339,2015,4 DOOR SEDAN,PASSENGER OR SUBURBAN,Slowing or Stopping,Not Entered,North,Gas,2003,NY,2,4,HYUND
40340,2015,4 DOOR SEDAN,PASSENGER OR SUBURBAN,Going Straight Ahead,Not Entered,North,Gas,2015,NY,1,4,HYUND
40341,2015,4 DOOR SEDAN,SPECIAL PASSENGER,Entering Parked Position,Not Entered,South,Gas,2008,NY,1,4,HYUND
40342,2015,SUBURBAN,PASSENGER OR SUBURBAN,Going Straight Ahead,Not Entered,South,Gas,2013,NY,1,4,HYUND
40343,2015,4 DOOR SEDAN,PASSENGER OR SUBURBAN,Slowing or Stopping,Not Entered,East,Gas,2011,NY,1,4,HYUND
40344,2015,4 DOOR SEDAN,PASSENGER OR SUBURBAN,Changing Lanes,Not Entered,West,Gas,2002,NY,1,4,HYUND
40345,2015,4 DOOR SEDAN,OMNIBUS - TAXI,Making Left Turn,Not Entered,Southeast,Gas,2013,NY,1,4,HYUND
40346,2014,SUBURBAN,PASSENGER OR SUBURBAN,Going Straight Ahead,Not Entered,East,Gas,2010,NY,1,4,HYUND
40347,2014,4 DOOR SEDAN,PASSENGER OR SUBURBAN,Starting in Traffic,Not Entered,West,Gas,2000,NY,1,4,HYUND
40348,2014,4 DOOR SEDAN,PASSENGER OR SUBURBAN,Going Straight Ahead,Not Entered,West,Gas,2003,NY,1,4,HYUND
40349,2015,4 DOOR SEDAN,PASSENGER OR SUBURBAN,Going Straight Ahead,Not Entered,North,Gas,2006,NY,5,6,HYUND
40350,2015,4 DOOR SEDAN,PASSENGER OR SUBURBAN,Backing,Not Entered,Southeast,Gas,2003,NY,1,6,HYUND
40351,2014,SUBURBAN,PASSENGER OR SUBURBAN,Going Straight Ahead,Not Entered,North,Gas,2013,NY,2,4,HYUND
40352,2014,4 DOOR SEDAN,PASSENGER OR SUBURBAN,Going Straight Ahead,Not Entered,East,Gas,2013,NY,1,4,HYUND
40353,2014,4 DOOR SEDAN,PASSENGER OR SUBURBAN,Going Straight Ahead,Not Entered,South,Gas,2002,NY,1,4,HYUND
40354,2015,4 DOOR SEDAN,PASSENGER OR SUBURBAN,Going Straight Ahead,Not Entered,East,Gas,2013,NY,1,4,HYUND
40355,2015,SUBURBAN,PASSENGER OR SUBURBAN,Going Straight Ahead,Not Entered,South,Gas,2005,NY,1,6,HYUND
40356,2015,4 DOOR SEDAN,PASSENGER OR SUBURBAN,Going Straight Ahead,Not Entered,Northeast,Gas,2009,NY,2,4,HYUND
40357,2015,4 DOOR SEDAN,PASSENGER OR SUBURBAN,Going Straight Ahead,Not Entered,East,Gas,2012,NY,1,4,HYUND
40358,2015,SUBURBAN,PASSENGER OR SUBURBAN,Going Straight Ahead,Not Entered,North,Gas,2000,NY,1,4,HYUND
40359,2014,4 DOOR SEDAN,PASSENGER OR SUBURBAN,Making Left Turn,Not Entered,North,Gas,2002,NY,4,4,HYUND
40360,2015,4 DOOR SEDAN,PASSENGER OR SUBURBAN,Going Straight Ahead,Not Entered,West,Gas,2013,NY,1,4,HYUND
40361,2015,4 DOOR SEDAN,OMNIBUS-SPECIAL (PRIVATE RENTAL),Starting from Parking,Not Entered,Northeast,Gas,2014,NY,1,4,HYUND
40362,2015,SUBURBAN,PASSENGER OR SUBURBAN,Making Left Turn,Not Entered,West,Gas,2007,NY,1,4,HYUND
40363,2015,4 DOOR SEDAN,PASSENGER OR SUBURBAN,Merging,Not Entered,East,Gas,2015,NY,1,4,HYUND
40364,2015,4 DOOR SEDAN,PASSENGER OR SUBURBAN,Making Left Turn,Not Entered,Southwest,Gas,2014,NY,2,4,HYUND
40365,2015,SUBURBAN,PASSENGER OR SUBURBAN,Making Right Turn,Not Entered,East,Gas,2003,NY,1,4,HYUND
40366,2015,4 DOOR SEDAN,PASSENGER OR SUBURBAN,Going Straight Ahead,Not Entered,South,Gas,2008,NY,1,4,HYUND
40367,2015,4 DOOR SEDAN,PASSENGER OR SUBURBAN,Making Right Turn,Not Entered,East,Gas,2002,NY,1,4,HYUND
40368,2015,4 DOOR SEDAN,PASSENGER OR SUBURBAN,Making Left Turn,Not Entered,Northwest,Gas,2006,NY,1,6,HYUND
40369,2015,4 DOOR SEDAN,PASSENGER OR SUBURBAN,Making Left Turn,Not Entered,Southwest,Gas,2013,NY,1,4,HYUND
40370,2015,2 DOOR SEDAN,PASSENGER OR SUBURBAN,Going Straight Ahead,Not Entered,South,Gas,2013,NY,2,4,HYUND
40371,2014,4 DOOR SEDAN,PASSENGER OR SUBURBAN,Going Straight Ahead,Not Entered,East,Gas,2001,NY,1,4,HYUND
40372,2014,4 DOOR SEDAN,PASSENGER OR SUBURBAN,Changing Lanes,Not Entered,West,Gas,2014,NY,1,4,HYUND
40373,2014,4 DOOR SEDAN,PASSENGER OR SUBURBAN,Going Straight Ahead,Not Entered,South,Gas,2010,NY,1,4,HYUND
40374,2015,2 DOOR SEDAN,PASSENGER OR SUBURBAN,Going Straight Ahead,Not Entered,South,Gas,2010,NY,1,4,HYUND
40375,2015,2 DOOR SEDAN,PASSENGER OR SUBURBAN,Going Straight Ahead,Not Entered,North,Gas,2010,NY,1,4,HYUND
40376,2015,4 DOOR SEDAN,PASSENGER OR SUBURBAN,Slowing or Stopping,Not Entered,North,Gas,2006,NY,1,6,HYUND
40377,2015,4 DOOR SEDAN,PASSENGER OR SUBURBAN,Going Straight Ahead,Not Entered,West,Gas,2008,NY,1,4,HYUND
40378,2015,4 DOOR SEDAN,PASSENGER OR SUBURBAN,Going Straight Ahead,Not Entered,South,Gas,2004,NY,4,4,HYUND
40379,2015,SUBURBAN,PASSENGER OR SUBURBAN,Going Straight Ahead,Not Entered,North,Gas,2008,NY,2,6,HYUND
40380,2015,SUBURBAN,PASSENGER OR SUBURBAN,Going Straight Ahead,Not Entered,East,Gas,2007,NY,1,6,HYUND
40381,2015,4 DOOR SEDAN,PASSENGER OR SUBURBAN,Going Straight Ahead,Not Entered,North,Gas,2008,NY,1,4,HYUND
40382,2015,SUBURBAN,PASSENGER OR SUBURBAN,Slowing or Stopping,Not Entered,West,Gas,2002,NY,1,6,HYUND
40383,2015,4 DOOR SEDAN,PASSENGER OR SUBURBAN,Going Straight Ahead,Not Entered,North,Gas,2014,NY,1,4,HYUND
40384,2015,SUBURBAN,PASSENGER OR SUBURBAN,Making Right Turn,Not Entered,Southeast,Gas,2007,NY,1,6,HYUND
40385,2015,4 DOOR SEDAN,SPECIAL PASSENGER,Going Straight Ahead,Not Entered,North,Gas,2011,NY,1,4,HYUND
40386,2015,4 DOOR SEDAN,PASSENGER OR SUBURBAN,Going Straight Ahead,Not Entered,East,Gas,2011,NY,1,4,HYUND
40387,2015,4 DOOR SEDAN,PASSENGER OR SUBURBAN,Slowing or Stopping,Not Entered,West,Gas,2009,NY,1,4,HYUND
40388,2014,4 DOOR SEDAN,PASSENGER OR SUBURBAN,Going Straight Ahead,Not Entered,North,Gas,2007,NY,1,6,HYUND
40389,2014,SUBURBAN,PASSENGER OR SUBURBAN,Slowing or Stopping,Not Entered,North,Gas,2013,NY,2,4,HYUND
40390,2014,4 DOOR SEDAN,PASSENGER OR SUBURBAN,Going Straight Ahead,Not Entered,South,Gas,2005,NY,1,4,HYUND
40391,2014,4 DOOR SEDAN,PASSENGER OR SUBURBAN,Going Straight Ahead,Not Entered,South,Gas,2004,NY,2,4,HYUND
40392,2014,4 DOOR SEDAN,PASSENGER OR SUBURBAN,Going Straight Ahead,Not Entered,North,Gas,2001,NY,1,4,HYUND
40393,2014,4 DOOR SEDAN,PASSENGER OR SUBURBAN,Making Left Turn,Not Entered,Northwest,Gas,2002,NY,1,4,HYUND
40394,2015,4 DOOR SEDAN,PASSENGER OR SUBURBAN,Going Straight Ahead,Not Entered,North,Gas,2006,NY,1,6,HYUND