Case Num,Year,Vehicle Body Type,Registration Class,Action Prior to Accident,Type / Axles of Truck or Bus,Direction of Travel,Fuel Type,Vehicle Year,State of Registration,Number of Occupants,Engine Cylinders,Vehicle Make
40591,2015,SUBURBAN,PASSENGER OR SUBURBAN,Going Straight Ahead,Not Entered,East,Gas,2006,NY,,6,JEEP
40592,2015,SUBURBAN,PASSENGER OR SUBURBAN,Going Straight Ahead,Not Entered,East,Gas,2004,NY,1,6,JEEP
40593,2015,SUBURBAN,PASSENGER OR SUBURBAN,Going Straight Ahead,Not Entered,East,Gas,2003,NY,2,6,JEEP
40594,2015,SUBURBAN,PASSENGER OR SUBURBAN,Slowing or Stopping,Not Entered,East,Gas,2012,NY,1,6,JEEP
40595,2015,SUBURBAN,PASSENGER OR SUBURBAN,Going Straight Ahead,Not Entered,North,Gas,2014,NY,1,6,JEEP
40596,2015,SUBURBAN,PASSENGER OR SUBURBAN,Going Straight Ahead,Not Entered,West,Gas,2015,NY,1,6,JEEP
40597,2015,SUBURBAN,PASSENGER OR SUBURBAN,Slowing or Stopping,Not Entered,West,Gas,2008,NY,1,6,JEEP
40598,2015,SUBURBAN,PASSENGER OR SUBURBAN,Going Straight Ahead,Not Entered,South,Gas,2014,NY,1,6,JEEP
40599,2015,SUBURBAN,PASSENGER OR SUBURBAN,Starting in Traffic,Not Entered,West,Gas,2006,NY,2,6,JEEP
40600,2015,SUBURBAN,PASSENGER OR SUBURBAN,Going Straight Ahead,Not Entered,South,Gas,2009,NY,1,6,JEEP
40601,2015,SUBURBAN,PASSENGER OR SUBURBAN,Going Straight Ahead,Not Entered,North,Gas,2008,NY,1,8,JEEP
40602,2015,SUBURBAN,PASSENGER OR SUBURBAN,Slowing or Stopping,Not Entered,South,Gas,2014,NY,1,6,JEEP
40603,2015,SUBURBAN,PASSENGER OR SUBURBAN,Going Straight Ahead,Not Entered,South,Gas,2014,NY,1,6,JEEP
40604,2015,SUBURBAN,PASSENGER OR SUBURBAN,Going Straight Ahead,Not Entered,West,Gas,2015,NY,1,6,JEEP
40605,2015,SUBURBAN,PASSENGER OR SUBURBAN,Slowing or Stopping,Not Entered,West,Gas,2012,NY,1,6,JEEP
40606,2015,SUBURBAN,PASSENGER OR SUBURBAN,Going Straight Ahead,Not Entered,North,Gas,2015,NY,1,4,JEEP
40607,2015,SUBURBAN,PASSENGER OR SUBURBAN,Going Straight Ahead,Not Entered,North,Gas,2009,NY,1,6,JEEP
40608,2015,SUBURBAN,PASSENGER OR SUBURBAN,Going Straight Ahead,Not Entered,South,Gas,2014,NY,1,6,JEEP
40609,2014,SUBURBAN,PASSENGER OR SUBURBAN,Going Straight Ahead,Not Entered,North,Gas,2007,NY,1,6,JEEP
40610,2014,SUBURBAN,PASSENGER OR SUBURBAN,Going Straight Ahead,Not Entered,West,Gas,2000,NY,3,8,JEEP
40611,2014,4 DOOR SEDAN,Not Entered,Going Straight Ahead,Not Entered,South,Not Entered,1998,PA,1,,JEEP
40612,2014,SUBURBAN,PASSENGER OR SUBURBAN,Going Straight Ahead,Not Entered,South,Gas,2003,NY,1,6,JEEP
40613,2014,SUBURBAN,PASSENGER OR SUBURBAN,Stopped in Traffic,Not Entered,West,Gas,2011,NY,1,4,JEEP
40614,2015,SUBURBAN,PASSENGER OR SUBURBAN,Going Straight Ahead,Not Entered,East,Gas,2014,NY,2,6,JEEP
40615,2015,SUBURBAN,PASSENGER OR SUBURBAN,Going Straight Ahead,Not Entered,South,Gas,2014,NY,1,4,JEEP
40616,2015,SUBURBAN,PASSENGER OR SUBURBAN,Stopped in Traffic,Not Entered,West,Gas,2004,NY,2,6,JEEP
40617,2015,SUBURBAN,PASSENGER OR SUBURBAN,Going Straight Ahead,Not Entered,East,Gas,2005,NY,1,8,JEEP
40618,2015,SUBURBAN,PASSENGER OR SUBURBAN,Changing Lanes,Not Entered,East,Gas,2002,NY,2,6,JEEP
40619,2015,SUBURBAN,PASSENGER OR SUBURBAN,Going Straight Ahead,Not Entered,East,Gas,2012,NY,1,6,JEEP
40620,2015,SUBURBAN,PASSENGER OR SUBURBAN,Going Straight Ahead,Not Entered,West,Gas,2003,NY,1,6,JEEP
40621,2015,SUBURBAN,PASSENGER OR SUBURBAN,Going Straight Ahead,Not Entered,North,Gas,1999,NY,1,6,JEEP
40622,2015,SUBURBAN,PASSENGER OR SUBURBAN,Making Left Turn,Not Entered,South,Gas,1999,NY,1,6,JEEP
40623,2015,SUBURBAN,SPECIAL PASSENGER,Unknown,Not Entered,Northwest,Gas,2011,NY,1,6,JEEP
40624,2015,SUBURBAN,PASSENGER OR SUBURBAN,Stopped in Traffic,Not Entered,East,Gas,2012,NY,1,4,JEEP
40625,2015,SUBURBAN,PASSENGER OR SUBURBAN,Parked,Not Entered,North,Gas,2003,NY,0,6,JEEP
40626,2015,SUBURBAN,PASSENGER OR SUBURBAN,Making Left Turn,Not Entered,South,Gas,2001,NY,2,6,JEEP
40627,2015,SUBURBAN,PASSENGER OR SUBURBAN,Parked,Not Entered,West,Gas,2011,NY,0,6,JEEP
40628,2015,SUBURBAN,PASSENGER OR SUBURBAN,Going Straight Ahead,Not Entered,West,Gas,1998,NY,2,6,JEEP
40629,2015,SUBURBAN,Not Entered,Going Straight Ahead,Not Entered,East,Not Entered,2004,NY,1,,JEEP
40630,2015,SUBURBAN,PASSENGER OR SUBURBAN,Backing,Not Entered,North,Gas,2006,NY,1,6,JEEP
40631,2015,SUBURBAN,PASSENGER OR SUBURBAN,Parked,Not Entered,North,Gas,2010,NY,0,6,JEEP
40632,2015,SUBURBAN,SPECIAL PASSENGER,Starting in Traffic,Not Entered,West,Gas,2007,NY,1,6,JEEP
40633,2015,SUBURBAN,PASSENGER OR SUBURBAN,Making Right Turn,Not Entered,East,Gas,2007,NY,1,6,JEEP
40634,2015,SUBURBAN,PASSENGER OR SUBURBAN,Slowing or Stopping,Not Entered,West,Gas,2010,NY,1,4,JEEP
40635,2015,SUBURBAN,PASSENGER OR SUBURBAN,Parked,Not Entered,East,Gas,2010,NY,0,6,JEEP
40636,2015,SUBURBAN,PASSENGER OR SUBURBAN,Stopped in Traffic,Not Entered,East,Gas,2013,NY,2,6,JEEP
40637,2015,SUBURBAN,PASSENGER OR SUBURBAN,Stopped in Traffic,Not Entered,South,Gas,2012,NY,1,6,JEEP
40638,2015,SUBURBAN,PASSENGER OR SUBURBAN,Slowing or Stopping,Not Entered,South,Gas,2009,NY,1,6,JEEP
40639,2015,SUBURBAN,PASSENGER OR SUBURBAN,Going Straight Ahead,Not Entered,South,Gas,2011,NY,1,6,JEEP
40640,2015,SUBURBAN,PASSENGER OR SUBURBAN,Going Straight Ahead,Not Entered,South,Gas,2007,NY,1,6,JEEP
40641,2015,SUBURBAN,PASSENGER OR SUBURBAN,Going Straight Ahead,Not Entered,North,Gas,2007,NY,1,4,JEEP
40642,2014,SUBURBAN,PASSENGER OR SUBURBAN,Going Straight Ahead,Not Entered,West,Gas,1996,NY,1,6,JEEP
40643,2015,SUBURBAN,PASSENGER OR SUBURBAN,Going Straight Ahead,Not Entered,South,Gas,2005,NY,1,6,JEEP
40644,2014,SUBURBAN,PASSENGER OR SUBURBAN,Going Straight Ahead,Not Entered,West,Gas,2014,NY,1,6,JEEP
40645,2015,SUBURBAN,PASSENGER OR SUBURBAN,Slowing or Stopping,Not Entered,East,Gas,2014,NY,1,6,JEEP
40646,2015,SUBURBAN,Not Entered,Going Straight Ahead,Not Entered,South,Not Entered,2005,FL,1,,JEEP
40647,2015,SUBURBAN,PASSENGER OR SUBURBAN,Avoiding Object in Roadway,Not Entered,North,Gas,2011,NY,1,6,JEEP
40648,2015,SUBURBAN,PASSENGER OR SUBURBAN,Making Left Turn,Not Entered,West,Gas,2002,NY,1,6,JEEP
40649,2015,SUBURBAN,PASSENGER OR SUBURBAN,Going Straight Ahead,Not Entered,South,Gas,2015,NY,1,6,JEEP
40650,2015,SUBURBAN,PASSENGER OR SUBURBAN,Making Left Turn,Not Entered,South,Gas,2012,NY,1,6,JEEP
40651,2015,SUBURBAN,PASSENGER OR SUBURBAN,Making Right Turn,Not Entered,North,Gas,2011,NY,1,4,JEEP
40652,2014,SUBURBAN,PASSENGER OR SUBURBAN,Going Straight Ahead,Not Entered,West,Gas,2012,NY,2,8,JEEP
40653,2014,SUBURBAN,PASSENGER OR SUBURBAN,Going Straight Ahead,Not Entered,North,Gas,2002,NY,3,6,JEEP
40654,2014,SUBURBAN,PASSENGER OR SUBURBAN,Going Straight Ahead,Not Entered,West,Gas,2000,NY,1,8,JEEP
40655,2014,SUBURBAN,PASSENGER OR SUBURBAN,Going Straight Ahead,Not Entered,Southeast,Gas,2002,NY,1,6,JEEP
40656,2015,SUBURBAN,Not Entered,Going Straight Ahead,Not Entered,West,Not Entered,2011,DC,1,,JEEP
40657,2015,SUBURBAN,PASSENGER OR SUBURBAN,Slowing or Stopping,Not Entered,North,Gas,2005,NY,1,8,JEEP
40658,2015,SUBURBAN,PASSENGER OR SUBURBAN,Going Straight Ahead,Not Entered,South,Gas,2010,NY,1,6,JEEP
40659,2015,SUBURBAN,PASSENGER OR SUBURBAN,Going Straight Ahead,Not Entered,South,Gas,1999,NY,1,6,JEEP
40660,2014,SUBURBAN,PASSENGER OR SUBURBAN,Going Straight Ahead,Not Entered,West,Gas,1999,NY,1,6,JEEP
40661,2014,SUBURBAN,PASSENGER OR SUBURBAN,Going Straight Ahead,Not Entered,West,Gas,1996,NY,1,6,JEEP
40662,2014,SUBURBAN,PASSENGER OR SUBURBAN,Backing,Not Entered,North,Gas,2012,NY,1,4,JEEP
40663,2014,SUBURBAN,PASSENGER OR SUBURBAN,Going Straight Ahead,Not Entered,Southwest,Gas,2005,NY,2,6,JEEP
40664,2014,SUBURBAN,PASSENGER OR SUBURBAN,Going Straight Ahead,Not Entered,West,Gas,1999,NY,1,6,JEEP
40665,2014,SUBURBAN,PASSENGER OR SUBURBAN,Slowing or Stopping,Not Entered,South,Gas,2006,NY,1,6,JEEP
40666,2014,SUBURBAN,PASSENGER OR SUBURBAN,Making Left Turn,Not Entered,Southwest,Gas,2014,NY,1,4,JEEP
40667,2014,SUBURBAN,PASSENGER OR SUBURBAN,Going Straight Ahead,Not Entered,East,Gas,2007,NY,1,6,JEEP
40668,2014,SUBURBAN,PASSENGER OR SUBURBAN,Going Straight Ahead,Not Entered,West,Gas,2008,NY,1,4,JEEP
40669,2015,SUBURBAN,PASSENGER OR SUBURBAN,Going Straight Ahead,Not Entered,East,Gas,2012,NY,1,4,JEEP
40670,2015,SUBURBAN,PASSENGER OR SUBURBAN,Stopped in Traffic,Not Entered,East,Gas,2011,NY,1,6,JEEP
40671,2015,SUBURBAN,PASSENGER OR SUBURBAN,Going Straight Ahead,Not Entered,East,Gas,2009,NY,1,6,JEEP
40672,2015,SUBURBAN,PASSENGER OR SUBURBAN,Slowing or Stopping,Not Entered,East,Gas,2010,NY,2,6,JEEP
40673,2014,4 DOOR SEDAN,Not Entered,Making Right Turn,Not Entered,Northwest,Not Entered,2004,WV,3,,JEEP
40674,2014,SUBURBAN,PASSENGER OR SUBURBAN,Going Straight Ahead,Not Entered,East,Gas,1998,NY,1,6,JEEP
40675,2015,SUBURBAN,PASSENGER OR SUBURBAN,Going Straight Ahead,Not Entered,North,Gas,2002,NY,1,8,JEEP
40676,2015,SUBURBAN,PASSENGER OR SUBURBAN,Merging,Not Entered,Northwest,Gas,2012,NY,4,6,JEEP
40677,2015,SUBURBAN,PASSENGER OR SUBURBAN,Going Straight Ahead,Not Entered,East,Gas,2012,NY,1,6,JEEP
40678,2015,SUBURBAN,PASSENGER OR SUBURBAN,Going Straight Ahead,Not Entered,West,Gas,1995,NY,1,4,JEEP
40679,2015,SUBURBAN,PASSENGER OR SUBURBAN,Going Straight Ahead,Not Entered,West,Gas,2006,NY,1,6,JEEP
40680,2015,SUBURBAN,PASSENGER OR SUBURBAN,Going Straight Ahead,Not Entered,South,Gas,2010,NY,1,4,JEEP
40681,2014,SUBURBAN,PASSENGER OR SUBURBAN,Making Left Turn,Not Entered,Southeast,Gas,2001,NY,2,6,JEEP
40682,2015,SUBURBAN,PASSENGER OR SUBURBAN,Making Right Turn,Not Entered,North,Gas,1998,NY,2,6,JEEP
40683,2015,SUBURBAN,PASSENGER OR SUBURBAN,Making Left Turn,Not Entered,Northeast,Gas,2015,NY,1,6,JEEP
40684,2015,SUBURBAN,PASSENGER OR SUBURBAN,Overtaking/Passing,Not Entered,West,Gas,2012,NY,1,6,JEEP
40685,2015,SUBURBAN,PASSENGER OR SUBURBAN,Changing Lanes,Not Entered,South,Gas,2015,NY,1,4,JEEP
40686,2015,SUBURBAN,PASSENGER OR SUBURBAN,Going Straight Ahead,Not Entered,North,Gas,2007,NY,1,6,JEEP
40687,2015,SUBURBAN,PASSENGER OR SUBURBAN,Going Straight Ahead,Not Entered,East,Gas,2011,NY,1,6,JEEP
40688,2015,SUBURBAN,PASSENGER OR SUBURBAN,Going Straight Ahead,Not Entered,South,Gas,2008,NY,2,6,JEEP
40689,2015,SUBURBAN,Not Entered,Going Straight Ahead,Not Entered,Northeast,Not Entered,2007,NY,1,,JEEP
40690,2015,SUBURBAN,PASSENGER OR SUBURBAN,Going Straight Ahead,Not Entered,South,Gas,2011,NY,1,6,JEEP
40691,2015,SUBURBAN,PASSENGER OR SUBURBAN,Slowing or Stopping,Not Entered,West,Gas,1999,NY,1,6,JEEP
40692,2014,SUBURBAN,PASSENGER OR SUBURBAN,Going Straight Ahead,Not Entered,West,Gas,2002,NY,1,6,JEEP
40693,2015,SUBURBAN,PASSENGER OR SUBURBAN,Changing Lanes,Not Entered,South,Gas,1998,NY,1,4,JEEP
40694,2015,SUBURBAN,PASSENGER OR SUBURBAN,Starting in Traffic,Not Entered,West,Gas,2011,NY,1,4,JEEP
40695,2015,SUBURBAN,PASSENGER OR SUBURBAN,Backing,Not Entered,North,Gas,2014,NY,1,6,JEEP
40696,2014,SUBURBAN,PASSENGER OR SUBURBAN,Backing,Not Entered,West,Gas,2002,NY,1,8,JEEP
40697,2014,SUBURBAN,PASSENGER OR SUBURBAN,Going Straight Ahead,Not Entered,East,Gas,2004,NY,2,6,JEEP
40698,2015,SUBURBAN,PASSENGER OR SUBURBAN,Going Straight Ahead,Not Entered,North,Gas,2010,NY,1,4,KIA
40699,2015,SUBURBAN,PASSENGER OR SUBURBAN,Going Straight Ahead,Not Entered,West,Gas,2008,NY,3,6,KIA
40700,2015,SUBURBAN,PASSENGER OR SUBURBAN,Going Straight Ahead,Not Entered,East,Gas,2010,NY,3,6,KIA
40701,2015,4 DOOR SEDAN,PASSENGER OR SUBURBAN,Going Straight Ahead,Not Entered,North,Gas,2011,NY,1,4,KIA
40702,2015,SUBURBAN,PASSENGER OR SUBURBAN,Making Left Turn,Not Entered,North,Gas,2007,NY,1,6,KIA
40703,2015,SUBURBAN,PASSENGER OR SUBURBAN,Backing,Not Entered,South,Gas,2005,NY,1,6,KIA
40704,2014,SUBURBAN,PASSENGER OR SUBURBAN,Stopped in Traffic,Not Entered,East,Gas,2012,NY,2,6,KIA
40705,2014,SUBURBAN,PASSENGER OR SUBURBAN,Backing,Not Entered,North,Gas,2012,NY,1,4,KIA
40706,2015,SUBURBAN,PASSENGER OR SUBURBAN,Going Straight Ahead,Not Entered,North,Gas,2009,NY,1,6,KIA
40707,2015,SUBURBAN,PASSENGER OR SUBURBAN,Going Straight Ahead,Not Entered,Southeast,Gas,2015,NY,1,4,KIA
40708,2015,4 DOOR SEDAN,PASSENGER OR SUBURBAN,Going Straight Ahead,Not Entered,North,Gas,2014,NY,1,4,KIA
40709,2014,4 DOOR SEDAN,PASSENGER OR SUBURBAN,Going Straight Ahead,Not Entered,North,Gas,2004,NY,1,4,KIA
40710,2014,4 DOOR SEDAN,PASSENGER OR SUBURBAN,Making Left Turn,Not Entered,Southwest,Gas,2008,NY,1,4,KIA
40711,2015,4 DOOR SEDAN,PASSENGER OR SUBURBAN,Making Left Turn,Not Entered,Northwest,Gas,2012,NY,1,4,KIA
40712,2015,4 DOOR SEDAN,PASSENGER OR SUBURBAN,Making Left Turn,Not Entered,West,Gas,2006,NY,1,4,KIA
40713,2015,4 DOOR SEDAN,PASSENGER OR SUBURBAN,Making Left Turn,Not Entered,East,Gas,2014,NY,4,4,KIA
40714,2014,SUBURBAN,PASSENGER OR SUBURBAN,Backing,Not Entered,South,Gas,2013,NY,2,4,KIA
40715,2014,SUBURBAN,PASSENGER OR SUBURBAN,Going Straight Ahead,Not Entered,South,Gas,1998,NY,1,4,KIA
40716,2014,SUBURBAN,PASSENGER OR SUBURBAN,Going Straight Ahead,Not Entered,South,Gas,2013,NY,1,4,KIA
40717,2015,4 DOOR SEDAN,PASSENGER OR SUBURBAN,Going Straight Ahead,Not Entered,East,Gas,2007,NY,1,4,KIA
40718,2015,4 DOOR SEDAN,PASSENGER OR SUBURBAN,Slowing or Stopping,Not Entered,North,Gas,2014,NY,1,4,KIA
40719,2015,4 DOOR SEDAN,PASSENGER OR SUBURBAN,Slowing or Stopping,Not Entered,East,Gas,2010,NY,1,4,KIA
40720,2015,SUBURBAN,PASSENGER OR SUBURBAN,Going Straight Ahead,Not Entered,North,Gas,2014,NY,1,6,KIA
40721,2015,4 DOOR SEDAN,PASSENGER OR SUBURBAN,Going Straight Ahead,Not Entered,East,Gas,2005,NY,1,6,KIA
40722,2015,SUBURBAN,PASSENGER OR SUBURBAN,Going Straight Ahead,Not Entered,South,Gas,2013,NY,3,4,KIA
40723,2015,SUBURBAN,PASSENGER OR SUBURBAN,Going Straight Ahead,Not Entered,South,Gas,2008,NY,3,4,KIA
40724,2015,4 DOOR SEDAN,PASSENGER OR SUBURBAN,Slowing or Stopping,Not Entered,East,Gas,2007,NY,1,6,KIA
40725,2015,4 DOOR SEDAN,PASSENGER OR SUBURBAN,Slowing or Stopping,Not Entered,West,Gas,2013,NY,1,4,KIA
40726,2015,4 DOOR SEDAN,PASSENGER OR SUBURBAN,Going Straight Ahead,Not Entered,West,Gas,2012,NY,1,4,KIA
40727,2014,4 DOOR SEDAN,PASSENGER OR SUBURBAN,Going Straight Ahead,Not Entered,East,Gas,2013,NY,2,4,KIA
40728,2014,4 DOOR SEDAN,PASSENGER OR SUBURBAN,Going Straight Ahead,Not Entered,East,Gas,2009,NY,1,4,KIA
40729,2015,4 DOOR SEDAN,PASSENGER OR SUBURBAN,Going Straight Ahead,Not Entered,East,Gas,2012,NY,1,4,KIA
40730,2015,SUBURBAN,PASSENGER OR SUBURBAN,Going Straight Ahead,Not Entered,North,Gas,2008,NY,1,4,KIA
40731,2015,SUBURBAN,PASSENGER OR SUBURBAN,Entering Parked Position,Not Entered,North,Gas,2014,NY,1,4,KIA
40732,2015,SUBURBAN,PASSENGER OR SUBURBAN,Going Straight Ahead,Not Entered,South,Gas,2014,NY,2,4,KIA
40733,2015,SUBURBAN,PASSENGER OR SUBURBAN,Going Straight Ahead,Not Entered,North,Gas,2006,NY,1,6,KIA
40734,2015,SUBURBAN,PASSENGER OR SUBURBAN,Parked,Not Entered,South,Gas,2014,NY,1,4,KIA
40735,2015,4 DOOR SEDAN,PASSENGER OR SUBURBAN,Going Straight Ahead,Not Entered,Southeast,Gas,2011,NY,1,4,KIA
40736,2015,4 DOOR SEDAN,PASSENGER OR SUBURBAN,Going Straight Ahead,Not Entered,East,Gas,2008,NY,2,4,KIA
40737,2015,SUBURBAN,PASSENGER OR SUBURBAN,Going Straight Ahead,Not Entered,South,Gas,2011,NY,1,4,KIA
40738,2015,4 DOOR SEDAN,PASSENGER OR SUBURBAN,Going Straight Ahead,Not Entered,South,Gas,2013,NY,1,4,KIA
40739,2015,SUBURBAN,PASSENGER OR SUBURBAN,Stopped in Traffic,Not Entered,North,Gas,2014,NY,1,4,KIA
40740,2015,SUBURBAN,Not Entered,Going Straight Ahead,Not Entered,North,Not Entered,2011,WV,2,,KIA
40741,2015,4 DOOR SEDAN,PASSENGER OR SUBURBAN,Going Straight Ahead,Not Entered,South,Gas,2015,NY,1,4,KIA
40742,2015,4 DOOR SEDAN,PASSENGER OR SUBURBAN,Stopped in Traffic,Not Entered,Southwest,Gas,2013,NY,1,4,KIA
40743,2015,SUBURBAN,PASSENGER OR SUBURBAN,Making Left Turn,Not Entered,West,Gas,2011,NY,1,4,KIA
40744,2015,SUBURBAN,PASSENGER OR SUBURBAN,Going Straight Ahead,Not Entered,South,Gas,2014,NY,1,4,KIA
40745,2015,2 DOOR SEDAN,PASSENGER OR SUBURBAN,Going Straight Ahead,Not Entered,South,Gas,2012,NY,1,4,KIA
40746,2015,4 DOOR SEDAN,Not Entered,Going Straight Ahead,Not Entered,West,Not Entered,2014,NE,2,,KIA
40747,2015,SUBURBAN,ORGANIZATIONAL,Stopped in Traffic,Not Entered,North,Gas,2012,NY,1,6,KIA
40748,2015,SUBURBAN,PASSENGER OR SUBURBAN,Making Left Turn,Not Entered,Southeast,Gas,2014,NY,2,6,KIA
40749,2015,4 DOOR SEDAN,PASSENGER OR SUBURBAN,Going Straight Ahead,Not Entered,West,Gas,2014,NY,1,4,KIA
40750,2015,SUBURBAN,PASSENGER OR SUBURBAN,Going Straight Ahead,Not Entered,South,Gas,2012,NY,1,6,KIA
40751,2015,SUBURBAN,PASSENGER OR SUBURBAN,Going Straight Ahead,Not Entered,South,Gas,2012,NY,1,6,KIA
40752,2014,4 DOOR SEDAN,Not Entered,Going Straight Ahead,Not Entered,East,Not Entered,2013,PA,1,,KIA
40753,2014,4 DOOR SEDAN,PASSENGER OR SUBURBAN,Going Straight Ahead,Not Entered,West,Gas,2004,NY,1,4,KIA
40754,2014,SUBURBAN,PASSENGER OR SUBURBAN,Going Straight Ahead,Not Entered,North,Gas,2011,NY,1,4,KIA
40755,2015,4 DOOR SEDAN,PASSENGER OR SUBURBAN,Going Straight Ahead,Not Entered,North,Gas,2009,NY,2,4,KIA
40756,2015,SUBURBAN,PASSENGER OR SUBURBAN,Going Straight Ahead,Not Entered,South,Gas,2004,NY,2,6,KIA
40757,2015,SUBURBAN,PASSENGER OR SUBURBAN,Going Straight Ahead,Not Entered,North,Gas,2010,NY,1,4,KIA
40758,2015,SUBURBAN,PASSENGER OR SUBURBAN,Slowing or Stopping,Not Entered,West,Gas,2014,NY,1,6,KIA
40759,2015,SUBURBAN,PASSENGER OR SUBURBAN,Going Straight Ahead,Not Entered,South,Gas,2004,NY,3,6,KIA
40760,2014,4 DOOR SEDAN,PASSENGER OR SUBURBAN,Going Straight Ahead,Not Entered,South,Gas,2012,NY,1,4,KIA
40761,2014,SUBURBAN,Not Entered,Going Straight Ahead,Not Entered,East,Not Entered,2013,FL,1,,KIA
40762,2014,SUBURBAN,PASSENGER OR SUBURBAN,Going Straight Ahead,Not Entered,West,Gas,2009,NY,1,6,KIA
40763,2014,4 DOOR SEDAN,SPECIAL PASSENGER,Making Left Turn,Not Entered,West,Gas,2007,NY,1,4,KIA
40764,2014,4 DOOR SEDAN,PASSENGER OR SUBURBAN,Going Straight Ahead,Not Entered,South,Gas,2013,NY,1,4,KIA
40765,2014,SUBURBAN,PASSENGER OR SUBURBAN,Going Straight Ahead,Not Entered,South,Gas,2010,NY,1,4,KIA
40766,2014,4 DOOR SEDAN,PASSENGER OR SUBURBAN,Making Left Turn,Not Entered,East,Gas,2010,NY,1,4,KIA
40767,2015,4 DOOR SEDAN,PASSENGER OR SUBURBAN,Going Straight Ahead,Not Entered,West,Gas,2008,NY,1,4,KIA
40768,2014,2 DOOR SEDAN,PASSENGER OR SUBURBAN,Slowing or Stopping,Not Entered,South,Gas,2013,NY,1,4,KIA
40769,2015,4 DOOR SEDAN,PASSENGER OR SUBURBAN,Stopped in Traffic,Not Entered,South,Gas,2011,NY,1,4,KIA
40770,2015,4 DOOR SEDAN,PASSENGER OR SUBURBAN,Going Straight Ahead,Not Entered,Southwest,Gas,2004,NY,1,6,KIA
40771,2015,4 DOOR SEDAN,PASSENGER OR SUBURBAN,Merging,Not Entered,East,Gas,2012,NY,1,4,KIA
40772,2014,4 DOOR SEDAN,PASSENGER OR SUBURBAN,Making Right Turn,Not Entered,West,Gas,2007,NY,1,4,KIA
40773,2014,SUBURBAN,PASSENGER OR SUBURBAN,Going Straight Ahead,Not Entered,North,Gas,2014,NY,1,4,KIA
40774,2015,SUBURBAN,PASSENGER OR SUBURBAN,Making U Turn,Not Entered,West,Gas,2015,NY,3,4,KIA
40775,2015,SUBURBAN,PASSENGER OR SUBURBAN,Making Left Turn,Not Entered,Southwest,Gas,2012,NY,1,6,KIA
40776,2015,4 DOOR SEDAN,PASSENGER OR SUBURBAN,Making U Turn,Not Entered,Southwest,Gas,2014,NY,1,4,KIA
40777,2015,4 DOOR SEDAN,PASSENGER OR SUBURBAN,Making Left Turn,Not Entered,South,Gas,2015,NY,2,4,KIA
40778,2015,4 DOOR SEDAN,PASSENGER OR SUBURBAN,Making Right Turn,Not Entered,Southeast,Gas,2006,NY,1,4,KIA
40779,2014,SUBURBAN,PASSENGER OR SUBURBAN,Making Left Turn,Not Entered,West,Gas,2009,NY,1,4,KIA
40780,2014,4 DOOR SEDAN,PASSENGER OR SUBURBAN,Making Left Turn,Not Entered,Southwest,Gas,2010,NY,2,4,KIA
40781,2014,4 DOOR SEDAN,PASSENGER OR SUBURBAN,Making Left Turn,Not Entered,East,Gas,2014,NY,3,4,KIA
40782,2015,4 DOOR SEDAN,Not Entered,Changing Lanes,Not Entered,East,Not Entered,2015,NC,2,,KIA
40783,2015,SUBURBAN,PASSENGER OR SUBURBAN,Starting from Parking,Not Entered,South,Gas,2013,NY,1,4,KIA
40784,2015,4 DOOR SEDAN,PASSENGER OR SUBURBAN,Merging,Not Entered,Southeast,Gas,2009,NY,1,4,KIA
40785,2015,4 DOOR SEDAN,PASSENGER OR SUBURBAN,Going Straight Ahead,Not Entered,North,Gas,2012,NY,1,4,KIA
40786,2014,SUBURBAN,PASSENGER OR SUBURBAN,Going Straight Ahead,Not Entered,West,Gas,2005,NY,1,6,KIA
40787,2015,SUBURBAN,PASSENGER OR SUBURBAN,Going Straight Ahead,Not Entered,South,Gas,2012,NY,4,6,KIA
40788,2015,4 DOOR SEDAN,PASSENGER OR SUBURBAN,Overtaking/Passing,Not Entered,North,Gas,2007,NY,1,4,KIA
40789,2015,SUBURBAN,PASSENGER OR SUBURBAN,Going Straight Ahead,Not Entered,North,Gas,2004,NY,1,8,LA/RO
40790,2015,SUBURBAN,PASSENGER OR SUBURBAN,Making Left Turn,Not Entered,South,Gas,2014,NY,1,8,LA/RO
40791,2015,SUBURBAN,PASSENGER OR SUBURBAN,Making Left Turn,Not Entered,Northeast,Gas,2013,NY,4,4,LA/RO