Case Num,Year,Vehicle Body Type,Registration Class,Action Prior to Accident,Type / Axles of Truck or Bus,Direction of Travel,Fuel Type,Vehicle Year,State of Registration,Number of Occupants,Engine Cylinders,Vehicle Make
40792,2014,SUBURBAN,PASSENGER OR SUBURBAN,Going Straight Ahead,Not Entered,South,Gas,2011,NY,1,8,LA/RO
40793,2014,SUBURBAN,PASSENGER OR SUBURBAN,Going Straight Ahead,Not Entered,South,Gas,2012,NY,1,8,LA/RO
40794,2015,SUBURBAN,PASSENGER OR SUBURBAN,Making Right Turn,Not Entered,North,Gas,2008,NY,1,8,LA/RO
40795,2015,SUBURBAN,PASSENGER OR SUBURBAN,Starting in Traffic,Not Entered,East,Gas,2011,NY,1,8,LA/RO
40796,2015,SUBURBAN,PASSENGER OR SUBURBAN,Going Straight Ahead,Not Entered,West,Gas,2014,NY,1,4,LA/RO
40797,2015,SUBURBAN,PASSENGER OR SUBURBAN,Backing,Not Entered,East,Gas,2014,NY,1,8,LA/RO
40798,2015,SUBURBAN,PASSENGER OR SUBURBAN,Going Straight Ahead,Not Entered,West,Gas,1996,NY,3,8,LA/RO
40799,2015,SUBURBAN,PASSENGER OR SUBURBAN,Parked,Not Entered,East,Gas,2013,NY,1,8,LA/RO
40800,2015,SUBURBAN,PASSENGER OR SUBURBAN,Going Straight Ahead,Not Entered,East,Gas,2010,NY,1,8,LA/RO
40801,2015,SUBURBAN,PASSENGER OR SUBURBAN,Making U Turn,Not Entered,West,Gas,2014,NY,4,4,LA/RO
40802,2015,SUBURBAN,Not Entered,Stopped in Traffic,Not Entered,East,Not Entered,2008,CT,4,,LEXUS
40803,2015,UTILITY,Not Entered,Going Straight Ahead,Not Entered,South,Not Entered,2015,CT,1,,LEXUS
40804,2015,SUBURBAN,Not Entered,Going Straight Ahead,Not Entered,South,Not Entered,2015,ME,4,,LEXUS
40805,2015,4 DOOR SEDAN,PASSENGER OR SUBURBAN,Starting from Parking,Not Entered,East,Gas,2012,NY,2,6,LEXUS
40806,2015,SUBURBAN,PASSENGER OR SUBURBAN,Going Straight Ahead,Not Entered,West,Gas,2013,NY,4,8,LEXUS
40807,2015,SUBURBAN,PASSENGER OR SUBURBAN,Going Straight Ahead,Not Entered,West,Gas,2000,NY,3,6,LEXUS
40808,2015,SUBURBAN,PASSENGER OR SUBURBAN,Going Straight Ahead,Not Entered,East,Gas,2008,NY,1,6,LEXUS
40809,2015,4 DOOR SEDAN,ORGANIZATIONAL,Going Straight Ahead,Not Entered,North,Gas,2015,NY,1,6,LEXUS
40810,2015,4 DOOR SEDAN,PASSENGER OR SUBURBAN,Going Straight Ahead,Not Entered,South,Gas,2000,NY,1,6,LEXUS
40811,2015,SUBURBAN,PASSENGER OR SUBURBAN,Going Straight Ahead,Not Entered,South,Gas,2015,NY,1,6,LEXUS
40812,2014,4 DOOR SEDAN,PASSENGER OR SUBURBAN,Making Left Turn,Not Entered,North,Gas,2013,NY,1,6,LEXUS
40813,2014,4 DOOR SEDAN,PASSENGER OR SUBURBAN,Starting in Traffic,Not Entered,Southwest,Gas,2007,NY,1,6,LEXUS
40814,2015,SUBURBAN,PASSENGER OR SUBURBAN,Going Straight Ahead,Not Entered,North,Gas,2004,NY,1,6,LEXUS
40815,2015,4 DOOR SEDAN,PASSENGER OR SUBURBAN,Starting from Parking,Not Entered,Northeast,Gas,2014,NY,1,6,LEXUS
40816,2015,4 DOOR SEDAN,PASSENGER OR SUBURBAN,Making Left Turn,Not Entered,East,Gas,2013,NY,2,6,LEXUS
40817,2015,SUBURBAN,PASSENGER OR SUBURBAN,Making Left Turn,Not Entered,North,Gas,2009,NY,1,6,LEXUS
40818,2015,4 DOOR SEDAN,PASSENGER OR SUBURBAN,Making Left Turn,Not Entered,South,Gas,1999,NY,2,6,LEXUS
40819,2015,4 DOOR SEDAN,PASSENGER OR SUBURBAN,Making Left Turn,Not Entered,South,Gas,2012,NY,2,4,LEXUS
40820,2015,SUBURBAN,PASSENGER OR SUBURBAN,Stopped in Traffic,Not Entered,East,Gas,2013,NY,1,6,LEXUS
40821,2015,4 DOOR SEDAN,PASSENGER OR SUBURBAN,Going Straight Ahead,Not Entered,West,Gas,2007,NY,1,6,LEXUS
40822,2015,SUBURBAN,PASSENGER OR SUBURBAN,Slowing or Stopping,Not Entered,West,Gas,2011,NY,1,6,LEXUS
40823,2015,4 DOOR SEDAN,PASSENGER OR SUBURBAN,Slowing or Stopping,Not Entered,East,Gas,1999,NY,1,8,LEXUS
40824,2015,4 DOOR SEDAN,PASSENGER OR SUBURBAN,Going Straight Ahead,Not Entered,South,Gas,1997,NY,1,6,LEXUS
40825,2015,SUBURBAN,PASSENGER OR SUBURBAN,Going Straight Ahead,Not Entered,West,Gas,2009,NY,2,6,LEXUS
40826,2015,SUBURBAN,ORGANIZATIONAL,Going Straight Ahead,Not Entered,Unknown,Gas,2014,NY,1,6,LEXUS
40827,2014,4 DOOR SEDAN,PASSENGER OR SUBURBAN,Going Straight Ahead,Not Entered,North,Gas,2007,NY,1,6,LEXUS
40828,2015,4 DOOR SEDAN,PASSENGER OR SUBURBAN,Making Left Turn,Not Entered,Northwest,Gas,2006,NY,2,6,LEXUS
40829,2015,SUBURBAN,PASSENGER OR SUBURBAN,Making Left Turn,Not Entered,West,Gas,2010,NY,1,6,LEXUS
40830,2015,4 DOOR SEDAN,PASSENGER OR SUBURBAN,Starting from Parking,Not Entered,South,Gas,2010,NY,1,6,LEXUS
40831,2015,4 DOOR SEDAN,PASSENGER OR SUBURBAN,Slowing or Stopping,Not Entered,South,Gas,2014,NY,1,4,LEXUS
40832,2015,SUBURBAN,PASSENGER OR SUBURBAN,Slowing or Stopping,Not Entered,West,Gas,2013,NY,1,6,LEXUS
40833,2015,SUBURBAN,SPECIAL PASSENGER,Going Straight Ahead,Not Entered,North,Gas,2014,NY,1,8,LEXUS
40834,2015,4 DOOR SEDAN,OMNIBUS - TAXI,Going Straight Ahead,Not Entered,North,Gas,2011,NY,1,8,LEXUS
40835,2015,SUBURBAN,PASSENGER OR SUBURBAN,Going Straight Ahead,Not Entered,North,Gas,2015,NY,2,6,LEXUS
40836,2015,SUBURBAN,PASSENGER OR SUBURBAN,Going Straight Ahead,Not Entered,Southwest,Gas,2008,NY,1,6,LEXUS
40837,2015,4 DOOR SEDAN,PASSENGER OR SUBURBAN,Going Straight Ahead,Not Entered,West,Gas,2008,NY,1,6,LEXUS
40838,2015,4 DOOR SEDAN,PASSENGER OR SUBURBAN,Going Straight Ahead,Not Entered,South,Gas,1998,NY,2,8,LEXUS
40839,2014,4 DOOR SEDAN,PASSENGER OR SUBURBAN,Making Left Turn,Not Entered,South,Gas,2014,NY,1,6,LEXUS
40840,2015,SUBURBAN,PASSENGER OR SUBURBAN,Making Left Turn,Not Entered,Northwest,Gas,2012,NY,1,6,LEXUS
40841,2015,SUBURBAN,PASSENGER OR SUBURBAN,Making Left Turn,Not Entered,West,Gas,2003,NY,1,8,LEXUS
40842,2015,4 DOOR SEDAN,PASSENGER OR SUBURBAN,Going Straight Ahead,Not Entered,Southwest,Gas,2001,NY,1,8,LINCO
40843,2015,SUBURBAN,PASSENGER OR SUBURBAN,Going Straight Ahead,Not Entered,East,Gas,2008,NY,4,6,LINCO
40844,2014,4 DOOR SEDAN,PASSENGER OR SUBURBAN,Going Straight Ahead,Not Entered,South,Gas,1997,NY,1,8,LINCO
40845,2015,4 DOOR SEDAN,PASSENGER OR SUBURBAN,Parked,Not Entered,East,Gas,2005,NY,,8,LINCO
40846,2015,4 DOOR SEDAN,OMNIBUS - TAXI,Going Straight Ahead,Not Entered,North,Gas,2007,NY,1,8,LINCO
40847,2015,SUBURBAN,PASSENGER OR SUBURBAN,Slowing or Stopping,Not Entered,South,Gas,2008,NY,1,8,LINCO
40848,2014,4 DOOR SEDAN,PASSENGER OR SUBURBAN,Going Straight Ahead,Not Entered,South,Gas,2000,NY,3,8,LINCO
40849,2015,SUBURBAN,PASSENGER OR SUBURBAN,Going Straight Ahead,Not Entered,North,Gas,2005,NY,1,8,LINCO
40850,2015,4 DOOR SEDAN,OMNIBUS - TAXI,Making Right Turn,Not Entered,South,Gas,2005,NY,,8,LINCO
40851,2015,4 DOOR SEDAN,PASSENGER OR SUBURBAN,Going Straight Ahead,Not Entered,South,Gas,2010,NY,1,6,LINCO
40852,2015,SUBURBAN,PASSENGER OR SUBURBAN,Making Left Turn,Not Entered,North,Gas,2005,NY,1,8,LINCO
40853,2015,SUBURBAN,PASSENGER OR SUBURBAN,Slowing or Stopping,Not Entered,East,Gas,2016,NY,1,4,LINCO
40854,2015,4 DOOR SEDAN,OMNIBUS - TAXI,Going Straight Ahead,Not Entered,West,Gas,2006,NY,1,8,LINCO
40855,2014,4 DOOR SEDAN,OMNIBUS - TAXI,Going Straight Ahead,Not Entered,East,Gas,2005,NY,,8,LINCO
40856,2014,SUBURBAN,PASSENGER OR SUBURBAN,Going Straight Ahead,Not Entered,South,Gas,2000,NY,1,8,LINCO
40857,2014,4 DOOR SEDAN,OMNIBUS - LIVERY,Going Straight Ahead,Not Entered,East,Gas,2003,NY,1,8,LINCO
40858,2014,4 DOOR SEDAN,OMNIBUS - TAXI,Going Straight Ahead,Not Entered,South,Gas,2006,NY,2,8,LINCO
40859,2015,SUBURBAN,PASSENGER OR SUBURBAN,Going Straight Ahead,Not Entered,South,Gas,2004,NY,3,8,LINCO
40860,2015,SUBURBAN,PASSENGER OR SUBURBAN,Backing,Not Entered,South,Gas,2006,NY,,8,LINCO
40861,2015,4 DOOR SEDAN,OMNIBUS - TAXI,Making Left Turn,Not Entered,South,Gas,2005,NY,1,8,LINCO
40862,2015,4 DOOR SEDAN,PASSENGER OR SUBURBAN,Going Straight Ahead,Not Entered,South,Gas,2010,NY,1,6,LINCO
40863,2015,4 DOOR SEDAN,OMNIBUS - TAXI,Parked,Not Entered,West,Gas,2007,NY,1,8,LINCO
40864,2014,4 DOOR SEDAN,OMNIBUS - TAXI,Making Left Turn,Not Entered,North,Gas,2003,NY,1,8,LINCO
40865,2014,4 DOOR SEDAN,PASSENGER OR SUBURBAN,Going Straight Ahead,Not Entered,West,Gas,2005,NY,1,6,LINCO
40866,2015,SUBURBAN,PASSENGER OR SUBURBAN,Going Straight Ahead,Not Entered,North,Gas,1998,NY,1,8,LINCO
40867,2015,SUBURBAN,OMNIBUS - TAXI,Going Straight Ahead,Not Entered,North,Gas,2014,NY,1,6,LINCO
40868,2014,4 DOOR SEDAN,OMNIBUS - TAXI,Going Straight Ahead,Not Entered,North,Gas,2004,NY,1,8,LINCO
40869,2015,4 DOOR SEDAN,PASSENGER OR SUBURBAN,Slowing or Stopping,Not Entered,North,Gas,1998,NY,1,8,LINCO
40870,2015,4 DOOR SEDAN,OMNIBUS - TAXI,Going Straight Ahead,Not Entered,South,Gas,2007,NY,1,8,LINCO
40871,2015,4 DOOR SEDAN,PASSENGER OR SUBURBAN,Going Straight Ahead,Not Entered,East,Gas,2011,NY,2,6,LINCO
40872,2015,SUBURBAN,PASSENGER OR SUBURBAN,Going Straight Ahead,Not Entered,South,Gas,2015,NY,1,4,LINCO
40873,2015,4 DOOR SEDAN,PASSENGER OR SUBURBAN,Going Straight Ahead,Not Entered,North,Gas,2004,NY,1,6,LINCO
40874,2015,SUBURBAN,PASSENGER OR SUBURBAN,Going Straight Ahead,Not Entered,West,Gas,2004,NY,1,8,LINCO
40875,2014,DUMP,POLITICAL SUBDIVISION,Backing,Not Entered,South,Diesel,2012,NY,2,6,MACK
40876,2015,DUMP,AGRICULTURAL TRUCK,Going Straight Ahead,Not Entered,West,Diesel,1993,NY,1,6,MACK
40877,2015,UTILITY,AGRICULTURAL TRUCK,Backing,Not Entered,South,Diesel,2006,NY,2,6,MACK
40878,2015,DUMP,AGRICULTURAL TRUCK,Starting in Traffic,Not Entered,Southwest,Diesel,2004,NY,2,6,MACK
40879,2014,DUMP,POLITICAL SUBDIVISION,Slowing or Stopping,Not Entered,West,Diesel,2010,NY,2,6,MACK
40880,2015,TRACTOR,STATE,Changing Lanes,Not Entered,North,Diesel,2006,NY,1,6,MACK
40881,2015,TRACTOR,TRACTOR - REGULAR,Slowing or Stopping,Not Entered,South,Diesel,2000,NY,1,6,MACK
40882,2015,TRACTOR,Not Entered,Making Left Turn,Not Entered,West,Not Entered,2013,IA,1,,MACK
40883,2015,DUMP,COMMERCIAL,Backing,Not Entered,East,Diesel,2015,NY,1,6,MACK
40884,2015,DUMP,COMMERCIAL,Going Straight Ahead,Not Entered,East,Diesel,2011,NY,1,6,MACK
40885,2015,UTILITY,AGRICULTURAL TRUCK,Going Straight Ahead,Not Entered,South,Diesel,1988,NY,1,6,MACK
40886,2015,DUMP,AGRICULTURAL TRUCK,Going Straight Ahead,Not Entered,Northeast,Diesel,2000,NY,1,6,MACK
40887,2015,DUMP,COMMERCIAL,Making Right Turn,Not Entered,Northeast,Diesel,2006,NY,1,6,MACK
40888,2015,DUMP,INTERNATIONAL REGISTRATION,Making Left Turn,Not Entered,East,Diesel,1991,NY,1,6,MACK
40889,2015,2 DOOR SEDAN,PASSENGER OR SUBURBAN,Going Straight Ahead,Not Entered,North,Gas,2014,NY,1,8,MASER
40890,2015,4 DOOR SEDAN,PASSENGER OR SUBURBAN,Making Left Turn,Not Entered,West,Gas,2014,NY,2,6,MASER
40891,2015,4 DOOR SEDAN,PASSENGER OR SUBURBAN,Going Straight Ahead,Not Entered,South,Gas,2014,NY,2,6,MASER
40892,2015,SUBURBAN,PASSENGER OR SUBURBAN,Going Straight Ahead,Not Entered,North,Gas,2008,NY,1,4,MAZDA
40893,2015,4 DOOR SEDAN,PASSENGER OR SUBURBAN,Going Straight Ahead,Not Entered,West,Gas,2015,NY,1,4,MAZDA
40894,2015,4 DOOR SEDAN,PASSENGER OR SUBURBAN,Backing,Not Entered,West,Gas,2006,NY,1,4,MAZDA
40895,2015,SUBURBAN,PASSENGER OR SUBURBAN,Going Straight Ahead,Not Entered,North,Gas,2008,NY,1,4,MAZDA
40896,2015,4 DOOR SEDAN,PASSENGER OR SUBURBAN,Going Straight Ahead,Not Entered,West,Gas,2004,NY,1,4,MAZDA
40897,2015,4 DOOR SEDAN,PASSENGER OR SUBURBAN,Going Straight Ahead,Not Entered,East,Gas,2015,NY,1,4,MAZDA
40898,2015,4 DOOR SEDAN,PASSENGER OR SUBURBAN,Making Right Turn,Not Entered,East,Gas,1999,NY,1,4,MAZDA
40899,2014,4 DOOR SEDAN,PASSENGER OR SUBURBAN,Going Straight Ahead,Not Entered,East,Gas,2000,NY,1,4,MAZDA
40900,2015,SUBURBAN,PASSENGER OR SUBURBAN,Going Straight Ahead,Not Entered,West,Gas,2008,NY,1,4,MAZDA
40901,2014,4 DOOR SEDAN,PASSENGER OR SUBURBAN,Going Straight Ahead,Not Entered,South,Gas,2012,NY,1,4,MAZDA
40902,2015,4 DOOR SEDAN,PASSENGER OR SUBURBAN,Going Straight Ahead,Not Entered,East,Gas,2006,NY,1,6,MAZDA
40903,2015,SUBURBAN,PASSENGER OR SUBURBAN,Making Left Turn,Not Entered,West,Gas,2010,NY,1,4,MAZDA
40904,2015,SUBURBAN,PASSENGER OR SUBURBAN,Going Straight Ahead,Not Entered,South,Gas,2010,NY,1,6,MAZDA
40905,2015,4 DOOR SEDAN,PASSENGER OR SUBURBAN,Making Left Turn,Not Entered,East,Gas,2015,NY,1,4,MAZDA
40906,2014,4 DOOR SEDAN,PASSENGER OR SUBURBAN,Making Left Turn,Not Entered,South,Gas,2009,NY,1,4,MAZDA
40907,2014,SUBURBAN,PASSENGER OR SUBURBAN,Making Left Turn,Not Entered,North,Gas,2011,NY,3,6,MAZDA
40908,2015,CONVERTIBLE,PASSENGER OR SUBURBAN,Going Straight Ahead,Not Entered,East,Gas,2006,NY,1,4,MAZDA
40909,2015,4 DOOR SEDAN,PASSENGER OR SUBURBAN,Going Straight Ahead,Not Entered,South,Gas,2010,NY,2,4,MAZDA
40910,2015,SUBURBAN,PASSENGER OR SUBURBAN,Going Straight Ahead,Not Entered,South,Gas,2007,NY,1,4,MAZDA
40911,2015,SUBURBAN,PASSENGER OR SUBURBAN,Going Straight Ahead,Not Entered,North,Gas,2014,NY,1,4,MAZDA
40912,2015,SUBURBAN,PASSENGER OR SUBURBAN,Going Straight Ahead,Not Entered,North,Gas,2016,NY,1,4,MAZDA
40913,2015,SUBURBAN,PASSENGER OR SUBURBAN,Slowing or Stopping,Not Entered,West,Gas,2015,NY,1,4,MAZDA
40914,2015,4 DOOR SEDAN,PASSENGER OR SUBURBAN,Going Straight Ahead,Not Entered,West,Gas,2004,NY,1,4,MAZDA
40915,2015,4 DOOR SEDAN,PASSENGER OR SUBURBAN,Going Straight Ahead,Not Entered,South,Gas,2016,NY,1,4,MAZDA
40916,2014,SUBURBAN,PASSENGER OR SUBURBAN,Starting in Traffic,Not Entered,South,Gas,2010,NY,1,6,MAZDA
40917,2015,4 DOOR SEDAN,PASSENGER OR SUBURBAN,Going Straight Ahead,Not Entered,North,Gas,2001,NY,1,6,MAZDA
40918,2015,VAN TRUCK,AGRICULTURAL TRUCK,Going Straight Ahead,Not Entered,South,Gas,2002,NY,1,6,MAZDA
40919,2015,4 DOOR SEDAN,PASSENGER OR SUBURBAN,Going Straight Ahead,Not Entered,South,Gas,2007,NY,1,4,MAZDA
40920,2015,4 DOOR SEDAN,PASSENGER OR SUBURBAN,Starting in Traffic,Not Entered,South,Gas,1999,NY,1,4,MAZDA
40921,2015,4 DOOR SEDAN,PASSENGER OR SUBURBAN,Going Straight Ahead,Not Entered,North,Gas,2012,NY,1,4,MAZDA
40922,2015,4 DOOR SEDAN,PASSENGER OR SUBURBAN,Going Straight Ahead,Not Entered,North,Gas,2006,NY,1,4,MAZDA
40923,2015,4 DOOR SEDAN,PASSENGER OR SUBURBAN,Stopped in Traffic,Not Entered,South,Gas,2008,NY,1,4,MAZDA
40924,2015,4 DOOR SEDAN,PASSENGER OR SUBURBAN,Stopped in Traffic,Not Entered,Northwest,Gas,2014,NY,3,4,MAZDA
40925,2015,4 DOOR SEDAN,PASSENGER OR SUBURBAN,Going Straight Ahead,Not Entered,West,Gas,2009,NY,2,4,MAZDA
40926,2015,CONVERTIBLE,PASSENGER OR SUBURBAN,Unknown,Not Entered,Northwest,Gas,1990,NY,,4,MAZDA
40927,2015,4 DOOR SEDAN,PASSENGER OR SUBURBAN,Making Left Turn,Not Entered,Southeast,Gas,2010,NY,3,4,MAZDA
40928,2015,PICKUP TRUCK,PASSENGER OR SUBURBAN,Overtaking/Passing,Not Entered,West,Gas,2001,NY,1,6,MAZDA
40929,2014,SUBURBAN,PASSENGER OR SUBURBAN,Making Right Turn,Not Entered,Southwest,Gas,2012,NY,1,4,MAZDA
40930,2015,SUBURBAN,PASSENGER OR SUBURBAN,Backing,Not Entered,West,Gas,2005,NY,2,6,MAZDA
40931,2015,4 DOOR SEDAN,PASSENGER OR SUBURBAN,Going Straight Ahead,Not Entered,Southeast,Gas,2009,NY,5,4,MAZDA
40932,2015,4 DOOR SEDAN,PASSENGER OR SUBURBAN,Going Straight Ahead,Not Entered,North,Gas,2004,NY,2,4,MAZDA
40933,2015,CONVERTIBLE,PASSENGER OR SUBURBAN,Going Straight Ahead,Not Entered,South,Gas,1990,NY,1,4,MAZDA
40934,2015,4 DOOR SEDAN,PASSENGER OR SUBURBAN,Slowing or Stopping,Not Entered,West,Gas,2003,NY,1,4,MAZDA
40935,2015,4 DOOR SEDAN,PASSENGER OR SUBURBAN,Going Straight Ahead,Not Entered,West,Gas,1994,NY,1,4,MAZDA
40936,2014,4 DOOR SEDAN,PASSENGER OR SUBURBAN,Going Straight Ahead,Not Entered,East,Gas,2002,NY,1,4,MAZDA
40937,2014,4 DOOR SEDAN,PASSENGER OR SUBURBAN,Going Straight Ahead,Not Entered,South,Gas,2007,NY,1,4,MAZDA
40938,2014,4 DOOR SEDAN,PASSENGER OR SUBURBAN,Going Straight Ahead,Not Entered,West,Gas,2005,NY,1,4,MAZDA
40939,2015,SUBURBAN,PASSENGER OR SUBURBAN,Going Straight Ahead,Not Entered,East,Gas,2016,NY,2,4,MAZDA
40940,2014,SUBURBAN,PASSENGER OR SUBURBAN,Going Straight Ahead,Not Entered,South,Gas,2004,NY,2,6,MAZDA
40941,2015,SUBURBAN,PASSENGER OR SUBURBAN,Unknown,Not Entered,North,Gas,2005,NY,2,6,MAZDA
40942,2015,SUBURBAN,PASSENGER OR SUBURBAN,Going Straight Ahead,Not Entered,East,Gas,2015,NY,2,6,MAZDA
40943,2015,4 DOOR SEDAN,PASSENGER OR SUBURBAN,Going Straight Ahead,Not Entered,South,Gas,2014,NY,1,4,MAZDA
40944,2015,SUBURBAN,PASSENGER OR SUBURBAN,Making Right Turn,Not Entered,North,Gas,2005,NY,1,6,MAZDA
40945,2015,SUBURBAN,PASSENGER OR SUBURBAN,Going Straight Ahead,Not Entered,North,Gas,2003,NY,1,6,MAZDA
40946,2015,4 DOOR SEDAN,PASSENGER OR SUBURBAN,Making Left Turn,Not Entered,South,Gas,2008,NY,,4,MAZDA
40947,2015,4 DOOR SEDAN,PASSENGER OR SUBURBAN,Backing,Not Entered,North,Gas,2012,NY,1,4,MAZDA
40948,2014,4 DOOR SEDAN,PASSENGER OR SUBURBAN,Making Left Turn,Not Entered,North,Gas,2009,NY,1,4,MAZDA
40949,2015,4 DOOR SEDAN,Not Entered,Going Straight Ahead,Not Entered,South,Not Entered,2000,FL,1,,MERCU
40950,2015,4 DOOR SEDAN,PASSENGER OR SUBURBAN,Going Straight Ahead,Not Entered,North,Gas,2002,NY,1,8,MERCU
40951,2015,4 DOOR SEDAN,PASSENGER OR SUBURBAN,Backing,Not Entered,South,Gas,2006,NY,1,8,MERCU
40952,2015,SUBURBAN,PASSENGER OR SUBURBAN,Going Straight Ahead,Not Entered,West,Gas,2003,NY,1,6,MERCU
40953,2015,4 DOOR SEDAN,OMNIBUS - TAXI,Unknown,Not Entered,North,Gas,2003,NY,1,8,MERCU
40954,2015,4 DOOR SEDAN,OMNIBUS - TAXI,Going Straight Ahead,Not Entered,South,Gas,2004,NY,4,8,MERCU
40955,2014,4 DOOR SEDAN,PASSENGER OR SUBURBAN,Making Left Turn,Not Entered,Northwest,Gas,1997,NY,2,6,MERCU
40956,2014,SUBURBAN,PASSENGER OR SUBURBAN,Going Straight Ahead,Not Entered,South,Gas,1999,NY,3,6,MERCU
40957,2014,4 DOOR SEDAN,PASSENGER OR SUBURBAN,Merging,Not Entered,North,Gas,1996,NY,1,8,MERCU
40958,2015,SUBURBAN,PASSENGER OR SUBURBAN,Going Straight Ahead,Not Entered,South,Gas,2006,NY,1,6,MERCU
40959,2014,SUBURBAN,PASSENGER OR SUBURBAN,Making Left Turn,Not Entered,Southwest,Gas,2005,NY,1,4,MERCU
40960,2015,4 DOOR SEDAN,OMNIBUS - LIVERY,Going Straight Ahead,Not Entered,North,Gas,2004,NY,1,8,MERCU
40961,2014,4 DOOR SEDAN,PASSENGER OR SUBURBAN,Slowing or Stopping,Not Entered,North,Gas,2010,NY,1,6,MERCU
40962,2015,SUBURBAN,PASSENGER OR SUBURBAN,Going Straight Ahead,Not Entered,East,Gas,2005,NY,1,8,MERCU
40963,2014,4 DOOR SEDAN,PASSENGER OR SUBURBAN,Going Straight Ahead,Not Entered,West,Gas,2002,NY,1,8,MERCU
40964,2015,4 DOOR SEDAN,PASSENGER OR SUBURBAN,Going Straight Ahead,Not Entered,East,Gas,1997,NY,1,6,MERCU
40965,2015,4 DOOR SEDAN,PASSENGER OR SUBURBAN,Going Straight Ahead,Not Entered,East,Gas,2003,NY,1,6,MERCU
40966,2015,4 DOOR SEDAN,PASSENGER OR SUBURBAN,Stopped in Traffic,Not Entered,East,Gas,2010,NY,2,8,MERCU
40967,2015,4 DOOR SEDAN,PASSENGER OR SUBURBAN,Going Straight Ahead,Not Entered,South,Gas,2008,NY,1,6,MERCU
40968,2015,4 DOOR SEDAN,PASSENGER OR SUBURBAN,Going Straight Ahead,Not Entered,West,Gas,2007,NY,1,6,MERCU
40969,2015,4 DOOR SEDAN,PASSENGER OR SUBURBAN,Going Straight Ahead,Not Entered,West,Gas,2007,NY,1,4,MERCU
40970,2015,4 DOOR SEDAN,PASSENGER OR SUBURBAN,Slowing or Stopping,Not Entered,South,Gas,2003,NY,1,8,MERCU
40971,2014,4 DOOR SEDAN,OMNIBUS - TAXI,Going Straight Ahead,Not Entered,West,Gas,2005,NY,2,8,MERCU
40972,2014,4 DOOR SEDAN,PASSENGER OR SUBURBAN,Slowing or Stopping,Not Entered,South,Gas,1995,NY,2,8,MERCU
40973,2015,4 DOOR SEDAN,PASSENGER OR SUBURBAN,Making Right Turn,Not Entered,West,Gas,2010,NY,1,4,MERCU
40974,2015,4 DOOR SEDAN,PASSENGER OR SUBURBAN,Making Left Turn,Not Entered,East,Gas,2005,NY,1,6,MERCU
40975,2015,SUBURBAN,PASSENGER OR SUBURBAN,Merging,Not Entered,West,Gas,1999,NY,5,8,MERCU
40976,2014,4 DOOR SEDAN,PASSENGER OR SUBURBAN,Overtaking/Passing,Not Entered,East,Gas,2010,NY,1,4,MERCU
40977,2015,4 DOOR SEDAN,PASSENGER OR SUBURBAN,Going Straight Ahead,Not Entered,West,Gas,1999,NY,1,6,MERCU
40978,2015,REFRIGERATOR TRUCK,Not Entered,Making Left Turn,Not Entered,East,Not Entered,2001,NY,1,,MITSU
40979,2015,4 DOOR SEDAN,Not Entered,Going Straight Ahead,Not Entered,North,Not Entered,2013,FL,5,,MITSU
40980,2015,DELIVERY TRUCK,Not Entered,Changing Lanes,Not Entered,West,Not Entered,2001,NY,2,,MITSU
40981,2015,VAN TRUCK,Not Entered,Going Straight Ahead,Not Entered,South,Not Entered,2005,NJ,2,,MITSU
40982,2014,4 DOOR SEDAN,Not Entered,Going Straight Ahead,Not Entered,East,Not Entered,2010,NJ,3,,MITSU
40983,2015,4 DOOR SEDAN,PASSENGER OR SUBURBAN,Going Straight Ahead,Not Entered,Northeast,Gas,2010,NY,1,4,MITSU
40984,2015,SUBURBAN,PASSENGER OR SUBURBAN,Going Straight Ahead,Not Entered,South,Gas,2011,NY,1,4,MITSU
40985,2015,4 DOOR SEDAN,PASSENGER OR SUBURBAN,Going Straight Ahead,Not Entered,North,Gas,2002,NY,2,4,MITSU
40986,2015,SUBURBAN,PASSENGER OR SUBURBAN,Going Straight Ahead,Not Entered,West,Gas,2001,NY,3,6,MITSU
40987,2014,VAN TRUCK,AGRICULTURAL TRUCK,Going Straight Ahead,Not Entered,South,Diesel,2007,NY,1,4,MITSU
40988,2014,SUBURBAN,PASSENGER OR SUBURBAN,Making Left Turn,Not Entered,West,Gas,2004,NY,2,6,MITSU