Case Num,Year,Vehicle Body Type,Registration Class,Action Prior to Accident,Type / Axles of Truck or Bus,Direction of Travel,Fuel Type,Vehicle Year,State of Registration,Number of Occupants,Engine Cylinders,Vehicle Make
40989,2015,4 DOOR SEDAN,PASSENGER OR SUBURBAN,Making Left Turn,Not Entered,North,Gas,1999,NY,1,4,MITSU
40990,2015,4 DOOR SEDAN,PASSENGER OR SUBURBAN,Going Straight Ahead,Not Entered,Northwest,Gas,2008,NY,1,4,MITSU
40991,2015,4 DOOR SEDAN,PASSENGER OR SUBURBAN,Going Straight Ahead,Not Entered,South,Gas,2001,NY,1,4,MITSU
40992,2015,2 DOOR SEDAN,PASSENGER OR SUBURBAN,Going Straight Ahead,Not Entered,East,Gas,2003,NY,1,4,MITSU
40993,2015,4 DOOR SEDAN,PASSENGER OR SUBURBAN,Going Straight Ahead,Not Entered,West,Gas,2000,NY,2,4,MITSU
40994,2015,4 DOOR SEDAN,PASSENGER OR SUBURBAN,Going Straight Ahead,Not Entered,West,Gas,2002,NY,2,6,MITSU
40995,2015,4 DOOR SEDAN,PASSENGER OR SUBURBAN,Going Straight Ahead,Not Entered,West,Gas,2008,NY,1,4,MITSU
40996,2015,4 DOOR SEDAN,PASSENGER OR SUBURBAN,Slowing or Stopping,Not Entered,East,Gas,2010,NY,2,4,MITSU
40997,2015,VAN TRUCK,COMMERCIAL,Going Straight Ahead,Not Entered,West,Diesel,2004,NY,1,4,MITSU
40998,2015,SUBURBAN,PASSENGER OR SUBURBAN,Going Straight Ahead,Not Entered,Southwest,Gas,2009,NY,1,6,MITSU
40999,2015,SUBURBAN,PASSENGER OR SUBURBAN,Going Straight Ahead,Not Entered,East,Gas,2004,NY,1,6,MITSU
41000,2015,4 DOOR SEDAN,PASSENGER OR SUBURBAN,Parked,Not Entered,West,Gas,2007,NY,1,4,MITSU
41001,2015,SUBURBAN,PASSENGER OR SUBURBAN,Making Left Turn,Not Entered,East,Gas,2014,NY,1,4,MITSU
41002,2015,4 DOOR SEDAN,PASSENGER OR SUBURBAN,Slowing or Stopping,Not Entered,East,Gas,2014,NY,1,4,MITSU
41003,2015,SUBURBAN,OMNIBUS - TAXI,Unknown,Not Entered,East,Gas,2015,NY,1,4,MITSU
41004,2015,SUBURBAN,PASSENGER OR SUBURBAN,Going Straight Ahead,Not Entered,West,Gas,2008,NY,2,6,MITSU
41005,2015,4 DOOR SEDAN,PASSENGER OR SUBURBAN,Going Straight Ahead,Not Entered,East,Gas,1999,NY,1,6,MITSU
41006,2015,CONVERTIBLE,PASSENGER OR SUBURBAN,Going Straight Ahead,Not Entered,West,Gas,2003,NY,1,4,MITSU
41007,2014,2 DOOR SEDAN,PASSENGER OR SUBURBAN,Going Straight Ahead,Not Entered,North,Gas,2000,NY,1,4,MITSU
41008,2014,SUBURBAN,PASSENGER OR SUBURBAN,Going Straight Ahead,Not Entered,North,Gas,1995,NY,1,6,MITSU
41009,2015,CONVERTIBLE,PASSENGER OR SUBURBAN,Slowing or Stopping,Not Entered,East,Gas,2009,NY,2,4,MITSU
41010,2015,4 DOOR SEDAN,PASSENGER OR SUBURBAN,Going Straight Ahead,Not Entered,East,Gas,2002,NY,1,4,MITSU
41011,2014,4 DOOR SEDAN,PASSENGER OR SUBURBAN,Starting in Traffic,Not Entered,South,Gas,2002,NY,1,6,MITSU
41012,2014,4 DOOR SEDAN,PASSENGER OR SUBURBAN,Going Straight Ahead,Not Entered,East,Gas,2013,NY,2,4,MITSU
41013,2015,4 DOOR SEDAN,PASSENGER OR SUBURBAN,Changing Lanes,Not Entered,East,Gas,2014,NY,1,3,MITSU
41014,2015,4 DOOR SEDAN,PASSENGER OR SUBURBAN,Changing Lanes,Not Entered,South,Gas,2015,NY,1,4,MITSU
41015,2015,4 DOOR SEDAN,PASSENGER OR SUBURBAN,Going Straight Ahead,Not Entered,Northeast,Gas,2006,NY,1,4,MITSU
41016,2015,CONVERTIBLE,PASSENGER OR SUBURBAN,Going Straight Ahead,Not Entered,South,Gas,2003,NY,1,6,MITSU
41017,2015,4 DOOR SEDAN,PASSENGER OR SUBURBAN,Going Straight Ahead,Not Entered,East,Gas,2000,NY,1,6,MITSU
41018,2014,2 DOOR SEDAN,PASSENGER OR SUBURBAN,Making Left Turn,Not Entered,North,Gas,2007,NY,1,6,MITSU
41019,2014,4 DOOR SEDAN,PASSENGER OR SUBURBAN,Going Straight Ahead,Not Entered,North,Gas,2008,NY,1,4,MITSU
41020,2014,SUBURBAN,Not Entered,Going Straight Ahead,Not Entered,East,Not Entered,1999,NJ,1,,NISSA
41021,2015,SUBURBAN,Not Entered,Going Straight Ahead,Not Entered,East,Not Entered,2015,IL,2,,NISSA
41022,2015,4 DOOR SEDAN,Not Entered,Going Straight Ahead,Not Entered,South,Not Entered,2008,PA,1,,NISSA
41023,2015,4 DOOR SEDAN,Not Entered,Going Straight Ahead,Not Entered,East,Not Entered,2009,NJ,2,,NISSA
41024,2015,SUBURBAN,Not Entered,Going Straight Ahead,Not Entered,South,Not Entered,2008,NY,1,,NISSA
41025,2015,4 DOOR SEDAN,Not Entered,Backing,Not Entered,West,Not Entered,2015,NJ,1,,NISSA
41026,2014,SUBURBAN,Not Entered,Backing,Not Entered,East,Not Entered,2000,SC,5,,NISSA
41027,2015,4 DOOR SEDAN,Not Entered,Making Left Turn,Not Entered,East,Not Entered,2013,FL,1,,NISSA
41028,2015,SUBURBAN,Not Entered,Starting from Parking,Not Entered,South,Not Entered,2013,PA,1,,NISSA
41029,2015,4 DOOR SEDAN,Not Entered,Going Straight Ahead,Not Entered,North,Not Entered,2013,MA,1,,NISSA
41030,2014,SUBURBAN,Not Entered,Going Straight Ahead,Not Entered,East,Not Entered,2002,IN,2,,NISSA
41031,2015,4 DOOR SEDAN,Not Entered,Going Straight Ahead,Not Entered,South,Not Entered,2012,NJ,1,,NISSA
41032,2015,4 DOOR SEDAN,Not Entered,Going Straight Ahead,Not Entered,East,Not Entered,2003,NY,2,,NISSA
41033,2015,4 DOOR SEDAN,Not Entered,Going Straight Ahead,Not Entered,West,Not Entered,2014,FL,1,,NISSA
41034,2015,4 DOOR SEDAN,Not Entered,Making U Turn,Not Entered,East,Not Entered,1990,NY,1,,NISSA
41035,2015,SUBURBAN,Not Entered,Going Straight Ahead,Not Entered,East,Not Entered,2012,NY,3,,NISSA
41036,2015,4 DOOR SEDAN,Not Entered,Going Straight Ahead,Not Entered,East,Not Entered,2015,NY,1,,NISSA
41037,2014,4 DOOR SEDAN,Not Entered,Going Straight Ahead,Not Entered,East,Not Entered,2014,NJ,2,,NISSA
41038,2015,4 DOOR SEDAN,Not Entered,Slowing or Stopping,Not Entered,East,Not Entered,2001,MA,1,,NISSA
41039,2015,4 DOOR SEDAN,Not Entered,Going Straight Ahead,Not Entered,West,Not Entered,2009,MA,1,,NISSA
41040,2015,4 DOOR SEDAN,Not Entered,Going Straight Ahead,Not Entered,South,Not Entered,2015,NJ,1,,NISSA
41041,2014,SUBURBAN,Not Entered,Going Straight Ahead,Not Entered,North,Not Entered,2002,NJ,1,,NISSA
41042,2014,4 DOOR SEDAN,Not Entered,Going Straight Ahead,Not Entered,North,Not Entered,2010,CA,2,,NISSA
41043,2014,4 DOOR SEDAN,Not Entered,Making Left Turn,Not Entered,Northwest,Not Entered,2001,SC,2,,NISSA
41044,2015,4 DOOR SEDAN,Not Entered,Going Straight Ahead,Not Entered,North,Not Entered,2015,DE,1,,NISSA
41045,2014,4 DOOR SEDAN,Not Entered,Going Straight Ahead,Not Entered,East,Not Entered,1997,NJ,4,,NISSA
41046,2015,PICKUP TRUCK,Not Entered,Starting in Traffic,Not Entered,East,Not Entered,2006,NY,1,,NISSA
41047,2015,4 DOOR SEDAN,PASSENGER OR SUBURBAN,Unknown,Not Entered,North,Gas,2000,NY,2,6,NISSA
41048,2015,4 DOOR SEDAN,PASSENGER OR SUBURBAN,Going Straight Ahead,Not Entered,North,Gas,2014,NY,,6,NISSA
41049,2015,2 DOOR SEDAN,PASSENGER OR SUBURBAN,Going Straight Ahead,Not Entered,West,Gas,2008,NY,1,4,NISSA
41050,2015,SUBURBAN,PASSENGER OR SUBURBAN,Going Straight Ahead,Not Entered,East,Gas,2015,NY,1,6,NISSA
41051,2014,SUBURBAN,PASSENGER OR SUBURBAN,Changing Lanes,Not Entered,North,Gas,2004,NY,2,6,NISSA
41052,2015,SUBURBAN,PASSENGER OR SUBURBAN,Going Straight Ahead,Not Entered,South,Gas,2013,NY,1,4,NISSA
41053,2015,4 DOOR SEDAN,PASSENGER OR SUBURBAN,Going Straight Ahead,Not Entered,North,Gas,2004,NY,1,4,NISSA
41054,2015,PICKUP TRUCK,PASSENGER OR SUBURBAN,Going Straight Ahead,Not Entered,North,Gas,2006,NY,1,6,NISSA
41055,2015,4 DOOR SEDAN,PASSENGER OR SUBURBAN,Going Straight Ahead,Not Entered,South,Gas,2015,NY,1,4,NISSA
41056,2015,PICKUP TRUCK,PASSENGER OR SUBURBAN,Going Straight Ahead,Not Entered,East,Gas,2011,NY,1,8,NISSA
41057,2015,4 DOOR SEDAN,PASSENGER OR SUBURBAN,Going Straight Ahead,Not Entered,South,Gas,2005,NY,1,4,NISSA
41058,2015,4 DOOR SEDAN,PASSENGER OR SUBURBAN,Going Straight Ahead,Not Entered,South,Gas,2015,NY,1,4,NISSA
41059,2015,4 DOOR SEDAN,PASSENGER OR SUBURBAN,Avoiding Object in Roadway,Not Entered,North,Gas,2009,NY,1,4,NISSA
41060,2015,4 DOOR SEDAN,PASSENGER OR SUBURBAN,Going Straight Ahead,Not Entered,North,Gas,2010,NY,4,4,NISSA
41061,2015,4 DOOR SEDAN,PASSENGER OR SUBURBAN,Going Straight Ahead,Not Entered,West,Gas,1999,NY,1,4,NISSA
41062,2015,4 DOOR SEDAN,PASSENGER OR SUBURBAN,Going Straight Ahead,Not Entered,East,Gas,2013,NY,1,4,NISSA
41063,2015,SUBURBAN,PASSENGER OR SUBURBAN,Going Straight Ahead,Not Entered,North,Gas,2009,NY,1,6,NISSA
41064,2015,SUBURBAN,PASSENGER OR SUBURBAN,Going Straight Ahead,Not Entered,North,Gas,2010,NY,4,8,NISSA
41065,2015,4 DOOR SEDAN,PASSENGER OR SUBURBAN,Going Straight Ahead,Not Entered,South,Gas,2014,NY,1,4,NISSA
41066,2015,4 DOOR SEDAN,PASSENGER OR SUBURBAN,Going Straight Ahead,Not Entered,South,Gas,2003,NY,1,4,NISSA
41067,2015,4 DOOR SEDAN,PASSENGER OR SUBURBAN,Going Straight Ahead,Not Entered,West,Gas,1999,NY,1,4,NISSA
41068,2015,SUBURBAN,PASSENGER OR SUBURBAN,Backing,Not Entered,East,Gas,2014,NY,1,6,NISSA
41069,2015,4 DOOR SEDAN,PASSENGER OR SUBURBAN,Backing,Not Entered,South,Gas,1995,NY,,6,NISSA
41070,2015,SUBURBAN,PASSENGER OR SUBURBAN,Backing,Not Entered,North,Gas,2009,NY,1,6,NISSA
41071,2015,SUBURBAN,PASSENGER OR SUBURBAN,Going Straight Ahead,Not Entered,South,Gas,1998,NY,4,6,NISSA
41072,2014,SUBURBAN,PASSENGER OR SUBURBAN,Going Straight Ahead,Not Entered,North,Gas,2012,NY,1,4,NISSA
41073,2015,4 DOOR SEDAN,PASSENGER OR SUBURBAN,Making Left Turn,Not Entered,East,Gas,2014,NY,1,4,NISSA
41074,2015,SUBURBAN,PASSENGER OR SUBURBAN,Going Straight Ahead,Not Entered,East,Gas,2014,NY,1,6,NISSA
41075,2015,SUBURBAN,PASSENGER OR SUBURBAN,Making Left Turn,Not Entered,Northwest,Gas,2005,NY,4,6,NISSA
41076,2015,4 DOOR SEDAN,PASSENGER OR SUBURBAN,Going Straight Ahead,Not Entered,East,Gas,2001,NY,0,6,NISSA
41077,2015,4 DOOR SEDAN,PASSENGER OR SUBURBAN,Going Straight Ahead,Not Entered,West,Gas,1999,NY,5,4,NISSA
41078,2015,4 DOOR SEDAN,PASSENGER OR SUBURBAN,Going Straight Ahead,Not Entered,North,Gas,1998,NY,1,4,NISSA
41079,2015,SUBURBAN,PASSENGER OR SUBURBAN,Backing,Not Entered,West,Gas,2003,NY,1,6,NISSA
41080,2015,SUBURBAN,PASSENGER OR SUBURBAN,Going Straight Ahead,Not Entered,South,Gas,2009,NY,1,6,NISSA
41081,2015,4 DOOR SEDAN,PASSENGER OR SUBURBAN,Going Straight Ahead,Not Entered,North,Gas,2011,NY,1,6,NISSA
41082,2015,4 DOOR SEDAN,PASSENGER OR SUBURBAN,Slowing or Stopping,Not Entered,West,Gas,2009,NY,1,4,NISSA
41083,2015,SUBURBAN,PASSENGER OR SUBURBAN,Going Straight Ahead,Not Entered,East,Gas,2011,NY,1,4,NISSA
41084,2015,4 DOOR SEDAN,PASSENGER OR SUBURBAN,Going Straight Ahead,Not Entered,West,Gas,2005,NY,1,6,NISSA
41085,2015,4 DOOR SEDAN,PASSENGER OR SUBURBAN,Going Straight Ahead,Not Entered,North,Gas,2000,NY,1,4,NISSA
41086,2015,SUBURBAN,PASSENGER OR SUBURBAN,Making Right Turn,Not Entered,West,Gas,2010,NY,1,6,NISSA
41087,2015,SUBURBAN,PASSENGER OR SUBURBAN,Going Straight Ahead,Not Entered,West,Gas,2012,NY,2,6,NISSA
41088,2015,SUBURBAN,PASSENGER OR SUBURBAN,Backing,Not Entered,South,Gas,2005,NY,1,6,NISSA
41089,2015,SUBURBAN,PASSENGER OR SUBURBAN,Making Right Turn,Not Entered,Southwest,Gas,2008,NY,1,6,NISSA
41090,2015,SUBURBAN,PASSENGER OR SUBURBAN,Entering Parked Position,Not Entered,North,Gas,2014,NY,1,4,NISSA
41091,2015,SUBURBAN,PASSENGER OR SUBURBAN,Parked,Not Entered,West,Gas,2007,NY,4,6,NISSA
41092,2015,2 DOOR SEDAN,PASSENGER OR SUBURBAN,Going Straight Ahead,Not Entered,East,Gas,2008,NY,1,6,NISSA
41093,2015,4 DOOR SEDAN,PASSENGER OR SUBURBAN,Backing,Not Entered,South,Gas,2009,NY,1,4,NISSA
41094,2015,4 DOOR SEDAN,PASSENGER OR SUBURBAN,Slowing or Stopping,Not Entered,West,Gas,2001,NY,1,4,NISSA
41095,2015,SUBURBAN,PASSENGER OR SUBURBAN,Going Straight Ahead,Not Entered,East,Gas,2015,NY,2,6,NISSA
41096,2014,4 DOOR SEDAN,PASSENGER OR SUBURBAN,Backing,Not Entered,North,Gas,2009,NY,1,4,NISSA
41097,2014,4 DOOR SEDAN,PASSENGER OR SUBURBAN,Overtaking/Passing,Not Entered,West,Gas,2004,NY,2,6,NISSA
41098,2014,SUBURBAN,PASSENGER OR SUBURBAN,Backing,Not Entered,North,Gas,2008,NY,1,4,NISSA
41099,2014,4 DOOR SEDAN,PASSENGER OR SUBURBAN,Making Left Turn,Not Entered,Northwest,Gas,2001,NY,1,4,NISSA
41100,2014,4 DOOR SEDAN,PASSENGER OR SUBURBAN,Going Straight Ahead,Not Entered,Northeast,Gas,2007,NY,1,4,NISSA
41101,2014,4 DOOR SEDAN,PASSENGER OR SUBURBAN,Going Straight Ahead,Not Entered,West,Gas,2002,NY,1,4,NISSA
41102,2014,4 DOOR SEDAN,PASSENGER OR SUBURBAN,Making Left Turn,Not Entered,North,Gas,2012,NY,1,4,NISSA
41103,2015,PICKUP TRUCK,PASSENGER OR SUBURBAN,Starting in Traffic,Not Entered,West,Gas,2010,NY,2,8,NISSA
41104,2015,4 DOOR SEDAN,PASSENGER OR SUBURBAN,Avoiding Object in Roadway,Not Entered,East,Gas,2005,NY,1,6,NISSA
41105,2015,4 DOOR SEDAN,PASSENGER OR SUBURBAN,Going Straight Ahead,Not Entered,East,Gas,2000,NY,3,4,NISSA
41106,2015,4 DOOR SEDAN,PASSENGER OR SUBURBAN,Going Straight Ahead,Not Entered,East,Gas,2015,NY,1,4,NISSA
41107,2014,SUBURBAN,PASSENGER OR SUBURBAN,Making Left Turn,Not Entered,North,Gas,2002,NY,2,6,NISSA
41108,2014,SUBURBAN,PASSENGER OR SUBURBAN,Making Left Turn,Not Entered,Northeast,Gas,2005,NY,1,6,NISSA
41109,2015,4 DOOR SEDAN,PASSENGER OR SUBURBAN,Parked,Not Entered,North,Gas,2015,NY,,4,NISSA
41110,2015,4 DOOR SEDAN,PASSENGER OR SUBURBAN,Slowing or Stopping,Not Entered,North,Gas,1996,NY,1,6,NISSA
41111,2015,SUBURBAN,PASSENGER OR SUBURBAN,Going Straight Ahead,Not Entered,West,Gas,2008,NY,1,4,NISSA
41112,2015,4 DOOR SEDAN,PASSENGER OR SUBURBAN,Going Straight Ahead,Not Entered,West,Gas,2013,NY,1,4,NISSA
41113,2014,SUBURBAN,PASSENGER OR SUBURBAN,Going Straight Ahead,Not Entered,West,Gas,2011,NY,2,4,NISSA
41114,2014,SUBURBAN,PASSENGER OR SUBURBAN,Going Straight Ahead,Not Entered,North,Gas,2007,NY,1,6,NISSA
41115,2014,4 DOOR SEDAN,PASSENGER OR SUBURBAN,Going Straight Ahead,Not Entered,South,Gas,2014,NY,1,6,NISSA
41116,2014,SUBURBAN,PASSENGER OR SUBURBAN,Going Straight Ahead,Not Entered,West,Gas,1998,NY,1,6,NISSA
41117,2015,4 DOOR SEDAN,OMNIBUS-SPECIAL (PRIVATE RENTAL),Starting in Traffic,Not Entered,North,Gas,2015,NY,2,4,NISSA
41118,2015,4 DOOR SEDAN,PASSENGER OR SUBURBAN,Going Straight Ahead,Not Entered,West,Gas,2009,NY,1,6,NISSA
41119,2015,4 DOOR SEDAN,PASSENGER OR SUBURBAN,Starting in Traffic,Not Entered,South,Gas,2013,NY,2,4,NISSA
41120,2015,4 DOOR SEDAN,PASSENGER OR SUBURBAN,Entering Parked Position,Not Entered,East,Gas,2013,NY,1,6,NISSA
41121,2015,4 DOOR SEDAN,PASSENGER OR SUBURBAN,Making U Turn,Not Entered,West,Gas,2012,NY,2,4,NISSA
41122,2015,4 DOOR SEDAN,PASSENGER OR SUBURBAN,Making Left Turn,Not Entered,South,Gas,2001,NY,1,4,NISSA
41123,2015,4 DOOR SEDAN,PASSENGER OR SUBURBAN,Going Straight Ahead,Not Entered,South,Gas,1997,NY,1,6,NISSA
41124,2015,4 DOOR SEDAN,PASSENGER OR SUBURBAN,Making Left Turn,Not Entered,Southeast,Gas,1999,NY,1,6,NISSA
41125,2015,4 DOOR SEDAN,PASSENGER OR SUBURBAN,Making Left Turn,Not Entered,South,Gas,2009,NY,2,4,NISSA
41126,2015,4 DOOR SEDAN,PASSENGER OR SUBURBAN,Making Left Turn,Not Entered,West,Gas,1994,NY,1,6,NISSA
41127,2015,SUBURBAN,PASSENGER OR SUBURBAN,Making Left Turn,Not Entered,North,Gas,2003,NY,1,6,NISSA
41128,2015,SUBURBAN,PASSENGER OR SUBURBAN,Making Left Turn,Not Entered,West,Gas,2004,NY,1,6,NISSA
41129,2015,SUBURBAN,PASSENGER OR SUBURBAN,Going Straight Ahead,Not Entered,West,Gas,2003,NY,1,6,NISSA
41130,2015,4 DOOR SEDAN,PASSENGER OR SUBURBAN,Making Left Turn,Not Entered,South,Gas,1999,NY,2,4,NISSA
41131,2015,SUBURBAN,PASSENGER OR SUBURBAN,Parked,Not Entered,East,Gas,2006,NY,1,8,NISSA
41132,2015,SUBURBAN,PASSENGER OR SUBURBAN,Making Left Turn,Not Entered,South,Gas,2008,NY,1,6,NISSA
41133,2015,SUBURBAN,PASSENGER OR SUBURBAN,Making Left Turn,Not Entered,Southeast,Gas,2011,NY,1,4,NISSA
41134,2015,4 DOOR SEDAN,PASSENGER OR SUBURBAN,Making Left Turn,Not Entered,Southwest,Gas,2009,NY,2,4,NISSA
41135,2015,4 DOOR SEDAN,PASSENGER OR SUBURBAN,Making Left Turn,Not Entered,Northwest,Gas,2013,NY,2,4,NISSA
41136,2014,4 DOOR SEDAN,PASSENGER OR SUBURBAN,Going Straight Ahead,Not Entered,South,Gas,1996,NY,1,6,NISSA
41137,2014,4 DOOR SEDAN,PASSENGER OR SUBURBAN,Making Left Turn,Not Entered,Northwest,Gas,2005,NY,1,4,NISSA
41138,2014,4 DOOR SEDAN,PASSENGER OR SUBURBAN,Backing,Not Entered,East,Gas,2007,NY,1,4,NISSA
41139,2014,4 DOOR SEDAN,PASSENGER OR SUBURBAN,Going Straight Ahead,Not Entered,South,Gas,2002,NY,1,4,NISSA
41140,2015,4 DOOR SEDAN,PASSENGER OR SUBURBAN,Going Straight Ahead,Not Entered,North,Gas,2006,NY,1,4,NISSA
41141,2015,4 DOOR SEDAN,PASSENGER OR SUBURBAN,Unknown,Not Entered,South,Gas,2006,NY,1,6,NISSA
41142,2015,4 DOOR SEDAN,PASSENGER OR SUBURBAN,Going Straight Ahead,Not Entered,South,Gas,2010,NY,1,4,NISSA
41143,2015,2 DOOR SEDAN,PASSENGER OR SUBURBAN,Slowing or Stopping,Not Entered,South,Gas,1998,NY,2,4,NISSA
41144,2015,SUBURBAN,PASSENGER OR SUBURBAN,Slowing or Stopping,Not Entered,West,Gas,1999,NY,1,6,NISSA
41145,2015,SUBURBAN,PASSENGER OR SUBURBAN,Going Straight Ahead,Not Entered,West,Gas,2008,NY,1,4,NISSA
41146,2015,4 DOOR SEDAN,PASSENGER OR SUBURBAN,Slowing or Stopping,Not Entered,West,Gas,2009,NY,1,6,NISSA
41147,2015,4 DOOR SEDAN,PASSENGER OR SUBURBAN,Slowing or Stopping,Not Entered,Southeast,Gas,2012,NY,1,4,NISSA
41148,2015,PICKUP TRUCK,SPORTS,Slowing or Stopping,Not Entered,East,Gas,2012,NY,1,6,NISSA
41149,2015,4 DOOR SEDAN,PASSENGER OR SUBURBAN,Going Straight Ahead,Not Entered,North,Gas,1999,NY,1,6,NISSA
41150,2015,4 DOOR SEDAN,PASSENGER OR SUBURBAN,Going Straight Ahead,Not Entered,North,Gas,2006,NY,1,4,NISSA
41151,2015,SUBURBAN,PASSENGER OR SUBURBAN,Starting in Traffic,Not Entered,West,Gas,2005,NY,1,6,NISSA
41152,2015,SUBURBAN,PASSENGER OR SUBURBAN,Slowing or Stopping,Not Entered,West,Gas,1999,NY,,6,NISSA
41153,2015,4 DOOR SEDAN,PASSENGER OR SUBURBAN,Going Straight Ahead,Not Entered,East,Gas,2007,NY,1,4,NISSA
41154,2015,4 DOOR SEDAN,PASSENGER OR SUBURBAN,Going Straight Ahead,Not Entered,South,Gas,2011,NY,1,4,NISSA
41155,2015,4 DOOR SEDAN,PASSENGER OR SUBURBAN,Going Straight Ahead,Not Entered,Northeast,Gas,2005,NY,1,4,NISSA
41156,2015,SUBURBAN,PASSENGER OR SUBURBAN,Going Straight Ahead,Not Entered,West,Gas,2015,NY,1,4,NISSA
41157,2015,4 DOOR SEDAN,PASSENGER OR SUBURBAN,Making Left Turn,Not Entered,South,Gas,2007,NY,1,6,NISSA
41158,2015,4 DOOR SEDAN,PASSENGER OR SUBURBAN,Slowing or Stopping,Not Entered,North,Gas,2003,NY,1,6,NISSA
41159,2015,4 DOOR SEDAN,PASSENGER OR SUBURBAN,Going Straight Ahead,Not Entered,West,Gas,2003,NY,2,6,NISSA
41160,2015,4 DOOR SEDAN,PASSENGER OR SUBURBAN,Going Straight Ahead,Not Entered,South,Gas,2004,NY,3,4,NISSA
41161,2015,4 DOOR SEDAN,PASSENGER OR SUBURBAN,Going Straight Ahead,Not Entered,West,Gas,1996,NY,1,4,NISSA
41162,2015,SUBURBAN,PASSENGER OR SUBURBAN,Slowing or Stopping,Not Entered,South,Gas,2005,NY,1,6,NISSA
41163,2015,4 DOOR SEDAN,PASSENGER OR SUBURBAN,Going Straight Ahead,Not Entered,North,Gas,2008,NY,1,6,NISSA
41164,2015,4 DOOR SEDAN,PASSENGER OR SUBURBAN,Starting in Traffic,Not Entered,South,Gas,2006,NY,1,4,NISSA
41165,2015,4 DOOR SEDAN,PASSENGER OR SUBURBAN,Going Straight Ahead,Not Entered,North,Gas,2014,NY,1,4,NISSA
41166,2015,4 DOOR SEDAN,PASSENGER OR SUBURBAN,Going Straight Ahead,Not Entered,East,Gas,1998,NY,2,4,NISSA
41167,2015,SUBURBAN,PASSENGER OR SUBURBAN,Going Straight Ahead,Not Entered,East,Gas,2014,NY,1,6,NISSA
41168,2015,4 DOOR SEDAN,PASSENGER OR SUBURBAN,Going Straight Ahead,Not Entered,North,Gas,2001,NY,2,6,NISSA
41169,2015,PICKUP TRUCK,PASSENGER OR SUBURBAN,Going Straight Ahead,Not Entered,East,Gas,2014,NY,1,8,NISSA
41170,2015,4 DOOR SEDAN,PASSENGER OR SUBURBAN,Slowing or Stopping,Not Entered,West,Gas,2002,NY,1,4,NISSA
41171,2015,4 DOOR SEDAN,PASSENGER OR SUBURBAN,Slowing or Stopping,Not Entered,West,Gas,1999,NY,1,4,NISSA
41172,2015,SUBURBAN,PASSENGER OR SUBURBAN,Going Straight Ahead,Not Entered,South,Gas,2014,NY,1,6,NISSA
41173,2015,4 DOOR SEDAN,PASSENGER OR SUBURBAN,Going Straight Ahead,Not Entered,North,Gas,2001,NY,1,4,NISSA
41174,2015,4 DOOR SEDAN,PASSENGER OR SUBURBAN,Going Straight Ahead,Not Entered,South,Gas,2006,NY,1,4,NISSA
41175,2014,PICKUP TRUCK,PASSENGER OR SUBURBAN,Going Straight Ahead,Not Entered,West,Gas,2005,NY,1,8,NISSA
41176,2014,4 DOOR SEDAN,PASSENGER OR SUBURBAN,Going Straight Ahead,Not Entered,East,Gas,2006,NY,1,4,NISSA
41177,2014,4 DOOR SEDAN,PASSENGER OR SUBURBAN,Going Straight Ahead,Not Entered,North,Gas,2007,NY,1,4,NISSA
41178,2014,SUBURBAN,PASSENGER OR SUBURBAN,Going Straight Ahead,Not Entered,South,Gas,2005,NY,1,6,NISSA
41179,2014,PICKUP TRUCK,PASSENGER OR SUBURBAN,Going Straight Ahead,Not Entered,East,Gas,2011,NY,1,6,NISSA
41180,2014,4 DOOR SEDAN,PASSENGER OR SUBURBAN,Starting in Traffic,Not Entered,Northeast,Electric,2013,NY,1,0,NISSA
41181,2014,4 DOOR SEDAN,PASSENGER OR SUBURBAN,Making Left Turn,Not Entered,North,Gas,1998,NY,1,4,NISSA
41182,2015,4 DOOR SEDAN,PASSENGER OR SUBURBAN,Making Right Turn,Not Entered,Northeast,Gas,2010,NY,1,4,NISSA
41183,2015,SUBURBAN,PASSENGER OR SUBURBAN,Making U Turn,Not Entered,West,Gas,2013,NY,1,4,NISSA