Case Num,Year,Vehicle Body Type,Registration Class,Action Prior to Accident,Type / Axles of Truck or Bus,Direction of Travel,Fuel Type,Vehicle Year,State of Registration,Number of Occupants,Engine Cylinders,Vehicle Make
41377,2014,4 DOOR SEDAN,PASSENGER OR SUBURBAN,Going Straight Ahead,Not Entered,West,Gas,1999,NY,2,6,PONTI
41378,2014,4 DOOR SEDAN,PASSENGER OR SUBURBAN,Going Straight Ahead,Not Entered,North,Gas,2004,NY,1,4,PONTI
41379,2014,4 DOOR SEDAN,PASSENGER OR SUBURBAN,Going Straight Ahead,Not Entered,South,Gas,2003,NY,1,4,PONTI
41380,2014,4 DOOR SEDAN,PASSENGER OR SUBURBAN,Going Straight Ahead,Not Entered,East,Gas,2003,NY,1,6,PONTI
41381,2014,4 DOOR SEDAN,ORGANIZATIONAL,Going Straight Ahead,Not Entered,West,Gas,2008,NY,1,4,PONTI
41382,2014,2 DOOR SEDAN,SPECIAL PASSENGER,Slowing or Stopping,Not Entered,North,Gas,1984,NY,1,8,PONTI
41383,2015,4 DOOR SEDAN,PASSENGER OR SUBURBAN,Going Straight Ahead,Not Entered,North,Gas,2002,NY,1,6,PONTI
41384,2015,SUBURBAN,PASSENGER OR SUBURBAN,Backing,Not Entered,South,Gas,2004,NY,1,4,PONTI
41385,2014,4 DOOR SEDAN,PASSENGER OR SUBURBAN,Going Straight Ahead,Not Entered,East,Gas,2000,NY,1,6,PONTI
41386,2014,4 DOOR SEDAN,PASSENGER OR SUBURBAN,Making Left Turn,Not Entered,Southwest,Gas,2005,NY,,6,PONTI
41387,2015,SUBURBAN,PASSENGER OR SUBURBAN,Going Straight Ahead,Not Entered,East,Gas,2005,NY,1,6,PONTI
41388,2014,2 DOOR SEDAN,PASSENGER OR SUBURBAN,Changing Lanes,Not Entered,West,Gas,1998,NY,1,6,PONTI
41389,2015,2 DOOR SEDAN,PASSENGER OR SUBURBAN,Going Straight Ahead,Not Entered,South,Gas,2007,NY,1,6,PONTI
41390,2015,4 DOOR SEDAN,PASSENGER OR SUBURBAN,Starting in Traffic,Not Entered,West,Gas,2004,NY,1,6,PONTI
41391,2015,SUBURBAN,Not Entered,Making Left Turn,Not Entered,South,Not Entered,2014,NY,1,,PORSC
41392,2015,SUBURBAN,PASSENGER OR SUBURBAN,Going Straight Ahead,Not Entered,East,Gas,2014,NY,2,8,PORSC
41393,2014,4 DOOR SEDAN,PASSENGER OR SUBURBAN,Going Straight Ahead,Not Entered,North,Gas,2004,NY,1,8,PORSC
41394,2015,2 DOOR SEDAN,PASSENGER OR SUBURBAN,Going Straight Ahead,Not Entered,West,Gas,1999,NY,1,6,PORSC
41395,2015,SUBURBAN,PASSENGER OR SUBURBAN,Going Straight Ahead,Not Entered,West,Gas,2011,NY,2,8,PORSC
41396,2015,SUBURBAN,PASSENGER OR SUBURBAN,Going Straight Ahead,Not Entered,North,Gas,2006,NY,1,8,PORSC
41397,2015,SUBURBAN,COMMERCIAL,Going Straight Ahead,Not Entered,South,Gas,2015,NY,1,4,RAM
41398,2015,PICKUP TRUCK,PASSENGER OR SUBURBAN,Going Straight Ahead,Not Entered,South,Gas,2013,NY,1,8,RAM
41399,2015,PICKUP TRUCK,PASSENGER OR SUBURBAN,Making Left Turn,Not Entered,East,Gas,2014,NY,1,8,RAM
41400,2015,PICKUP TRUCK,AGRICULTURAL TRUCK,Going Straight Ahead,Not Entered,East,Diesel,2014,NY,1,6,RAM
41401,2015,VAN TRUCK,AGRICULTURAL TRUCK,Going Straight Ahead,Not Entered,West,Gas,2015,NY,1,6,RAM
41402,2015,VAN TRUCK,AGRICULTURAL TRUCK,Other,Not Entered,East,Gas,2014,NY,1,6,RAM
41403,2015,PICKUP TRUCK,PASSENGER OR SUBURBAN,Going Straight Ahead,Not Entered,South,Gas,2014,NY,1,6,RAM
41404,2015,SUBURBAN,PASSENGER OR SUBURBAN,Starting in Traffic,Not Entered,West,Diesel,2014,NY,1,6,RAM
41405,2015,PICKUP TRUCK,AGRICULTURAL TRUCK,Parked,Not Entered,West,Gas,2014,NY,,8,RAM
41406,2015,PICKUP TRUCK,PASSENGER OR SUBURBAN,Going Straight Ahead,Not Entered,North,Gas,2015,NY,1,8,RAM
41407,2015,PICKUP TRUCK,AGRICULTURAL TRUCK,Making Left Turn,Not Entered,Northwest,Diesel,2014,NY,1,6,RAM
41408,2015,PICKUP TRUCK,COMMERCIAL,Going Straight Ahead,Not Entered,South,Diesel,2013,NY,1,6,RAM
41409,2014,PICKUP TRUCK,COMMERCIAL,Going Straight Ahead,Not Entered,East,Gas,2013,NY,1,8,RAM
41410,2015,4 DOOR SEDAN,PASSENGER OR SUBURBAN,Going Straight Ahead,Not Entered,South,Gas,2006,NY,1,4,SAAB
41411,2014,SUBURBAN,PASSENGER OR SUBURBAN,Going Straight Ahead,Not Entered,North,Gas,2006,NY,1,8,SAAB
41412,2015,4 DOOR SEDAN,PASSENGER OR SUBURBAN,Making Left Turn,Not Entered,Northeast,Gas,2009,NY,1,4,SAAB
41413,2015,4 DOOR SEDAN,PASSENGER OR SUBURBAN,Slowing or Stopping,Not Entered,South,Gas,1999,NY,1,4,SAAB
41414,2015,CONVERTIBLE,PASSENGER OR SUBURBAN,Going Straight Ahead,Not Entered,West,Gas,2001,NY,1,4,SAAB
41415,2015,4 DOOR SEDAN,PASSENGER OR SUBURBAN,Going Straight Ahead,Not Entered,East,Gas,1999,NY,2,4,SAAB
41416,2015,4 DOOR SEDAN,PASSENGER OR SUBURBAN,Going Straight Ahead,Not Entered,North,Gas,2007,NY,2,4,SAAB
41417,2015,4 DOOR SEDAN,PASSENGER OR SUBURBAN,Making Left Turn,Not Entered,South,Gas,2007,NY,1,4,SAAB
41418,2015,SUBURBAN,PASSENGER OR SUBURBAN,Going Straight Ahead,Not Entered,West,Gas,2004,NY,1,4,SAAB
41419,2015,4 DOOR SEDAN,PASSENGER OR SUBURBAN,Making Left Turn,Not Entered,Northwest,Gas,1999,NY,1,4,SAAB
41420,2015,4 DOOR SEDAN,PASSENGER OR SUBURBAN,Avoiding Object in Roadway,Not Entered,North,Gas,1996,NY,1,4,SATUR
41421,2015,4 DOOR SEDAN,PASSENGER OR SUBURBAN,Going Straight Ahead,Not Entered,North,Gas,1998,NY,1,4,SATUR
41422,2015,SUBURBAN,PASSENGER OR SUBURBAN,Going Straight Ahead,Not Entered,South,Gas,2002,NY,1,6,SATUR
41423,2015,4 DOOR SEDAN,PASSENGER OR SUBURBAN,Going Straight Ahead,Not Entered,East,Gas,2003,NY,1,4,SATUR
41424,2015,4 DOOR SEDAN,PASSENGER OR SUBURBAN,Backing,Not Entered,South,Gas,2000,NY,1,4,SATUR
41425,2015,SUBURBAN,PASSENGER OR SUBURBAN,Going Straight Ahead,Not Entered,South,Gas,2005,NY,1,6,SATUR
41426,2015,4 DOOR SEDAN,PASSENGER OR SUBURBAN,Going Straight Ahead,Not Entered,West,Gas,2009,NY,1,4,SATUR
41427,2015,SUBURBAN,PASSENGER OR SUBURBAN,Making Right Turn,Not Entered,South,Gas,2003,NY,1,6,SATUR
41428,2014,SUBURBAN,PASSENGER OR SUBURBAN,Slowing or Stopping,Not Entered,North,Gas,2006,NY,1,4,SATUR
41429,2014,4 DOOR SEDAN,PASSENGER OR SUBURBAN,Going Straight Ahead,Not Entered,North,Gas,2000,NY,1,4,SATUR
41430,2014,4 DOOR SEDAN,PASSENGER OR SUBURBAN,Going Straight Ahead,Not Entered,West,Gas,1998,NY,2,4,SATUR
41431,2014,2 DOOR SEDAN,PASSENGER OR SUBURBAN,Avoiding Object in Roadway,Not Entered,West,Gas,2001,NY,1,4,SATUR
41432,2015,4 DOOR SEDAN,PASSENGER OR SUBURBAN,Going Straight Ahead,Not Entered,South,Gas,2008,NY,2,4,SATUR
41433,2015,4 DOOR SEDAN,PASSENGER OR SUBURBAN,Going Straight Ahead,Not Entered,Northwest,Gas,2004,NY,3,4,SATUR
41434,2014,2 DOOR SEDAN,PASSENGER OR SUBURBAN,Going Straight Ahead,Not Entered,West,Gas,1999,NY,1,4,SATUR
41435,2015,SUBURBAN,PASSENGER OR SUBURBAN,Going Straight Ahead,Not Entered,South,Gas,2008,NY,4,6,SATUR
41436,2015,4 DOOR SEDAN,PASSENGER OR SUBURBAN,Making Left Turn,Not Entered,Southeast,Gas,2002,NY,1,4,SATUR
41437,2015,SUBURBAN,PASSENGER OR SUBURBAN,Going Straight Ahead,Not Entered,North,Gas,2005,NY,1,6,SATUR
41438,2015,4 DOOR SEDAN,PASSENGER OR SUBURBAN,Slowing or Stopping,Not Entered,Southwest,Gas,2007,NY,1,4,SATUR
41439,2015,SUBURBAN,PASSENGER OR SUBURBAN,Going Straight Ahead,Not Entered,West,Gas,2009,NY,1,4,SATUR
41440,2015,4 DOOR SEDAN,PASSENGER OR SUBURBAN,Making Left Turn,Not Entered,Southwest,Gas,2003,NY,1,4,SATUR
41441,2015,4 DOOR SEDAN,PASSENGER OR SUBURBAN,Going Straight Ahead,Not Entered,West,Gas,2008,NY,2,4,SATUR
41442,2014,4 DOOR SEDAN,PASSENGER OR SUBURBAN,Going Straight Ahead,Not Entered,East,Gas,2000,NY,3,4,SATUR
41443,2015,SUBURBAN,PASSENGER OR SUBURBAN,Going Straight Ahead,Not Entered,South,Gas,2005,NY,1,4,SATUR
41444,2015,SUBURBAN,PASSENGER OR SUBURBAN,Going Straight Ahead,Not Entered,West,Gas,2008,NY,1,6,SATUR
41445,2015,4 DOOR SEDAN,PASSENGER OR SUBURBAN,Making Left Turn,Not Entered,West,Gas,2002,NY,1,4,SATUR
41446,2015,SUBURBAN,PASSENGER OR SUBURBAN,Making Left Turn,Not Entered,Northwest,Gas,2008,NY,1,4,SATUR
41447,2015,SUBURBAN,PASSENGER OR SUBURBAN,Unknown,Not Entered,Unknown,Gas,2005,NY,1,4,SATUR
41448,2015,SUBURBAN,PASSENGER OR SUBURBAN,Slowing or Stopping,Not Entered,East,Gas,2008,NY,2,4,SATUR
41449,2015,SUBURBAN,PASSENGER OR SUBURBAN,Slowing or Stopping,Not Entered,West,Gas,2005,NY,2,4,SATUR
41450,2015,SUBURBAN,PASSENGER OR SUBURBAN,Stopped in Traffic,Not Entered,East,Gas,2003,NY,1,4,SATUR
41451,2014,SUBURBAN,PASSENGER OR SUBURBAN,Going Straight Ahead,Not Entered,West,Gas,2006,NY,1,4,SATUR
41452,2015,4 DOOR SEDAN,PASSENGER OR SUBURBAN,Going Straight Ahead,Not Entered,East,Gas,2006,NY,1,4,SATUR
41453,2015,2 DOOR SEDAN,PASSENGER OR SUBURBAN,Going Straight Ahead,Not Entered,West,Gas,1999,NY,1,4,SATUR
41454,2015,4 DOOR SEDAN,PASSENGER OR SUBURBAN,Making Left Turn,Not Entered,Southeast,Gas,2004,NY,2,4,SATUR
41455,2015,SUBURBAN,PASSENGER OR SUBURBAN,Making Right Turn,Not Entered,Southeast,Gas,2009,NY,1,6,SATUR
41456,2014,4 DOOR SEDAN,PASSENGER OR SUBURBAN,Going Straight Ahead,Not Entered,West,Gas,2004,NY,1,4,SATUR
41457,2014,4 DOOR SEDAN,PASSENGER OR SUBURBAN,Going Straight Ahead,Not Entered,North,Gas,2007,NY,2,6,SATUR
41458,2015,4 DOOR SEDAN,PASSENGER OR SUBURBAN,Making Right Turn,Not Entered,Southeast,Gas,2007,NY,1,4,SATUR
41459,2014,SUBURBAN,PASSENGER OR SUBURBAN,Going Straight Ahead,Not Entered,North,Gas,2004,NY,1,4,SATUR
41460,2014,4 DOOR SEDAN,PASSENGER OR SUBURBAN,Making Left Turn,Not Entered,East,Gas,1998,NY,2,4,SATUR
41461,2015,4 DOOR SEDAN,PASSENGER OR SUBURBAN,Going Straight Ahead,Not Entered,North,Gas,2007,NY,1,6,SATUR
41462,2014,4 DOOR SEDAN,PASSENGER OR SUBURBAN,Going Straight Ahead,Not Entered,North,Gas,2008,NY,1,6,SATUR
41463,2015,SUBURBAN,PASSENGER OR SUBURBAN,Making Left Turn,Not Entered,East,Gas,2000,NY,1,4,SATUR
41464,2015,SUBURBAN,Not Entered,Going Straight Ahead,Not Entered,North,Not Entered,2012,ON,1,,SUBAR
41465,2015,4 DOOR SEDAN,Not Entered,Backing,Not Entered,South,Not Entered,2013,VT,1,,SUBAR
41466,2014,SUBURBAN,Not Entered,Making Left Turn,Not Entered,West,Not Entered,2004,MS,1,,SUBAR
41467,2014,4 DOOR SEDAN,Not Entered,Going Straight Ahead,Not Entered,South,Not Entered,2001,VT,1,,SUBAR
41468,2015,4 DOOR SEDAN,Not Entered,Parked,Not Entered,North,Not Entered,2001,NJ,0,,SUBAR
41469,2015,4 DOOR SEDAN,Not Entered,Going Straight Ahead,Not Entered,West,Not Entered,2014,VT,2,,SUBAR
41470,2014,4 DOOR SEDAN,Not Entered,Making Left Turn,Not Entered,Northwest,Not Entered,2008,CT,1,,SUBAR
41471,2015,4 DOOR SEDAN,Not Entered,Going Straight Ahead,Not Entered,Northeast,Not Entered,2009,VA,,,SUBAR
41472,2014,4 DOOR SEDAN,PASSENGER OR SUBURBAN,Changing Lanes,Not Entered,East,Gas,2005,NY,1,4,SUBAR
41473,2015,4 DOOR SEDAN,PASSENGER OR SUBURBAN,Making Left Turn,Not Entered,East,Gas,2016,NY,1,4,SUBAR
41474,2015,SUBURBAN,PASSENGER OR SUBURBAN,Avoiding Object in Roadway,Not Entered,North,Gas,1995,NY,1,4,SUBAR
41475,2015,SUBURBAN,PASSENGER OR SUBURBAN,Going Straight Ahead,Not Entered,North,Gas,2011,NY,1,4,SUBAR
41476,2015,SUBURBAN,PASSENGER OR SUBURBAN,Going Straight Ahead,Not Entered,East,Gas,2014,NY,1,4,SUBAR
41477,2015,SUBURBAN,PASSENGER OR SUBURBAN,Going Straight Ahead,Not Entered,East,Gas,2007,NY,3,4,SUBAR
41478,2015,SUBURBAN,PASSENGER OR SUBURBAN,Going Straight Ahead,Not Entered,South,Gas,2014,NY,1,4,SUBAR
41479,2015,SUBURBAN,PASSENGER OR SUBURBAN,Going Straight Ahead,Not Entered,West,Gas,2003,NY,1,4,SUBAR
41480,2015,SUBURBAN,PASSENGER OR SUBURBAN,Going Straight Ahead,Not Entered,South,Gas,2010,NY,1,4,SUBAR
41481,2015,SUBURBAN,PASSENGER OR SUBURBAN,Going Straight Ahead,Not Entered,North,Gas,2015,NY,2,4,SUBAR
41482,2015,4 DOOR SEDAN,PASSENGER OR SUBURBAN,Going Straight Ahead,Not Entered,South,Gas,2006,NY,1,4,SUBAR
41483,2015,4 DOOR SEDAN,PASSENGER OR SUBURBAN,Going Straight Ahead,Not Entered,East,Gas,2015,NY,3,6,SUBAR
41484,2015,SUBURBAN,PASSENGER OR SUBURBAN,Going Straight Ahead,Not Entered,West,Gas,2010,NY,1,4,SUBAR
41485,2015,SUBURBAN,PASSENGER OR SUBURBAN,Going Straight Ahead,Not Entered,Southwest,Gas,2015,NY,1,4,SUBAR
41486,2015,SUBURBAN,REGIONAL,Going Straight Ahead,Not Entered,East,Gas,2010,NY,1,4,SUBAR
41487,2015,4 DOOR SEDAN,PASSENGER OR SUBURBAN,Going Straight Ahead,Not Entered,South,Gas,2010,NY,1,4,SUBAR
41488,2015,SUBURBAN,PASSENGER OR SUBURBAN,Going Straight Ahead,Not Entered,North,Gas,2011,NY,1,4,SUBAR
41489,2015,SUBURBAN,PASSENGER OR SUBURBAN,Going Straight Ahead,Not Entered,North,Gas,2006,NY,1,4,SUBAR
41490,2015,4 DOOR SEDAN,PASSENGER OR SUBURBAN,Going Straight Ahead,Not Entered,East,Gas,2009,NY,1,4,SUBAR
41491,2015,SUBURBAN,PASSENGER OR SUBURBAN,Backing,Not Entered,North,Gas,2003,NY,2,4,SUBAR
41492,2014,SUBURBAN,PASSENGER OR SUBURBAN,Backing,Not Entered,South,Gas,1998,NY,1,4,SUBAR
41493,2014,SUBURBAN,PASSENGER OR SUBURBAN,Backing,Not Entered,West,Gas,2011,NY,1,4,SUBAR
41494,2015,4 DOOR SEDAN,PASSENGER OR SUBURBAN,Slowing or Stopping,Not Entered,East,Gas,2007,NY,1,4,SUBAR
41495,2015,SUBURBAN,PASSENGER OR SUBURBAN,Going Straight Ahead,Not Entered,North,Gas,2014,NY,1,4,SUBAR
41496,2015,SUBURBAN,PASSENGER OR SUBURBAN,Starting in Traffic,Not Entered,South,Gas,2011,NY,1,4,SUBAR
41497,2015,SUBURBAN,PASSENGER OR SUBURBAN,Going Straight Ahead,Not Entered,North,Gas,2014,NY,1,4,SUBAR
41498,2015,SUBURBAN,PASSENGER OR SUBURBAN,Going Straight Ahead,Not Entered,Southeast,Gas,2015,NY,1,4,SUBAR
41499,2015,SUBURBAN,PASSENGER OR SUBURBAN,Going Straight Ahead,Not Entered,North,Gas,2009,NY,1,4,SUBAR
41500,2014,4 DOOR SEDAN,PASSENGER OR SUBURBAN,Going Straight Ahead,Not Entered,West,Gas,2010,NY,1,4,SUBAR
41501,2014,SUBURBAN,PASSENGER OR SUBURBAN,Going Straight Ahead,Not Entered,South,Gas,2010,NY,2,4,SUBAR
41502,2014,SUBURBAN,PASSENGER OR SUBURBAN,Going Straight Ahead,Not Entered,South,Gas,2011,NY,1,4,SUBAR
41503,2014,4 DOOR SEDAN,PASSENGER OR SUBURBAN,Going Straight Ahead,Not Entered,East,Gas,2012,NY,1,4,SUBAR
41504,2015,SUBURBAN,PASSENGER OR SUBURBAN,Making Left Turn,Not Entered,West,Gas,2014,NY,1,4,SUBAR
41505,2014,SUBURBAN,PASSENGER OR SUBURBAN,Making Right Turn,Not Entered,East,Gas,2008,NY,2,4,SUBAR
41506,2015,SUBURBAN,PASSENGER OR SUBURBAN,Making Left Turn,Not Entered,Southwest,Gas,2012,NY,1,4,SUBAR
41507,2015,SUBURBAN,PASSENGER OR SUBURBAN,Making Left Turn,Not Entered,West,Gas,2007,NY,1,4,SUBAR
41508,2015,4 DOOR SEDAN,PASSENGER OR SUBURBAN,Going Straight Ahead,Not Entered,East,Gas,2011,NY,1,4,SUBAR
41509,2015,SUBURBAN,PASSENGER OR SUBURBAN,Making Left Turn,Not Entered,Northeast,Gas,1997,NY,1,4,SUBAR
41510,2015,4 DOOR SEDAN,PASSENGER OR SUBURBAN,Making Left Turn,Not Entered,South,Gas,2011,NY,1,4,SUBAR
41511,2015,SUBURBAN,PASSENGER OR SUBURBAN,Making Left Turn,Not Entered,West,Gas,2014,NY,1,4,SUBAR
41512,2015,SUBURBAN,PASSENGER OR SUBURBAN,Starting in Traffic,Not Entered,North,Gas,2003,NY,1,4,SUBAR
41513,2015,SUBURBAN,PASSENGER OR SUBURBAN,Making Left Turn,Not Entered,Southwest,Gas,1995,NY,1,4,SUBAR
41514,2014,SUBURBAN,PASSENGER OR SUBURBAN,Going Straight Ahead,Not Entered,North,Gas,2014,NY,2,4,SUBAR
41515,2014,SUBURBAN,PASSENGER OR SUBURBAN,Making Left Turn,Not Entered,East,Gas,2001,NY,1,6,SUBAR
41516,2014,SUBURBAN,PASSENGER OR SUBURBAN,Making Right Turn,Not Entered,East,Gas,1999,NY,1,4,SUBAR
41517,2015,4 DOOR SEDAN,PASSENGER OR SUBURBAN,Making Left Turn,Not Entered,East,Gas,2010,NY,1,4,SUBAR
41518,2015,SUBURBAN,PASSENGER OR SUBURBAN,Going Straight Ahead,Not Entered,North,Gas,2013,NY,2,4,SUBAR
41519,2015,4 DOOR SEDAN,PASSENGER OR SUBURBAN,Going Straight Ahead,Not Entered,North,Gas,2004,NY,2,4,SUBAR
41520,2015,4 DOOR SEDAN,PASSENGER OR SUBURBAN,Going Straight Ahead,Not Entered,East,Gas,2011,NY,1,4,SUBAR
41521,2015,SUBURBAN,PASSENGER OR SUBURBAN,Going Straight Ahead,Not Entered,East,Gas,2009,NY,1,4,SUBAR
41522,2015,4 DOOR SEDAN,PASSENGER OR SUBURBAN,Going Straight Ahead,Not Entered,South,Gas,2006,NY,1,4,SUBAR
41523,2015,SUBURBAN,PASSENGER OR SUBURBAN,Merging,Not Entered,West,Gas,2008,NY,1,4,SUBAR
41524,2015,SUBURBAN,PASSENGER OR SUBURBAN,Going Straight Ahead,Not Entered,North,Gas,2004,NY,1,4,SUBAR
41525,2015,SUBURBAN,PASSENGER OR SUBURBAN,Going Straight Ahead,Not Entered,West,Gas,2007,NY,1,4,SUBAR
41526,2015,SUBURBAN,PASSENGER OR SUBURBAN,Slowing or Stopping,Not Entered,Southwest,Gas,2001,NY,1,4,SUBAR
41527,2015,SUBURBAN,PASSENGER OR SUBURBAN,Going Straight Ahead,Not Entered,East,Gas,2013,NY,1,4,SUBAR
41528,2014,SUBURBAN,PASSENGER OR SUBURBAN,Going Straight Ahead,Not Entered,North,Gas,2009,NY,1,6,SUBAR
41529,2014,SUBURBAN,PASSENGER OR SUBURBAN,Going Straight Ahead,Not Entered,West,Gas,2008,NY,1,4,SUBAR
41530,2015,4 DOOR SEDAN,PASSENGER OR SUBURBAN,Making U Turn,Not Entered,Southwest,Gas,2013,NY,1,4,SUBAR
41531,2014,4 DOOR SEDAN,PASSENGER OR SUBURBAN,Going Straight Ahead,Not Entered,East,Gas,2007,NY,1,4,SUBAR
41532,2015,4 DOOR SEDAN,PASSENGER OR SUBURBAN,Going Straight Ahead,Not Entered,West,Gas,2013,NY,1,4,SUBAR
41533,2015,4 DOOR SEDAN,PASSENGER OR SUBURBAN,Slowing or Stopping,Not Entered,South,Gas,2011,NY,1,4,SUBAR
41534,2015,SUBURBAN,SPORTS,Going Straight Ahead,Not Entered,West,Gas,2015,NY,1,4,SUBAR
41535,2015,SUBURBAN,PASSENGER OR SUBURBAN,Overtaking/Passing,Not Entered,North,Gas,2015,NY,2,4,SUBAR
41536,2015,4 DOOR SEDAN,PASSENGER OR SUBURBAN,Going Straight Ahead,Not Entered,South,Gas,2006,NY,1,4,SUBAR
41537,2015,SUBURBAN,PASSENGER OR SUBURBAN,Going Straight Ahead,Not Entered,West,Gas,2012,NY,1,4,SUBAR
41538,2015,SUBURBAN,PASSENGER OR SUBURBAN,Going Straight Ahead,Not Entered,North,Gas,1998,NY,2,4,SUBAR
41539,2015,4 DOOR SEDAN,PASSENGER OR SUBURBAN,Going Straight Ahead,Not Entered,West,Gas,2005,NY,1,4,SUBAR
41540,2015,SUBURBAN,PASSENGER OR SUBURBAN,Going Straight Ahead,Not Entered,North,Gas,2012,NY,1,4,SUBAR
41541,2015,4 DOOR SEDAN,PASSENGER OR SUBURBAN,Going Straight Ahead,Not Entered,West,Gas,2012,NY,1,4,SUBAR
41542,2015,SUBURBAN,PASSENGER OR SUBURBAN,Slowing or Stopping,Not Entered,East,Gas,2011,NY,1,4,SUBAR
41543,2015,SUBURBAN,PASSENGER OR SUBURBAN,Going Straight Ahead,Not Entered,South,Gas,2010,NY,2,4,SUBAR
41544,2015,4 DOOR SEDAN,PASSENGER OR SUBURBAN,Going Straight Ahead,Not Entered,West,Gas,2012,NY,1,4,SUBAR
41545,2015,SUBURBAN,PASSENGER OR SUBURBAN,Stopped in Traffic,Not Entered,East,Gas,2001,NY,3,4,SUBAR
41546,2015,SUBURBAN,PASSENGER OR SUBURBAN,Backing,Not Entered,East,Gas,2012,NY,3,4,SUBAR
41547,2015,SUBURBAN,PASSENGER OR SUBURBAN,Going Straight Ahead,Not Entered,South,Gas,2009,NY,1,4,SUBAR
41548,2015,SUBURBAN,PASSENGER OR SUBURBAN,Stopped in Traffic,Not Entered,North,Gas,2009,NY,1,4,SUBAR
41549,2015,SUBURBAN,PASSENGER OR SUBURBAN,Going Straight Ahead,Not Entered,East,Gas,2012,NY,1,4,SUBAR
41550,2015,4 DOOR SEDAN,PASSENGER OR SUBURBAN,Parked,Not Entered,West,Gas,2012,NY,,4,SUBAR
41551,2015,SUBURBAN,PASSENGER OR SUBURBAN,Stopped in Traffic,Not Entered,East,Gas,2014,NY,4,4,SUBAR
41552,2015,SUBURBAN,PASSENGER OR SUBURBAN,Going Straight Ahead,Not Entered,East,Gas,2002,NY,1,4,SUBAR
41553,2015,SUBURBAN,SPECIAL PASSENGER,Going Straight Ahead,Not Entered,South,Gas,2015,NY,1,4,SUBAR
41554,2015,4 DOOR SEDAN,PASSENGER OR SUBURBAN,Parked,Not Entered,East,Gas,2009,NY,,4,SUBAR
41555,2015,SUBURBAN,PASSENGER OR SUBURBAN,Stopped in Traffic,Not Entered,West,Gas,2012,NY,1,4,SUBAR
41556,2014,4 DOOR SEDAN,PASSENGER OR SUBURBAN,Making Left Turn,Not Entered,Northwest,Gas,2012,NY,1,4,SUBAR
41557,2015,4 DOOR SEDAN,PASSENGER OR SUBURBAN,Slowing or Stopping,Not Entered,East,Gas,2013,NY,1,4,SUBAR
41558,2015,4 DOOR SEDAN,PASSENGER OR SUBURBAN,Backing,Not Entered,North,Gas,2012,NY,1,4,SUBAR
41559,2015,SUBURBAN,SPECIAL PASSENGER,Stopped in Traffic,Not Entered,North,Gas,2015,NY,1,4,SUBAR
41560,2014,SUBURBAN,PASSENGER OR SUBURBAN,Slowing or Stopping,Not Entered,South,Gas,2012,NY,,4,SUBAR
41561,2015,SUBURBAN,PASSENGER OR SUBURBAN,Slowing or Stopping,Not Entered,South,Gas,2015,NY,1,4,SUBAR
41562,2014,SEDAN,PASSENGER OR SUBURBAN,Going Straight Ahead,Not Entered,East,Gas,1996,NY,1,4,SUBAR
41563,2015,4 DOOR SEDAN,PASSENGER OR SUBURBAN,Going Straight Ahead,Not Entered,South,Gas,2005,NY,3,4,SUBAR
41564,2015,SUBURBAN,PASSENGER OR SUBURBAN,Making Right Turn,Not Entered,Southeast,Gas,2013,NY,1,4,SUBAR
41565,2014,SUBURBAN,PASSENGER OR SUBURBAN,Overtaking/Passing,Not Entered,South,Gas,2002,NY,1,4,SUBAR
41566,2015,SUBURBAN,PASSENGER OR SUBURBAN,Making Left Turn,Not Entered,East,Gas,2003,NY,1,4,SUBAR
41567,2015,4 DOOR SEDAN,PASSENGER OR SUBURBAN,Slowing or Stopping,Not Entered,West,Gas,2014,NY,1,4,SUBAR
41568,2014,SUBURBAN,PASSENGER OR SUBURBAN,Going Straight Ahead,Not Entered,South,Gas,2011,NY,1,4,SUBAR
41569,2014,SUBURBAN,PASSENGER OR SUBURBAN,Going Straight Ahead,Not Entered,South,Gas,2008,NY,2,4,SUBAR
41570,2014,SUBURBAN,PASSENGER OR SUBURBAN,Going Straight Ahead,Not Entered,West,Gas,2004,NY,1,4,SUBAR
41571,2014,4 DOOR SEDAN,PASSENGER OR SUBURBAN,Going Straight Ahead,Not Entered,East,Gas,2006,NY,1,4,SUBAR
41572,2014,SUBURBAN,PASSENGER OR SUBURBAN,Slowing or Stopping,Not Entered,East,Gas,2012,NY,1,4,SUBAR
41573,2014,SUBURBAN,PASSENGER OR SUBURBAN,Going Straight Ahead,Not Entered,West,Gas,2011,NY,2,4,SUBAR