Case Num,Year,Vehicle Body Type,Registration Class,Action Prior to Accident,Type / Axles of Truck or Bus,Direction of Travel,Fuel Type,Vehicle Year,State of Registration,Number of Occupants,Engine Cylinders,Vehicle Make
41574,2014,SUBURBAN,PASSENGER OR SUBURBAN,Slowing or Stopping,Not Entered,West,Gas,2003,NY,1,4,SUBAR
41575,2015,SUBURBAN,PASSENGER OR SUBURBAN,Going Straight Ahead,Not Entered,West,Gas,2013,NY,1,4,SUBAR
41576,2015,4 DOOR SEDAN,PASSENGER OR SUBURBAN,Slowing or Stopping,Not Entered,East,Gas,2012,NY,1,4,SUBAR
41577,2015,SUBURBAN,PASSENGER OR SUBURBAN,Going Straight Ahead,Not Entered,East,Gas,2014,NY,1,4,SUBAR
41578,2015,2 DOOR SEDAN,PASSENGER OR SUBURBAN,Going Straight Ahead,Not Entered,West,Gas,2013,NY,2,4,SUBAR
41579,2015,SUBURBAN,PASSENGER OR SUBURBAN,Going Straight Ahead,Not Entered,West,Gas,2004,NY,1,4,SUBAR
41580,2015,SUBURBAN,PASSENGER OR SUBURBAN,Making Left Turn,Not Entered,South,Gas,2005,NY,1,4,SUBAR
41581,2015,4 DOOR SEDAN,PASSENGER OR SUBURBAN,Changing Lanes,Not Entered,South,Gas,2014,NY,1,4,SUBAR
41582,2015,SUBURBAN,PASSENGER OR SUBURBAN,Changing Lanes,Not Entered,North,Gas,2013,NY,4,4,SUBAR
41583,2015,SUBURBAN,PASSENGER OR SUBURBAN,Changing Lanes,Not Entered,East,Gas,2015,NY,1,4,SUBAR
41584,2015,4 DOOR SEDAN,PASSENGER OR SUBURBAN,Starting from Parking,Not Entered,East,Gas,2011,NY,1,4,SUBAR
41585,2015,SUBURBAN,PASSENGER OR SUBURBAN,Going Straight Ahead,Not Entered,Southwest,Gas,2004,NY,4,4,SUBAR
41586,2015,SUBURBAN,PASSENGER OR SUBURBAN,Slowing or Stopping,Not Entered,South,Gas,2011,NY,1,6,SUBAR
41587,2014,SUBURBAN,PASSENGER OR SUBURBAN,Going Straight Ahead,Not Entered,East,Gas,2010,NY,1,4,SUBAR
41588,2014,SUBURBAN,PASSENGER OR SUBURBAN,Going Straight Ahead,Not Entered,Northeast,Gas,2008,NY,1,4,SUBAR
41589,2014,4 DOOR SEDAN,PASSENGER OR SUBURBAN,Making Right Turn,Not Entered,East,Gas,2003,NY,1,6,SUBAR
41590,2015,SUBURBAN,PASSENGER OR SUBURBAN,Merging,Not Entered,West,Gas,2008,NY,1,4,SUBAR
41591,2014,4 DOOR SEDAN,PASSENGER OR SUBURBAN,Going Straight Ahead,Not Entered,East,Gas,1999,NY,1,4,SUBAR
41592,2015,SUBURBAN,Not Entered,Going Straight Ahead,Not Entered,West,Not Entered,2010,NY,1,,SUZUK
41593,2015,4 DOOR SEDAN,Not Entered,Going Straight Ahead,Not Entered,North,Not Entered,2008,NY,1,,SUZUK
41594,2015,MOTORCYCLE,Not Entered,Going Straight Ahead,Not Entered,North,Not Entered,2000,UN,1,,SUZUK
41595,2015,4 DOOR SEDAN,PASSENGER OR SUBURBAN,Going Straight Ahead,Not Entered,South,Gas,2009,NY,1,4,SUZUK
41596,2015,MOTORCYCLE,MOTORCYCLE,Going Straight Ahead,Not Entered,South,Gas,2005,NY,1,4,SUZUK
41597,2015,SUBURBAN,PASSENGER OR SUBURBAN,Backing,Not Entered,West,Gas,2008,NY,2,4,SUZUK
41598,2015,4 DOOR SEDAN,PASSENGER OR SUBURBAN,Going Straight Ahead,Not Entered,East,Gas,2007,NY,1,4,SUZUK
41599,2015,4 DOOR SEDAN,PASSENGER OR SUBURBAN,Parked,Not Entered,North,Gas,2005,NY,1,6,SUZUK
41600,2015,4 DOOR SEDAN,PASSENGER OR SUBURBAN,Going Straight Ahead,Not Entered,East,Gas,2004,NY,1,6,SUZUK
41601,2015,SUBURBAN,PASSENGER OR SUBURBAN,Going Straight Ahead,Not Entered,East,Gas,2008,NY,2,6,SUZUK
41602,2015,MOTORCYCLE,MOTORCYCLE,Going Straight Ahead,Not Entered,West,Gas,2003,NY,1,4,SUZUK
41603,2015,4 DOOR SEDAN,PASSENGER OR SUBURBAN,Going Straight Ahead,Not Entered,South,Gas,2005,NY,1,4,SUZUK
41604,2015,4 DOOR SEDAN,PASSENGER OR SUBURBAN,Going Straight Ahead,Not Entered,North,Gas,2002,NY,1,4,SUZUK
41605,2015,MOTORCYCLE,MOTORCYCLE,Going Straight Ahead,Not Entered,North,Gas,2003,NY,1,2,SUZUK
41606,2014,SUBURBAN,PASSENGER OR SUBURBAN,Going Straight Ahead,Not Entered,North,Gas,2006,NY,1,6,SUZUK
41607,2015,4 DOOR SEDAN,PASSENGER OR SUBURBAN,Slowing or Stopping,Not Entered,West,Gas,2013,NY,2,4,SUZUK
41608,2015,4 DOOR SEDAN,PASSENGER OR SUBURBAN,Going Straight Ahead,Not Entered,South,Gas,2008,NY,1,4,SUZUK
41609,2014,4 DOOR SEDAN,PASSENGER OR SUBURBAN,Making Left Turn,Not Entered,Southeast,Gas,2006,NY,3,4,SUZUK
41610,2014,4 DOOR SEDAN,PASSENGER OR SUBURBAN,Making Left Turn,Not Entered,Northwest,Gas,2004,NY,1,4,SUZUK
41611,2015,MOTORCYCLE,MOTORCYCLE,Going Straight Ahead,Not Entered,North,Gas,2008,NY,1,4,SUZUK
41612,2014,4 DOOR SEDAN,PASSENGER OR SUBURBAN,Going Straight Ahead,Not Entered,North,Gas,2011,NY,1,4,SUZUK
41613,2014,SUBURBAN,PASSENGER OR SUBURBAN,Going Straight Ahead,Not Entered,East,Gas,2001,NY,2,6,SUZUK
41614,2015,SUBURBAN,PASSENGER OR SUBURBAN,Making Left Turn,Not Entered,South,Gas,2003,NY,1,6,SUZUK
41615,2015,2 DOOR SEDAN,Not Entered,Stopped in Traffic,Not Entered,South,Not Entered,2010,NJ,1,,TOYOT
41616,2015,4 DOOR SEDAN,PASSENGER OR SUBURBAN,Changing Lanes,Not Entered,North,Gas,2013,NY,1,4,TOYOT
41617,2015,4 DOOR SEDAN,OMNIBUS - TAXI,Going Straight Ahead,Not Entered,West,Gas,2012,NY,1,4,TOYOT
41618,2015,4 DOOR SEDAN,PASSENGER OR SUBURBAN,Going Straight Ahead,Not Entered,North,Gas,2007,NY,1,4,TOYOT
41619,2015,4 DOOR SEDAN,PASSENGER OR SUBURBAN,Going Straight Ahead,Not Entered,North,Gas,2003,NY,1,4,TOYOT
41620,2015,SUBURBAN,PASSENGER OR SUBURBAN,Going Straight Ahead,Not Entered,North,Gas,2006,NY,1,4,TOYOT
41621,2015,PICKUP TRUCK,PASSENGER OR SUBURBAN,Going Straight Ahead,Not Entered,East,Gas,2008,NY,1,8,TOYOT
41622,2015,PICKUP TRUCK,PASSENGER OR SUBURBAN,Going Straight Ahead,Not Entered,West,Gas,2007,NY,2,8,TOYOT
41623,2015,4 DOOR SEDAN,PASSENGER OR SUBURBAN,Going Straight Ahead,Not Entered,East,Gas,2014,NY,1,4,TOYOT
41624,2015,PICKUP TRUCK,PASSENGER OR SUBURBAN,Going Straight Ahead,Not Entered,North,Gas,2013,NY,1,6,TOYOT
41625,2015,4 DOOR SEDAN,PASSENGER OR SUBURBAN,Going Straight Ahead,Not Entered,West,Gas,2006,NY,2,4,TOYOT
41626,2015,4 DOOR SEDAN,PASSENGER OR SUBURBAN,Going Straight Ahead,Not Entered,South,Gas,2007,NY,5,4,TOYOT
41627,2015,SUBURBAN,PASSENGER OR SUBURBAN,Going Straight Ahead,Not Entered,North,Gas,2009,NY,1,4,TOYOT
41628,2015,SUBURBAN,PASSENGER OR SUBURBAN,Going Straight Ahead,Not Entered,South,Gas,2008,NY,1,6,TOYOT
41629,2015,4 DOOR SEDAN,PASSENGER OR SUBURBAN,Going Straight Ahead,Not Entered,Northwest,Gas,2002,NY,1,4,TOYOT
41630,2015,PICKUP TRUCK,PASSENGER OR SUBURBAN,Going Straight Ahead,Not Entered,East,Gas,2001,NY,1,4,TOYOT
41631,2015,PICKUP TRUCK,PASSENGER OR SUBURBAN,Going Straight Ahead,Not Entered,West,Gas,2006,NY,1,6,TOYOT
41632,2015,PICKUP TRUCK,PASSENGER OR SUBURBAN,Going Straight Ahead,Not Entered,Southwest,Gas,2009,NY,1,4,TOYOT
41633,2015,PICKUP TRUCK,COMMERCIAL,Going Straight Ahead,Not Entered,North,Gas,2014,NY,1,6,TOYOT
41634,2015,PICKUP TRUCK,PASSENGER OR SUBURBAN,Starting in Traffic,Not Entered,South,Gas,2013,NY,1,6,TOYOT
41635,2015,4 DOOR SEDAN,PASSENGER OR SUBURBAN,Going Straight Ahead,Not Entered,East,Gas,2004,NY,1,4,TOYOT
41636,2015,4 DOOR SEDAN,PASSENGER OR SUBURBAN,Going Straight Ahead,Not Entered,East,Gas,2014,NY,1,4,TOYOT
41637,2015,4 DOOR SEDAN,PASSENGER OR SUBURBAN,Going Straight Ahead,Not Entered,East,Gas,2010,NY,1,4,TOYOT
41638,2015,4 DOOR SEDAN,PASSENGER OR SUBURBAN,Going Straight Ahead,Not Entered,East,Gas,2014,NY,2,4,TOYOT
41639,2015,SUBURBAN,PASSENGER OR SUBURBAN,Going Straight Ahead,Not Entered,West,Gas,2012,NY,3,6,TOYOT
41640,2015,4 DOOR SEDAN,PASSENGER OR SUBURBAN,Going Straight Ahead,Not Entered,East,Gas,2006,NY,1,4,TOYOT
41641,2015,4 DOOR SEDAN,PASSENGER OR SUBURBAN,Going Straight Ahead,Not Entered,West,Gas,2008,NY,1,4,TOYOT
41642,2015,4 DOOR SEDAN,PASSENGER OR SUBURBAN,Going Straight Ahead,Not Entered,South,Gas,2009,NY,1,4,TOYOT
41643,2015,SUBURBAN,PASSENGER OR SUBURBAN,Going Straight Ahead,Not Entered,South,Gas,2012,NY,2,6,TOYOT
41644,2015,PICKUP TRUCK,COMMERCIAL,Going Straight Ahead,Not Entered,North,Gas,2014,NY,1,8,TOYOT
41645,2014,4 DOOR SEDAN,PASSENGER OR SUBURBAN,Going Straight Ahead,Not Entered,West,Gas,2007,NY,1,4,TOYOT
41646,2014,4 DOOR SEDAN,PASSENGER OR SUBURBAN,Going Straight Ahead,Not Entered,East,Gas,2006,NY,1,4,TOYOT
41647,2014,4 DOOR SEDAN,PASSENGER OR SUBURBAN,Going Straight Ahead,Not Entered,West,Gas,2006,NY,1,4,TOYOT
41648,2014,PICKUP TRUCK,AGRICULTURAL TRUCK,Going Straight Ahead,Not Entered,East,Gas,2013,NY,1,8,TOYOT
41649,2014,SUBURBAN,PASSENGER OR SUBURBAN,Going Straight Ahead,Not Entered,West,Gas,2013,NY,4,6,TOYOT
41650,2015,4 DOOR SEDAN,PASSENGER OR SUBURBAN,Backing,Not Entered,North,Gas,2002,NY,2,6,TOYOT
41651,2015,4 DOOR SEDAN,PASSENGER OR SUBURBAN,Backing,Not Entered,East,Gas,2015,NY,2,4,TOYOT
41652,2015,VAN TRUCK,OMNIBUS - TAXI,Backing,Not Entered,South,Gas,2009,NY,1,6,TOYOT
41653,2015,4 DOOR SEDAN,PASSENGER OR SUBURBAN,Going Straight Ahead,Not Entered,North,Gas,1995,NY,1,4,TOYOT
41654,2014,4 DOOR SEDAN,SPECIAL PASSENGER,Going Straight Ahead,Not Entered,South,Gas,2008,NY,1,4,TOYOT
41655,2014,4 DOOR SEDAN,PASSENGER OR SUBURBAN,Slowing or Stopping,Not Entered,South,Gas,2007,NY,1,4,TOYOT
41656,2014,SUBURBAN,PASSENGER OR SUBURBAN,Going Straight Ahead,Not Entered,West,Gas,2014,NY,1,4,TOYOT
41657,2015,2 DOOR SEDAN,PASSENGER OR SUBURBAN,Going Straight Ahead,Not Entered,South,Gas,2005,NY,1,4,TOYOT
41658,2015,4 DOOR SEDAN,PASSENGER OR SUBURBAN,Slowing or Stopping,Not Entered,West,Gas,2003,NY,2,4,TOYOT
41659,2015,4 DOOR SEDAN,PASSENGER OR SUBURBAN,Backing,Not Entered,Unknown,Gas,2010,NY,3,4,TOYOT
41660,2015,4 DOOR SEDAN,PASSENGER OR SUBURBAN,Stopped in Traffic,Not Entered,North,Gas,2004,NY,1,6,TOYOT
41661,2015,4 DOOR SEDAN,PASSENGER OR SUBURBAN,Backing,Not Entered,East,Gas,2011,NY,3,4,TOYOT
41662,2015,SUBURBAN,PASSENGER OR SUBURBAN,Entering Parked Position,Not Entered,East,Gas,1996,NY,2,6,TOYOT
41663,2015,4 DOOR SEDAN,PASSENGER OR SUBURBAN,Going Straight Ahead,Not Entered,West,Gas,2003,NY,1,4,TOYOT
41664,2015,2 DOOR SEDAN,PASSENGER OR SUBURBAN,Changing Lanes,Not Entered,South,Gas,1990,NY,1,4,TOYOT
41665,2015,4 DOOR SEDAN,PASSENGER OR SUBURBAN,Going Straight Ahead,Not Entered,South,Gas,2007,NY,1,4,TOYOT
41666,2015,SUBURBAN,PASSENGER OR SUBURBAN,Going Straight Ahead,Not Entered,East,Gas,2011,NY,1,4,TOYOT
41667,2015,4 DOOR SEDAN,OMNIBUS - TAXI,Making Left Turn,Not Entered,Northeast,Gas,2013,NY,,4,TOYOT
41668,2015,4 DOOR SEDAN,PASSENGER OR SUBURBAN,Changing Lanes,Not Entered,South,Gas,2011,NY,1,4,TOYOT
41669,2015,SUBURBAN,PASSENGER OR SUBURBAN,Going Straight Ahead,Not Entered,West,Gas,2013,NY,2,4,TOYOT
41670,2015,SUBURBAN,PASSENGER OR SUBURBAN,Going Straight Ahead,Not Entered,North,Gas,2007,NY,1,4,TOYOT
41671,2015,SUBURBAN,PASSENGER OR SUBURBAN,Going Straight Ahead,Not Entered,East,Gas,2014,NY,3,6,TOYOT
41672,2015,SUBURBAN,PASSENGER OR SUBURBAN,Going Straight Ahead,Not Entered,South,Gas,2011,NY,,4,TOYOT
41673,2015,SUBURBAN,PASSENGER OR SUBURBAN,Going Straight Ahead,Not Entered,West,Gas,2015,NY,4,6,TOYOT
41674,2015,TAXI,OMNIBUS - TAXI,Going Straight Ahead,Not Entered,North,Gas,2014,NY,1,4,TOYOT
41675,2015,4 DOOR SEDAN,PASSENGER OR SUBURBAN,Going Straight Ahead,Not Entered,South,Gas,2006,NY,1,4,TOYOT
41676,2015,SUBURBAN,PASSENGER OR SUBURBAN,Backing,Not Entered,North,Gas,2000,NY,1,8,TOYOT
41677,2015,4 DOOR SEDAN,PASSENGER OR SUBURBAN,Starting from Parking,Not Entered,South,Gas,1999,NY,1,4,TOYOT
41678,2015,SUBURBAN,PASSENGER OR SUBURBAN,Going Straight Ahead,Not Entered,South,Gas,2008,NY,1,4,TOYOT
41679,2015,SUBURBAN,PASSENGER OR SUBURBAN,Entering Parked Position,Not Entered,South,Gas,2014,NY,1,4,TOYOT
41680,2015,4 DOOR SEDAN,PASSENGER OR SUBURBAN,Going Straight Ahead,Not Entered,East,Gas,2003,NY,1,6,TOYOT
41681,2015,4 DOOR SEDAN,PASSENGER OR SUBURBAN,Stopped in Traffic,Not Entered,South,Gas,2005,NY,1,4,TOYOT
41682,2015,4 DOOR SEDAN,PASSENGER OR SUBURBAN,Going Straight Ahead,Not Entered,West,Gas,2006,NY,1,4,TOYOT
41683,2015,4 DOOR SEDAN,PASSENGER OR SUBURBAN,Slowing or Stopping,Not Entered,North,Gas,2013,NY,1,4,TOYOT
41684,2015,4 DOOR SEDAN,PASSENGER OR SUBURBAN,Going Straight Ahead,Not Entered,East,Gas,2003,NY,1,4,TOYOT
41685,2015,4 DOOR SEDAN,PASSENGER OR SUBURBAN,Going Straight Ahead,Not Entered,North,Gas,2004,NY,2,4,TOYOT
41686,2015,4 DOOR SEDAN,PASSENGER OR SUBURBAN,Slowing or Stopping,Not Entered,East,Gas,2008,NY,1,4,TOYOT
41687,2015,SUBURBAN,PASSENGER OR SUBURBAN,Going Straight Ahead,Not Entered,West,Gas,2012,NY,1,6,TOYOT
41688,2015,SUBURBAN,OMNIBUS - TAXI,Going Straight Ahead,Not Entered,West,Gas,2015,NY,,4,TOYOT
41689,2015,PICKUP TRUCK,PASSENGER OR SUBURBAN,Going Straight Ahead,Not Entered,South,Gas,2013,NY,1,6,TOYOT
41690,2015,4 DOOR SEDAN,PASSENGER OR SUBURBAN,Going Straight Ahead,Not Entered,South,Gas,2014,NY,1,4,TOYOT
41691,2015,4 DOOR SEDAN,PASSENGER OR SUBURBAN,Going Straight Ahead,Not Entered,East,Gas,2015,NY,1,4,TOYOT
41692,2015,4 DOOR SEDAN,PASSENGER OR SUBURBAN,Making Left Turn,Not Entered,Northwest,Gas,2014,NY,1,4,TOYOT
41693,2015,SUBURBAN,PASSENGER OR SUBURBAN,Changing Lanes,Not Entered,West,Gas,2003,NY,1,6,TOYOT
41694,2015,4 DOOR SEDAN,OMNIBUS - TAXI,Making Left Turn,Not Entered,Northeast,Gas,2008,NY,1,4,TOYOT
41695,2015,SUBURBAN,PASSENGER OR SUBURBAN,Backing,Not Entered,Northwest,Gas,2013,NY,1,4,TOYOT
41696,2015,2 DOOR SEDAN,PASSENGER OR SUBURBAN,Going Straight Ahead,Not Entered,South,Gas,2006,NY,1,4,TOYOT
41697,2015,4 DOOR SEDAN,OMNIBUS - TAXI,Making Right Turn,Not Entered,Northeast,Gas,2011,NY,1,4,TOYOT
41698,2014,4 DOOR SEDAN,PASSENGER OR SUBURBAN,Backing,Not Entered,North,Gas,1998,NY,3,4,TOYOT
41699,2014,SUBURBAN,PASSENGER OR SUBURBAN,Going Straight Ahead,Not Entered,East,Gas,2013,NY,2,6,TOYOT
41700,2014,2 DOOR SEDAN,PASSENGER OR SUBURBAN,Going Straight Ahead,Not Entered,West,Gas,2013,NY,1,4,TOYOT
41701,2014,SUBURBAN,PASSENGER OR SUBURBAN,Starting in Traffic,Not Entered,North,Gas,2012,NY,1,6,TOYOT
41702,2014,4 DOOR SEDAN,PASSENGER OR SUBURBAN,Making Left Turn,Not Entered,West,Gas,2013,NY,1,4,TOYOT
41703,2014,4 DOOR SEDAN,OMNIBUS - TAXI,Going Straight Ahead,Not Entered,North,Gas,2007,NY,1,4,TOYOT
41704,2014,4 DOOR SEDAN,PASSENGER OR SUBURBAN,Going Straight Ahead,Not Entered,South,Gas,2006,NY,1,4,TOYOT
41705,2014,2 DOOR SEDAN,PASSENGER OR SUBURBAN,Going Straight Ahead,Not Entered,East,Gas,2006,NY,1,4,TOYOT
41706,2014,SUBURBAN,PASSENGER OR SUBURBAN,Going Straight Ahead,Not Entered,North,Gas,2005,NY,1,6,TOYOT
41707,2014,4 DOOR SEDAN,PASSENGER OR SUBURBAN,Going Straight Ahead,Not Entered,North,Gas,2014,NY,1,4,TOYOT
41708,2014,4 DOOR SEDAN,PASSENGER OR SUBURBAN,Making Left Turn,Not Entered,East,Gas,1998,NY,1,4,TOYOT
41709,2015,4 DOOR SEDAN,PASSENGER OR SUBURBAN,Making U Turn,Not Entered,Southeast,Gas,2015,NY,1,4,TOYOT
41710,2015,4 DOOR SEDAN,PASSENGER OR SUBURBAN,Making Left Turn,Not Entered,West,Gas,1998,NY,1,6,TOYOT
41711,2014,4 DOOR SEDAN,PASSENGER OR SUBURBAN,Going Straight Ahead,Not Entered,South,Gas,2011,NY,1,4,TOYOT
41712,2014,4 DOOR SEDAN,PASSENGER OR SUBURBAN,Going Straight Ahead,Not Entered,Northeast,Gas,2004,NY,1,4,TOYOT
41713,2015,4 DOOR SEDAN,PASSENGER OR SUBURBAN,Going Straight Ahead,Not Entered,West,Gas,2014,NY,1,6,TOYOT
41714,2015,4 DOOR SEDAN,PASSENGER OR SUBURBAN,Going Straight Ahead,Not Entered,North,Gas,2014,NY,1,4,TOYOT
41715,2015,PICKUP TRUCK,PASSENGER OR SUBURBAN,Going Straight Ahead,Not Entered,South,Gas,2004,NY,1,6,TOYOT
41716,2015,SUBURBAN,PASSENGER OR SUBURBAN,Merging,Not Entered,South,Gas,2009,NY,3,6,TOYOT
41717,2015,4 DOOR SEDAN,PASSENGER OR SUBURBAN,Going Straight Ahead,Not Entered,North,Gas,2005,NY,1,4,TOYOT
41718,2014,4 DOOR SEDAN,PASSENGER OR SUBURBAN,Making Right Turn,Not Entered,North,Gas,1996,NY,1,6,TOYOT
41719,2014,PICKUP TRUCK,AGRICULTURAL TRUCK,Going Straight Ahead,Not Entered,North,Gas,2011,NY,1,8,TOYOT
41720,2015,2 DOOR SEDAN,PASSENGER OR SUBURBAN,Going Straight Ahead,Not Entered,North,Gas,2007,NY,1,4,TOYOT
41721,2015,SUBURBAN,PASSENGER OR SUBURBAN,Changing Lanes,Not Entered,West,Gas,2009,NY,1,6,TOYOT
41722,2015,4 DOOR SEDAN,PASSENGER OR SUBURBAN,Going Straight Ahead,Not Entered,East,Gas,2008,NY,1,4,TOYOT
41723,2015,SUBURBAN,PASSENGER OR SUBURBAN,Making Left Turn,Not Entered,Southeast,Gas,2005,NY,2,4,TOYOT
41724,2015,PICKUP TRUCK,PASSENGER OR SUBURBAN,Going Straight Ahead,Not Entered,West,Gas,2007,NY,2,8,TOYOT
41725,2015,SUBURBAN,PASSENGER OR SUBURBAN,Merging,Not Entered,West,Gas,2014,NY,1,6,TOYOT
41726,2015,4 DOOR SEDAN,PASSENGER OR SUBURBAN,Making Right Turn,Not Entered,South,Gas,2010,NY,1,6,TOYOT
41727,2015,2 DOOR SEDAN,PASSENGER OR SUBURBAN,Going Straight Ahead,Not Entered,East,Gas,1994,NY,1,4,TOYOT
41728,2015,4 DOOR SEDAN,PASSENGER OR SUBURBAN,Starting in Traffic,Not Entered,East,Gas,2004,NY,1,6,TOYOT
41729,2015,4 DOOR SEDAN,PASSENGER OR SUBURBAN,Merging,Not Entered,Southeast,Gas,2009,NY,5,4,TOYOT
41730,2015,4 DOOR SEDAN,PASSENGER OR SUBURBAN,Making Left Turn,Not Entered,East,Gas,2010,NY,1,4,TOYOT
41731,2015,SUBURBAN,PASSENGER OR SUBURBAN,Making Left Turn,Not Entered,Southwest,Gas,2014,NY,1,4,TOYOT
41732,2015,PICKUP TRUCK,COMMERCIAL,Going Straight Ahead,Not Entered,East,Gas,2015,NY,1,4,TOYOT
41733,2015,4 DOOR SEDAN,PASSENGER OR SUBURBAN,Going Straight Ahead,Not Entered,South,Gas,2014,NY,1,4,TOYOT
41734,2015,4 DOOR SEDAN,PASSENGER OR SUBURBAN,Making Right Turn,Not Entered,Southeast,Gas,2015,NY,1,6,TOYOT
41735,2015,SUBURBAN,PASSENGER OR SUBURBAN,Making Left Turn,Not Entered,Southeast,Gas,2008,NY,1,6,TOYOT
41736,2015,4 DOOR SEDAN,OMNIBUS - TAXI,Going Straight Ahead,Not Entered,South,Gas,2013,NY,5,4,TOYOT
41737,2015,4 DOOR SEDAN,PASSENGER OR SUBURBAN,Making Left Turn,Not Entered,North,Gas,2005,NY,1,4,TOYOT
41738,2015,TAXI,OMNIBUS - TAXI,Starting from Parking,Not Entered,South,Gas,2013,NY,,4,TOYOT
41739,2015,SUBURBAN,PASSENGER OR SUBURBAN,Making Left Turn,Not Entered,Southeast,Gas,2010,NY,1,6,TOYOT
41740,2015,SUBURBAN,PASSENGER OR SUBURBAN,Making Right Turn,Not Entered,Northeast,Gas,2004,NY,1,6,TOYOT
41741,2015,PICKUP TRUCK,COMMERCIAL,Making Left Turn,Not Entered,North,Gas,2015,NY,1,8,TOYOT
41742,2015,4 DOOR SEDAN,PASSENGER OR SUBURBAN,Making Left Turn,Not Entered,East,Gas,2012,NY,4,4,TOYOT
41743,2015,4 DOOR SEDAN,PASSENGER OR SUBURBAN,Making Right Turn,Not Entered,Northeast,Gas,2004,NY,1,4,TOYOT
41744,2015,4 DOOR SEDAN,PASSENGER OR SUBURBAN,Making Left Turn,Not Entered,South,Gas,2003,NY,3,4,TOYOT
41745,2015,SUBURBAN,PASSENGER OR SUBURBAN,Starting in Traffic,Not Entered,East,Gas,2013,NY,4,6,TOYOT
41746,2015,4 DOOR SEDAN,PASSENGER OR SUBURBAN,Making Left Turn,Not Entered,Southwest,Gas,2011,NY,2,4,TOYOT
41747,2015,SUBURBAN,PASSENGER OR SUBURBAN,Making Left Turn,Not Entered,Northwest,Gas,2013,NY,1,6,TOYOT
41748,2015,4 DOOR SEDAN,PASSENGER OR SUBURBAN,Making Left Turn,Not Entered,West,Gas,2006,NY,1,4,TOYOT
41749,2015,SUBURBAN,SPECIAL PASSENGER,Making Left Turn,Not Entered,North,Gas,2003,NY,1,6,TOYOT
41750,2015,4 DOOR SEDAN,OMNIBUS - TAXI,Making Right Turn,Not Entered,North,Gas,2007,NY,1,4,TOYOT
41751,2015,TAXI,OMNIBUS - TAXI,Making Left Turn,Not Entered,Southwest,Gas,2015,NY,3,4,TOYOT
41752,2015,TAXI,OMNIBUS - TAXI,Making Left Turn,Not Entered,West,Gas,2014,NY,1,4,TOYOT
41753,2015,4 DOOR SEDAN,PASSENGER OR SUBURBAN,Going Straight Ahead,Not Entered,South,Gas,2006,NY,1,4,TOYOT
41754,2015,4 DOOR SEDAN,PASSENGER OR SUBURBAN,Going Straight Ahead,Not Entered,North,Gas,2002,NY,1,4,TOYOT
41755,2014,4 DOOR SEDAN,PASSENGER OR SUBURBAN,Making Left Turn,Not Entered,West,Gas,2010,NY,1,4,TOYOT
41756,2014,SUBURBAN,PASSENGER OR SUBURBAN,Making Left Turn,Not Entered,West,Gas,2004,NY,2,6,TOYOT
41757,2014,4 DOOR SEDAN,PASSENGER OR SUBURBAN,Going Straight Ahead,Not Entered,North,Gas,1997,NY,1,4,TOYOT
41758,2014,4 DOOR SEDAN,PASSENGER OR SUBURBAN,Making Left Turn,Not Entered,North,Gas,2002,NY,2,4,TOYOT
41759,2014,4 DOOR SEDAN,PASSENGER OR SUBURBAN,Making Left Turn,Not Entered,North,Gas,2013,NY,1,4,TOYOT
41760,2014,4 DOOR SEDAN,PASSENGER OR SUBURBAN,Backing,Not Entered,North,Gas,1999,NY,1,4,TOYOT
41761,2014,2 DOOR SEDAN,PASSENGER OR SUBURBAN,Making Left Turn,Not Entered,South,Gas,2001,NY,1,6,TOYOT
41762,2015,4 DOOR SEDAN,PASSENGER OR SUBURBAN,Going Straight Ahead,Not Entered,North,Gas,2006,NY,1,4,TOYOT
41763,2015,SUBURBAN,PASSENGER OR SUBURBAN,Backing,Not Entered,Southwest,Gas,2014,NY,1,4,TOYOT
41764,2015,SUBURBAN,PASSENGER OR SUBURBAN,Going Straight Ahead,Not Entered,South,Gas,2004,NY,1,4,TOYOT
41765,2014,4 DOOR SEDAN,PASSENGER OR SUBURBAN,Going Straight Ahead,Not Entered,South,Gas,2010,NY,1,4,TOYOT
41766,2014,4 DOOR SEDAN,PASSENGER OR SUBURBAN,Going Straight Ahead,Not Entered,North,Gas,2004,NY,1,4,TOYOT
41767,2015,4 DOOR SEDAN,PASSENGER OR SUBURBAN,Going Straight Ahead,Not Entered,North,Gas,2002,NY,1,4,TOYOT
41768,2015,4 DOOR SEDAN,PASSENGER OR SUBURBAN,Going Straight Ahead,Not Entered,South,Gas,2010,NY,1,4,TOYOT
41769,2015,SUBURBAN,SPECIAL PASSENGER,Going Straight Ahead,Not Entered,East,Gas,2000,NY,1,8,TOYOT