Case Num,Year,Vehicle Body Type,Registration Class,Action Prior to Accident,Type / Axles of Truck or Bus,Direction of Travel,Fuel Type,Vehicle Year,State of Registration,Number of Occupants,Engine Cylinders,Vehicle Make
41965,2015,SUBURBAN,PASSENGER OR SUBURBAN,Making Left Turn,Not Entered,Northeast,Gas,1994,NY,2,6,TOYOT
41966,2015,TAXI,OMNIBUS - TAXI,Other,Not Entered,Unknown,Gas,2014,NY,,4,TOYOT
41967,2015,2 DOOR SEDAN,PASSENGER OR SUBURBAN,Going Straight Ahead,Not Entered,West,Gas,2012,NY,2,4,TOYOT
41968,2015,SUBURBAN,PASSENGER OR SUBURBAN,Going Straight Ahead,Not Entered,South,Gas,2013,NY,1,4,TOYOT
41969,2015,4 DOOR SEDAN,PASSENGER OR SUBURBAN,Going Straight Ahead,Not Entered,West,Gas,2005,NY,2,4,TOYOT
41970,2015,4 DOOR SEDAN,PASSENGER OR SUBURBAN,Going Straight Ahead,Not Entered,East,Gas,2008,NY,2,4,TOYOT
41971,2015,4 DOOR SEDAN,PASSENGER OR SUBURBAN,Going Straight Ahead,Not Entered,East,Gas,2012,NY,2,4,TOYOT
41972,2015,SUBURBAN,PASSENGER OR SUBURBAN,Going Straight Ahead,Not Entered,East,Gas,1999,NY,1,6,TOYOT
41973,2015,SUBURBAN,OMNIBUS - TAXI,Going Straight Ahead,Not Entered,North,Gas,2012,NY,1,4,TOYOT
41974,2015,SUBURBAN,PASSENGER OR SUBURBAN,Going Straight Ahead,Not Entered,North,Gas,2004,NY,4,6,TOYOT
41975,2015,TAXI,OMNIBUS - TAXI,Going Straight Ahead,Not Entered,North,Gas,2014,NY,2,4,TOYOT
41976,2015,4 DOOR SEDAN,PASSENGER OR SUBURBAN,Going Straight Ahead,Not Entered,East,Gas,2011,NY,1,4,TOYOT
41977,2014,4 DOOR SEDAN,PASSENGER OR SUBURBAN,Going Straight Ahead,Not Entered,East,Gas,2002,NY,1,4,TOYOT
41978,2014,4 DOOR SEDAN,PASSENGER OR SUBURBAN,Making Left Turn,Not Entered,Northwest,Gas,1994,NY,1,6,TOYOT
41979,2014,2 DOOR SEDAN,PASSENGER OR SUBURBAN,Going Straight Ahead,Not Entered,South,Gas,2012,NY,1,4,TOYOT
41980,2014,4 DOOR SEDAN,PASSENGER OR SUBURBAN,Going Straight Ahead,Not Entered,South,Gas,1997,NY,2,4,TOYOT
41981,2015,4 DOOR SEDAN,PASSENGER OR SUBURBAN,Changing Lanes,Not Entered,South,Gas,2005,NY,1,4,TOYOT
41982,2015,4 DOOR SEDAN,PASSENGER OR SUBURBAN,Making Left Turn,Not Entered,West,Gas,2002,NY,1,4,TOYOT
41983,2015,SUBURBAN,PASSENGER OR SUBURBAN,Making Left Turn,Not Entered,West,Gas,2008,NY,1,6,TOYOT
41984,2015,SUBURBAN,PASSENGER OR SUBURBAN,Making Left Turn,Not Entered,Northeast,Gas,2014,NY,1,4,TOYOT
41985,2015,SUBURBAN,PASSENGER OR SUBURBAN,Making Left Turn,Not Entered,Southwest,Gas,2010,NY,2,4,TOYOT
41986,2015,4 DOOR SEDAN,PASSENGER OR SUBURBAN,Making Left Turn,Not Entered,Southwest,Gas,2003,NY,1,4,TOYOT
41987,2015,4 DOOR SEDAN,PASSENGER OR SUBURBAN,Making Right Turn,Not Entered,Northeast,Gas,2012,NY,1,4,TOYOT
41988,2015,SUBURBAN,PASSENGER OR SUBURBAN,Making Left Turn,Not Entered,North,Gas,2009,NY,2,4,TOYOT
41989,2015,SUBURBAN,PASSENGER OR SUBURBAN,Stopped in Traffic,Not Entered,Northwest,Gas,2004,NY,1,6,TOYOT
41990,2015,4 DOOR SEDAN,PASSENGER OR SUBURBAN,Making Left Turn,Not Entered,South,Gas,2011,NY,1,4,TOYOT
41991,2015,4 DOOR SEDAN,PASSENGER OR SUBURBAN,Making U Turn,Not Entered,South,Gas,2007,NY,2,4,TOYOT
41992,2015,4 DOOR SEDAN,PASSENGER OR SUBURBAN,Making Left Turn,Not Entered,West,Gas,1998,NY,1,4,TOYOT
41993,2015,4 DOOR SEDAN,PASSENGER OR SUBURBAN,Going Straight Ahead,Not Entered,North,Gas,2005,NY,1,4,TOYOT
41994,2015,SUBURBAN,PASSENGER OR SUBURBAN,Making Left Turn,Not Entered,West,Gas,2013,NY,2,4,TOYOT
41995,2015,SUBURBAN,OMNIBUS - TAXI,Making Left Turn,Not Entered,North,Gas,2014,NY,1,6,TOYOT
41996,2015,SUBURBAN,PASSENGER OR SUBURBAN,Making Left Turn,Not Entered,Southwest,Gas,2008,NY,1,6,TOYOT
41997,2015,4 DOOR SEDAN,PASSENGER OR SUBURBAN,Making Left Turn,Not Entered,North,Gas,2007,NY,1,4,TOYOT
41998,2015,SUBURBAN,PASSENGER OR SUBURBAN,Making Left Turn,Not Entered,North,Gas,2015,NY,1,4,TOYOT
41999,2015,2 DOOR SEDAN,PASSENGER OR SUBURBAN,Making U Turn,Not Entered,West,Gas,1999,NY,2,4,TOYOT
42000,2014,SUBURBAN,PASSENGER OR SUBURBAN,Making Left Turn,Not Entered,South,Gas,2013,NY,1,4,TOYOT
42001,2014,4 DOOR SEDAN,PASSENGER OR SUBURBAN,Going Straight Ahead,Not Entered,East,Gas,2004,NY,2,4,TOYOT
42002,2014,TAXI,OMNIBUS - TAXI,Making U Turn,Not Entered,North,Gas,2011,NY,1,4,TOYOT
42003,2015,4 DOOR SEDAN,PASSENGER OR SUBURBAN,Going Straight Ahead,Not Entered,East,Gas,2011,NY,2,4,TOYOT
42004,2015,4 DOOR SEDAN,PASSENGER OR SUBURBAN,Changing Lanes,Not Entered,West,Gas,2013,NY,1,4,TOYOT
42005,2015,4 DOOR SEDAN,PASSENGER OR SUBURBAN,Changing Lanes,Not Entered,West,Gas,2010,NY,1,4,TOYOT
42006,2015,4 DOOR SEDAN,PASSENGER OR SUBURBAN,Changing Lanes,Not Entered,West,Gas,2000,NY,2,4,TOYOT
42007,2015,PICKUP TRUCK,PASSENGER OR SUBURBAN,Slowing or Stopping,Not Entered,West,Gas,2007,NY,1,4,TOYOT
42008,2015,4 DOOR SEDAN,PASSENGER OR SUBURBAN,Going Straight Ahead,Not Entered,North,Gas,2011,NY,1,4,TOYOT
42009,2015,SUBURBAN,PASSENGER OR SUBURBAN,Changing Lanes,Not Entered,West,Gas,2011,NY,1,4,TOYOT
42010,2015,4 DOOR SEDAN,PASSENGER OR SUBURBAN,Changing Lanes,Not Entered,Southeast,Gas,2001,NY,1,4,TOYOT
42011,2015,4 DOOR SEDAN,OMNIBUS - TAXI,Changing Lanes,Not Entered,South,Gas,2014,NY,1,4,TOYOT
42012,2015,4 DOOR SEDAN,OMNIBUS - TAXI,Making Left Turn,Not Entered,East,Gas,2015,NY,1,4,TOYOT
42013,2015,SUBURBAN,PASSENGER OR SUBURBAN,Changing Lanes,Not Entered,South,Gas,2000,NY,1,6,TOYOT
42014,2015,4 DOOR SEDAN,PASSENGER OR SUBURBAN,Going Straight Ahead,Not Entered,West,Gas,2008,NY,1,4,TOYOT
42015,2015,4 DOOR SEDAN,PASSENGER OR SUBURBAN,Changing Lanes,Not Entered,West,Gas,2007,NY,1,4,TOYOT
42016,2015,SUBURBAN,PASSENGER OR SUBURBAN,Going Straight Ahead,Not Entered,East,Gas,2009,NY,8,6,TOYOT
42017,2014,PICKUP TRUCK,PASSENGER OR SUBURBAN,Changing Lanes,Not Entered,South,Gas,2013,NY,1,6,TOYOT
42018,2014,4 DOOR SEDAN,PASSENGER OR SUBURBAN,Merging,Not Entered,South,Gas,2005,NY,1,4,TOYOT
42019,2014,SUBURBAN,PASSENGER OR SUBURBAN,Changing Lanes,Not Entered,West,Gas,2012,NY,1,6,TOYOT
42020,2014,4 DOOR SEDAN,PASSENGER OR SUBURBAN,Changing Lanes,Not Entered,East,Gas,2008,NY,1,4,TOYOT
42021,2014,4 DOOR SEDAN,PASSENGER OR SUBURBAN,Changing Lanes,Not Entered,South,Gas,2002,NY,1,4,TOYOT
42022,2015,SUBURBAN,PASSENGER OR SUBURBAN,Going Straight Ahead,Not Entered,North,Gas,2002,NY,2,6,TOYOT
42023,2015,4 DOOR SEDAN,Not Entered,Going Straight Ahead,Not Entered,South,Not Entered,2004,NJ,1,,TOYOT
42024,2015,4 DOOR SEDAN,PASSENGER OR SUBURBAN,Going Straight Ahead,Not Entered,Southwest,Gas,1998,NY,4,4,TOYOT
42025,2015,4 DOOR SEDAN,PASSENGER OR SUBURBAN,Going Straight Ahead,Not Entered,South,Gas,2013,NY,2,4,TOYOT
42026,2015,SUBURBAN,PASSENGER OR SUBURBAN,Going Straight Ahead,Not Entered,East,Gas,2006,NY,2,6,TOYOT
42027,2015,4 DOOR SEDAN,PASSENGER OR SUBURBAN,Going Straight Ahead,Not Entered,West,Gas,2015,NY,1,4,TOYOT
42028,2015,4 DOOR SEDAN,PASSENGER OR SUBURBAN,Going Straight Ahead,Not Entered,North,Gas,2011,NY,2,4,TOYOT
42029,2015,4 DOOR SEDAN,OMNIBUS - TAXI,Going Straight Ahead,Not Entered,East,Gas,2015,NY,1,4,TOYOT
42030,2015,4 DOOR SEDAN,PASSENGER OR SUBURBAN,Slowing or Stopping,Not Entered,West,Gas,1997,NY,1,4,TOYOT
42031,2015,4 DOOR SEDAN,PASSENGER OR SUBURBAN,Going Straight Ahead,Not Entered,South,Gas,2014,NY,1,4,TOYOT
42032,2015,4 DOOR SEDAN,OMNIBUS - TAXI,Going Straight Ahead,Not Entered,East,Gas,2013,NY,3,4,TOYOT
42033,2015,4 DOOR SEDAN,PASSENGER OR SUBURBAN,Making Left Turn,Not Entered,West,Gas,1991,NY,2,6,TOYOT
42034,2015,PICKUP TRUCK,PASSENGER OR SUBURBAN,Going Straight Ahead,Not Entered,West,Gas,2012,NY,1,6,TOYOT
42035,2015,4 DOOR SEDAN,PASSENGER OR SUBURBAN,Going Straight Ahead,Not Entered,West,Gas,2002,NY,1,4,TOYOT
42036,2015,4 DOOR SEDAN,OMNIBUS - TAXI,Going Straight Ahead,Not Entered,South,Gas,2010,NY,1,4,TOYOT
42037,2014,4 DOOR SEDAN,PASSENGER OR SUBURBAN,Going Straight Ahead,Not Entered,East,Gas,2005,NY,2,4,TOYOT
42038,2014,PICKUP TRUCK,PASSENGER OR SUBURBAN,Going Straight Ahead,Not Entered,North,Gas,2003,NY,1,4,TOYOT
42039,2014,4 DOOR SEDAN,PASSENGER OR SUBURBAN,Going Straight Ahead,Not Entered,South,Gas,2006,NY,1,4,TOYOT
42040,2014,TAXI,OMNIBUS - TAXI,Going Straight Ahead,Not Entered,North,Gas,2013,NY,2,4,TOYOT
42041,2014,4 DOOR SEDAN,PASSENGER OR SUBURBAN,Going Straight Ahead,Not Entered,North,Gas,2007,NY,2,4,TOYOT
42042,2014,4 DOOR SEDAN,PASSENGER OR SUBURBAN,Going Straight Ahead,Not Entered,North,Gas,2010,NY,1,4,TOYOT
42043,2014,PICKUP TRUCK,PASSENGER OR SUBURBAN,Going Straight Ahead,Not Entered,North,Gas,2004,NY,1,6,TOYOT
42044,2014,4 DOOR SEDAN,PASSENGER OR SUBURBAN,Going Straight Ahead,Not Entered,West,Gas,2000,NY,1,6,TOYOT
42045,2015,PICKUP TRUCK,PASSENGER OR SUBURBAN,Backing,Not Entered,North,Gas,2003,NY,1,4,TOYOT
42046,2015,SUBURBAN,PASSENGER OR SUBURBAN,Other,Not Entered,West,Gas,2013,NY,5,6,TOYOT
42047,2015,4 DOOR SEDAN,OMNIBUS - TAXI,Backing,Not Entered,East,Gas,2007,NY,1,4,TOYOT
42048,2015,4 DOOR SEDAN,PASSENGER OR SUBURBAN,Stopped in Traffic,Not Entered,North,Gas,2011,NY,1,4,TOYOT
42049,2015,4 DOOR SEDAN,PASSENGER OR SUBURBAN,Starting in Traffic,Not Entered,West,Gas,2012,NY,1,4,TOYOT
42050,2015,4 DOOR SEDAN,OMNIBUS - TAXI,Making Left Turn,Not Entered,North,Gas,2014,NY,1,4,TOYOT
42051,2015,4 DOOR SEDAN,PASSENGER OR SUBURBAN,Going Straight Ahead,Not Entered,North,Gas,2015,NY,1,4,TOYOT
42052,2015,SUBURBAN,PASSENGER OR SUBURBAN,Going Straight Ahead,Not Entered,West,Gas,2008,NY,1,4,TOYOT
42053,2015,4 DOOR SEDAN,PASSENGER OR SUBURBAN,Making Left Turn,Not Entered,South,Gas,2003,NY,2,4,TOYOT
42054,2015,4 DOOR SEDAN,PASSENGER OR SUBURBAN,Going Straight Ahead,Not Entered,North,Gas,2016,NY,1,4,TOYOT
42055,2014,SUBURBAN,PASSENGER OR SUBURBAN,Making Left Turn,Not Entered,South,Gas,2003,NY,1,6,TOYOT
42056,2014,4 DOOR SEDAN,PASSENGER OR SUBURBAN,Making Left Turn,Not Entered,East,Gas,2002,NY,1,4,TOYOT
42057,2014,4 DOOR SEDAN,PASSENGER OR SUBURBAN,Going Straight Ahead,Not Entered,North,Gas,2009,NY,2,4,TOYOT
42058,2014,SUBURBAN,PASSENGER OR SUBURBAN,Starting in Traffic,Not Entered,East,Gas,2009,NY,1,4,TOYOT
42059,2015,PICKUP TRUCK,Not Entered,Going Straight Ahead,Not Entered,South,Not Entered,2013,QC,2,,TOYOT
42060,2015,PICKUP TRUCK,Not Entered,Going Straight Ahead,Not Entered,South,Not Entered,2010,OH,1,,TOYOT
42061,2015,4 DOOR SEDAN,Not Entered,Going Straight Ahead,Not Entered,East,Not Entered,2004,MA,2,,TOYOT
42062,2014,4 DOOR SEDAN,Not Entered,Going Straight Ahead,Not Entered,North,Not Entered,2006,NJ,1,,TOYOT
42063,2014,4 DOOR SEDAN,Not Entered,Going Straight Ahead,Not Entered,South,Not Entered,2014,MA,4,,TOYOT
42064,2015,PICKUP TRUCK,Not Entered,Backing,Not Entered,South,Not Entered,2006,NY,1,,TOYOT
42065,2015,4 DOOR SEDAN,Not Entered,Going Straight Ahead,Not Entered,South,Not Entered,2010,PA,1,,TOYOT
42066,2015,4 DOOR SEDAN,Not Entered,Changing Lanes,Not Entered,West,Not Entered,2007,NJ,1,,TOYOT
42067,2015,SUBURBAN,Not Entered,Going Straight Ahead,Not Entered,South,Not Entered,2010,NY,5,,TOYOT
42068,2015,4 DOOR SEDAN,Not Entered,Going Straight Ahead,Not Entered,South,Not Entered,2006,NY,3,,TOYOT
42069,2015,4 DOOR SEDAN,Not Entered,Going Straight Ahead,Not Entered,South,Not Entered,2010,NY,2,,TOYOT
42070,2015,SUBURBAN,Not Entered,Going Straight Ahead,Not Entered,North,Not Entered,2015,NJ,1,,TOYOT
42071,2015,2 DOOR SEDAN,Not Entered,Going Straight Ahead,Not Entered,South,Not Entered,2008,CT,1,,TOYOT
42072,2015,VAN TRUCK,Not Entered,Going Straight Ahead,Not Entered,North,Not Entered,2012,MA,1,,TOYOT
42073,2015,4 DOOR SEDAN,Not Entered,Going Straight Ahead,Not Entered,West,Not Entered,2001,NY,1,,TOYOT
42074,2015,SUBURBAN,Not Entered,Going Straight Ahead,Not Entered,South,Not Entered,2015,NJ,1,,TOYOT
42075,2015,4 DOOR SEDAN,Not Entered,Going Straight Ahead,Not Entered,East,Not Entered,1998,SC,2,,TOYOT
42076,2015,4 DOOR SEDAN,Not Entered,Going Straight Ahead,Not Entered,East,Not Entered,2009,CT,2,,TOYOT
42077,2015,SUBURBAN,Not Entered,Parked,Not Entered,West,Not Entered,2009,PA,0,,TOYOT
42078,2015,4 DOOR SEDAN,Not Entered,Going Straight Ahead,Not Entered,East,Not Entered,1998,ON,1,,TOYOT
42079,2015,4 DOOR SEDAN,Not Entered,Going Straight Ahead,Not Entered,North,Not Entered,2002,MA,1,,TOYOT
42080,2015,4 DOOR SEDAN,Not Entered,Parked,Not Entered,South,Not Entered,2014,PA,,,TOYOT
42081,2015,4 DOOR SEDAN,Not Entered,Going Straight Ahead,Not Entered,East,Not Entered,2010,NJ,1,,TOYOT
42082,2015,VAN TRUCK,Not Entered,Going Straight Ahead,Not Entered,North,Not Entered,2014,QC,1,,TOYOT
42083,2015,4 DOOR SEDAN,Not Entered,Going Straight Ahead,Not Entered,East,Not Entered,2010,VA,1,,TOYOT
42084,2015,SUBURBAN,Not Entered,Going Straight Ahead,Not Entered,North,Not Entered,2010,FL,1,,TOYOT
42085,2015,SUBURBAN,Not Entered,Going Straight Ahead,Not Entered,West,Not Entered,2009,NY,1,,TOYOT
42086,2015,4 DOOR SEDAN,Not Entered,Stopped in Traffic,Not Entered,South,Not Entered,2014,TX,1,,TOYOT
42087,2015,4 DOOR SEDAN,Not Entered,Going Straight Ahead,Not Entered,East,Not Entered,2009,FL,1,,TOYOT
42088,2015,PICKUP TRUCK,Not Entered,Going Straight Ahead,Not Entered,Northeast,Not Entered,2015,NY,1,,TOYOT
42089,2014,2 DOOR SEDAN,Not Entered,Going Straight Ahead,Not Entered,South,Not Entered,2009,SC,1,,TOYOT
42090,2014,2 DOOR SEDAN,Not Entered,Going Straight Ahead,Not Entered,East,Not Entered,2005,NY,1,,TOYOT
42091,2014,4 DOOR SEDAN,Not Entered,Going Straight Ahead,Not Entered,North,Not Entered,2008,PA,3,,TOYOT
42092,2015,4 DOOR SEDAN,Not Entered,Slowing or Stopping,Not Entered,East,Not Entered,2015,NY,1,,TOYOT
42093,2015,4 DOOR SEDAN,Not Entered,Going Straight Ahead,Not Entered,South,Not Entered,2014,CT,1,,TOYOT
42094,2015,PICKUP TRUCK,Not Entered,Making Right Turn,Not Entered,East,Not Entered,2013,NJ,2,,TOYOT
42095,2015,4 DOOR SEDAN,Not Entered,Going Straight Ahead,Not Entered,East,Not Entered,2014,VA,1,,TOYOT
42096,2015,4 DOOR SEDAN,Not Entered,Changing Lanes,Not Entered,West,Not Entered,2012,MA,1,,TOYOT
42097,2015,4 DOOR SEDAN,Not Entered,Going Straight Ahead,Not Entered,North,Not Entered,2007,MA,1,,TOYOT
42098,2015,PICKUP TRUCK,Not Entered,Going Straight Ahead,Not Entered,South,Not Entered,2013,VT,1,,TOYOT
42099,2015,4 DOOR SEDAN,Not Entered,Going Straight Ahead,Not Entered,South,Not Entered,2008,NJ,3,,TOYOT
42100,2015,4 DOOR SEDAN,Not Entered,Going Straight Ahead,Not Entered,South,Not Entered,2011,IN,1,,VOLKS
42101,2015,SUBURBAN,Not Entered,Making Right Turn,Not Entered,Southwest,Not Entered,2010,NY,1,,VOLKS
42102,2015,2 DOOR SEDAN,Not Entered,Going Straight Ahead,Not Entered,North,Not Entered,2012,CT,3,,VOLKS
42103,2015,4 DOOR SEDAN,Not Entered,Going Straight Ahead,Not Entered,South,Not Entered,2015,NJ,1,,VOLKS
42104,2015,4 DOOR SEDAN,Not Entered,Going Straight Ahead,Not Entered,South,Not Entered,2014,PA,2,,VOLKS
42105,2015,4 DOOR SEDAN,Not Entered,Going Straight Ahead,Not Entered,East,Not Entered,2003,NY,1,,VOLKS
42106,2015,4 DOOR SEDAN,Not Entered,Changing Lanes,Not Entered,North,Not Entered,2015,WV,4,,VOLKS
42107,2015,SUBURBAN,Not Entered,Going Straight Ahead,Not Entered,East,Not Entered,2010,NY,1,,VOLKS
42108,2015,4 DOOR SEDAN,Not Entered,Changing Lanes,Not Entered,West,Not Entered,2012,MA,1,,VOLKS
42109,2014,2 DOOR SEDAN,PASSENGER OR SUBURBAN,Going Straight Ahead,Not Entered,North,Gas,2003,NY,1,4,VOLKS
42110,2015,4 DOOR SEDAN,PASSENGER OR SUBURBAN,Going Straight Ahead,Not Entered,North,Diesel,2013,NY,1,4,VOLKS
42111,2015,4 DOOR SEDAN,PASSENGER OR SUBURBAN,Going Straight Ahead,Not Entered,North,Gas,2015,NY,1,4,VOLKS
42112,2015,2 DOOR SEDAN,PASSENGER OR SUBURBAN,Going Straight Ahead,Not Entered,South,Gas,2011,NY,1,4,VOLKS
42113,2015,4 DOOR SEDAN,PASSENGER OR SUBURBAN,Going Straight Ahead,Not Entered,North,Gas,2006,NY,1,4,VOLKS
42114,2015,4 DOOR SEDAN,PASSENGER OR SUBURBAN,Going Straight Ahead,Not Entered,East,Gas,2007,NY,1,5,VOLKS
42115,2015,SUBURBAN,PASSENGER OR SUBURBAN,Going Straight Ahead,Not Entered,South,Gas,2003,NY,1,6,VOLKS
42116,2015,CONVERTIBLE,PASSENGER OR SUBURBAN,Backing,Not Entered,North,Gas,2014,NY,1,4,VOLKS
42117,2015,4 DOOR SEDAN,PASSENGER OR SUBURBAN,Backing,Not Entered,Northwest,Gas,2015,NY,1,4,VOLKS
42118,2015,4 DOOR SEDAN,PASSENGER OR SUBURBAN,Merging,Not Entered,West,Gas,2009,NY,1,5,VOLKS
42119,2015,4 DOOR SEDAN,PASSENGER OR SUBURBAN,Going Straight Ahead,Not Entered,South,Gas,2013,NY,1,5,VOLKS
42120,2015,4 DOOR SEDAN,PASSENGER OR SUBURBAN,Backing,Not Entered,East,Gas,2013,NY,1,5,VOLKS
42121,2015,4 DOOR SEDAN,PASSENGER OR SUBURBAN,Slowing or Stopping,Not Entered,South,Gas,2012,NY,1,5,VOLKS
42122,2015,SUBURBAN,PASSENGER OR SUBURBAN,Making Left Turn,Not Entered,East,Gas,2014,NY,1,5,VOLKS
42123,2015,4 DOOR SEDAN,PASSENGER OR SUBURBAN,Making Left Turn,Not Entered,Southeast,Gas,2012,NY,1,4,VOLKS
42124,2015,4 DOOR SEDAN,PASSENGER OR SUBURBAN,Entering Parked Position,Not Entered,East,Diesel,2012,NY,1,4,VOLKS
42125,2014,4 DOOR SEDAN,PASSENGER OR SUBURBAN,Going Straight Ahead,Not Entered,East,Gas,2008,NY,1,5,VOLKS
42126,2014,4 DOOR SEDAN,PASSENGER OR SUBURBAN,Slowing or Stopping,Not Entered,East,Gas,1998,NY,1,4,VOLKS
42127,2014,2 DOOR SEDAN,PASSENGER OR SUBURBAN,Going Straight Ahead,Not Entered,North,Gas,2011,NY,2,4,VOLKS
42128,2014,SUBURBAN,PASSENGER OR SUBURBAN,Going Straight Ahead,Not Entered,Northeast,Gas,2013,NY,1,4,VOLKS
42129,2014,4 DOOR SEDAN,PASSENGER OR SUBURBAN,Going Straight Ahead,Not Entered,South,Gas,2011,NY,1,5,VOLKS
42130,2015,4 DOOR SEDAN,PASSENGER OR SUBURBAN,Going Straight Ahead,Not Entered,West,Gas,1998,NY,1,4,VOLKS
42131,2014,2 DOOR SEDAN,PASSENGER OR SUBURBAN,Going Straight Ahead,Not Entered,West,Gas,2009,NY,1,4,VOLKS
42132,2014,2 DOOR SEDAN,PASSENGER OR SUBURBAN,Going Straight Ahead,Not Entered,East,Gas,2000,NY,1,4,VOLKS
42133,2015,4 DOOR SEDAN,PASSENGER OR SUBURBAN,Making Left Turn,Not Entered,South,Gas,2015,NY,1,4,VOLKS
42134,2015,2 DOOR SEDAN,PASSENGER OR SUBURBAN,Making Left Turn,Not Entered,East,Gas,2002,NY,1,4,VOLKS
42135,2015,4 DOOR SEDAN,PASSENGER OR SUBURBAN,Making Left Turn,Not Entered,South,Gas,2002,NY,1,4,VOLKS
42136,2015,4 DOOR SEDAN,PASSENGER OR SUBURBAN,Starting in Traffic,Not Entered,East,Gas,2014,NY,2,4,VOLKS
42137,2015,4 DOOR SEDAN,OMNIBUS-SPECIAL (PRIVATE RENTAL),Going Straight Ahead,Not Entered,West,Gas,2015,NY,1,4,VOLKS
42138,2014,4 DOOR SEDAN,PASSENGER OR SUBURBAN,Making Left Turn,Not Entered,West,Gas,2002,NY,2,4,VOLKS
42139,2014,4 DOOR SEDAN,PASSENGER OR SUBURBAN,Going Straight Ahead,Not Entered,East,Gas,2001,NY,1,4,VOLKS
42140,2015,4 DOOR SEDAN,PASSENGER OR SUBURBAN,Going Straight Ahead,Not Entered,East,Gas,2012,NY,1,4,VOLKS
42141,2015,4 DOOR SEDAN,PASSENGER OR SUBURBAN,Starting in Traffic,Not Entered,Southwest,Gas,2014,NY,1,4,VOLKS
42142,2015,4 DOOR SEDAN,PASSENGER OR SUBURBAN,Going Straight Ahead,Not Entered,North,Gas,2012,NY,1,4,VOLKS
42143,2015,SUBURBAN,PASSENGER OR SUBURBAN,Going Straight Ahead,Not Entered,West,Gas,2014,NY,1,4,VOLKS
42144,2015,4 DOOR SEDAN,PASSENGER OR SUBURBAN,Going Straight Ahead,Not Entered,West,Diesel,2001,NY,2,4,VOLKS
42145,2015,4 DOOR SEDAN,PASSENGER OR SUBURBAN,Going Straight Ahead,Not Entered,South,Gas,2011,NY,1,4,VOLKS
42146,2015,4 DOOR SEDAN,PASSENGER OR SUBURBAN,Going Straight Ahead,Not Entered,West,Gas,2007,NY,1,5,VOLKS
42147,2015,SUBURBAN,PASSENGER OR SUBURBAN,Going Straight Ahead,Not Entered,East,Gas,2012,NY,1,4,VOLKS
42148,2015,2 DOOR SEDAN,PASSENGER OR SUBURBAN,Slowing or Stopping,Not Entered,East,Gas,2001,NY,1,4,VOLKS
42149,2015,4 DOOR SEDAN,PASSENGER OR SUBURBAN,Going Straight Ahead,Not Entered,North,Gas,2012,NY,1,5,VOLKS
42150,2015,4 DOOR SEDAN,PASSENGER OR SUBURBAN,Going Straight Ahead,Not Entered,South,Diesel,2006,NY,3,4,VOLKS
42151,2015,4 DOOR SEDAN,PASSENGER OR SUBURBAN,Going Straight Ahead,Not Entered,East,Diesel,2013,NY,1,4,VOLKS
42152,2014,4 DOOR SEDAN,PASSENGER OR SUBURBAN,Going Straight Ahead,Not Entered,South,Gas,2000,NY,1,4,VOLKS
42153,2014,CONVERTIBLE,PASSENGER OR SUBURBAN,Making U Turn,Not Entered,South,Gas,1998,NY,2,4,VOLKS
42154,2014,4 DOOR SEDAN,PASSENGER OR SUBURBAN,Overtaking/Passing,Not Entered,Southeast,Gas,2003,NY,1,4,VOLKS
42155,2015,4 DOOR SEDAN,SPECIAL PASSENGER,Going Straight Ahead,Not Entered,West,Gas,2014,NY,1,4,VOLKS
42156,2015,4 DOOR SEDAN,PASSENGER OR SUBURBAN,Going Straight Ahead,Not Entered,West,Gas,1999,NY,1,4,VOLKS
42157,2015,SUBURBAN,PASSENGER OR SUBURBAN,Backing,Not Entered,West,Gas,2010,NY,1,6,VOLKS
42158,2015,4 DOOR SEDAN,PASSENGER OR SUBURBAN,Slowing or Stopping,Not Entered,West,Gas,2012,NY,1,5,VOLKS
42159,2015,4 DOOR SEDAN,PASSENGER OR SUBURBAN,Going Straight Ahead,Not Entered,North,Gas,2010,NY,1,4,VOLKS
42160,2015,2 DOOR SEDAN,PASSENGER OR SUBURBAN,Going Straight Ahead,Not Entered,South,Diesel,2002,NY,1,4,VOLKS