Case Num,Year,Vehicle Body Type,Registration Class,Action Prior to Accident,Type / Axles of Truck or Bus,Direction of Travel,Fuel Type,Vehicle Year,State of Registration,Number of Occupants,Engine Cylinders,Vehicle Make
42161,2015,SUBURBAN,ORGANIZATIONAL,Going Straight Ahead,Not Entered,South,Gas,2003,NY,1,4,VOLKS
42162,2015,SUBURBAN,PASSENGER OR SUBURBAN,Going Straight Ahead,Not Entered,East,Gas,2011,NY,1,6,VOLKS
42163,2015,4 DOOR SEDAN,PASSENGER OR SUBURBAN,Slowing or Stopping,Not Entered,East,Gas,2010,NY,1,4,VOLKS
42164,2015,SUBURBAN,PASSENGER OR SUBURBAN,Going Straight Ahead,Not Entered,North,Gas,2013,NY,1,6,VOLKS
42165,2015,4 DOOR SEDAN,PASSENGER OR SUBURBAN,Going Straight Ahead,Not Entered,North,Gas,2012,NY,1,4,VOLKS
42166,2015,4 DOOR SEDAN,PASSENGER OR SUBURBAN,Stopped in Traffic,Not Entered,West,Gas,2013,NY,2,5,VOLKS
42167,2014,2 DOOR SEDAN,PASSENGER OR SUBURBAN,Going Straight Ahead,Not Entered,South,Gas,1999,NY,1,4,VOLKS
42168,2015,SUBURBAN,PASSENGER OR SUBURBAN,Going Straight Ahead,Not Entered,North,Gas,2011,NY,2,6,VOLKS
42169,2015,4 DOOR SEDAN,PASSENGER OR SUBURBAN,Going Straight Ahead,Not Entered,Unknown,Gas,2010,NY,1,4,VOLKS
42170,2015,4 DOOR SEDAN,PASSENGER OR SUBURBAN,Going Straight Ahead,Not Entered,Southeast,Gas,2007,NY,2,5,VOLKS
42171,2015,2 DOOR SEDAN,PASSENGER OR SUBURBAN,Slowing or Stopping,Not Entered,North,Gas,2001,NY,1,4,VOLKS
42172,2015,4 DOOR SEDAN,PASSENGER OR SUBURBAN,Going Straight Ahead,Not Entered,South,Gas,2003,NY,2,4,VOLKS
42173,2015,SUBURBAN,PASSENGER OR SUBURBAN,Going Straight Ahead,Not Entered,East,Gas,2013,NY,1,4,VOLKS
42174,2014,4 DOOR SEDAN,PASSENGER OR SUBURBAN,Going Straight Ahead,Not Entered,East,Gas,2002,NY,1,6,VOLKS
42175,2014,4 DOOR SEDAN,PASSENGER OR SUBURBAN,Going Straight Ahead,Not Entered,North,Gas,2000,NY,1,4,VOLKS
42176,2015,4 DOOR SEDAN,PASSENGER OR SUBURBAN,Unknown,Not Entered,Unknown,Gas,2001,NY,1,4,VOLKS
42177,2015,4 DOOR SEDAN,PASSENGER OR SUBURBAN,Slowing or Stopping,Not Entered,North,Gas,2007,NY,1,4,VOLKS
42178,2014,2 DOOR SEDAN,PASSENGER OR SUBURBAN,Going Straight Ahead,Not Entered,South,Gas,2001,NY,1,4,VOLKS
42179,2014,4 DOOR SEDAN,PASSENGER OR SUBURBAN,Going Straight Ahead,Not Entered,East,Gas,2012,NY,1,5,VOLKS
42180,2014,4 DOOR SEDAN,PASSENGER OR SUBURBAN,Making Right Turn,Not Entered,East,Gas,2008,NY,1,4,VOLKS
42181,2015,4 DOOR SEDAN,PASSENGER OR SUBURBAN,Going Straight Ahead,Not Entered,South,Gas,2012,NY,2,5,VOLKS
42182,2015,4 DOOR SEDAN,PASSENGER OR SUBURBAN,Going Straight Ahead,Not Entered,East,Diesel,2010,NY,1,4,VOLKS
42183,2014,SUBURBAN,PASSENGER OR SUBURBAN,Going Straight Ahead,Not Entered,East,Gas,2011,NY,1,4,VOLKS
42184,2015,4 DOOR SEDAN,PASSENGER OR SUBURBAN,Making Left Turn,Not Entered,South,Gas,2009,NY,1,5,VOLKS
42185,2014,4 DOOR SEDAN,PASSENGER OR SUBURBAN,Making Right Turn,Not Entered,East,Gas,2011,NY,1,5,VOLKS
42186,2014,4 DOOR SEDAN,PASSENGER OR SUBURBAN,Going Straight Ahead,Not Entered,South,Gas,2011,NY,1,5,VOLKS
42187,2015,4 DOOR SEDAN,PASSENGER OR SUBURBAN,Merging,Not Entered,South,Gas,2011,NY,1,4,VOLKS
42188,2015,CONVERTIBLE,PASSENGER OR SUBURBAN,Changing Lanes,Not Entered,South,Gas,2012,NY,1,4,VOLKS
42189,2015,4 DOOR SEDAN,PASSENGER OR SUBURBAN,Overtaking/Passing,Not Entered,North,Gas,2006,NY,1,4,VOLKS
42190,2014,4 DOOR SEDAN,PASSENGER OR SUBURBAN,Going Straight Ahead,Not Entered,South,Diesel,2010,NY,1,4,VOLKS
42191,2014,4 DOOR SEDAN,PASSENGER OR SUBURBAN,Making Left Turn,Not Entered,East,Diesel,2010,NY,2,4,VOLKS
42192,2015,2 DOOR SEDAN,PASSENGER OR SUBURBAN,Going Straight Ahead,Not Entered,North,Gas,1999,NY,1,4,VOLKS
42193,2015,SUBURBAN,PASSENGER OR SUBURBAN,Going Straight Ahead,Not Entered,East,Gas,2002,NY,1,6,VOLKS
42194,2014,4 DOOR SEDAN,PASSENGER OR SUBURBAN,Going Straight Ahead,Not Entered,South,Diesel,2009,NY,1,4,VOLKS
42195,2014,4 DOOR SEDAN,PASSENGER OR SUBURBAN,Going Straight Ahead,Not Entered,Northeast,Gas,2001,NY,1,4,VOLKS
42196,2014,4 DOOR SEDAN,PASSENGER OR SUBURBAN,Going Straight Ahead,Not Entered,East,Gas,2006,NY,1,5,VOLKS
42197,2014,4 DOOR SEDAN,PASSENGER OR SUBURBAN,Going Straight Ahead,Not Entered,East,Diesel,2014,NY,1,4,VOLKS
42198,2015,4 DOOR SEDAN,PASSENGER OR SUBURBAN,Going Straight Ahead,Not Entered,West,Gas,2005,NY,1,5,VOLKS
42199,2015,UNKNOWN TRUCK,Not Entered,Going Straight Ahead,Not Entered,East,Not Entered,2013,IN,1,,VOLVO
42200,2014,OTHER VEHICLE,Not Entered,Making U Turn,Not Entered,Northeast,Not Entered,2013,IA,1,,VOLVO
42201,2014,4 DOOR SEDAN,Not Entered,Going Straight Ahead,Not Entered,South,Not Entered,2009,PA,1,,VOLVO
42202,2015,4 DOOR SEDAN,PASSENGER OR SUBURBAN,Going Straight Ahead,Not Entered,East,Gas,2000,NY,1,5,VOLVO
42203,2015,CONVERTIBLE,PASSENGER OR SUBURBAN,Going Straight Ahead,Not Entered,North,Gas,2013,NY,1,5,VOLVO
42204,2015,4 DOOR SEDAN,PASSENGER OR SUBURBAN,Backing,Not Entered,Southwest,Gas,2003,NY,1,5,VOLVO
42205,2015,4 DOOR SEDAN,PASSENGER OR SUBURBAN,Going Straight Ahead,Not Entered,East,Gas,2013,NY,1,5,VOLVO
42206,2015,4 DOOR SEDAN,PASSENGER OR SUBURBAN,Starting in Traffic,Not Entered,West,Gas,2004,NY,1,4,VOLVO
42207,2015,4 DOOR SEDAN,PASSENGER OR SUBURBAN,Going Straight Ahead,Not Entered,East,Gas,2007,NY,1,5,VOLVO
42208,2014,SUBURBAN,PASSENGER OR SUBURBAN,Going Straight Ahead,Not Entered,North,Gas,2000,NY,1,5,VOLVO
42209,2014,SUBURBAN,PASSENGER OR SUBURBAN,Making Right Turn,Not Entered,Northwest,Gas,1996,NY,1,5,VOLVO
42210,2014,4 DOOR SEDAN,PASSENGER OR SUBURBAN,Going Straight Ahead,Not Entered,North,Gas,2008,NY,1,5,VOLVO
42211,2015,4 DOOR SEDAN,PASSENGER OR SUBURBAN,Going Straight Ahead,Not Entered,East,Gas,2005,NY,1,5,VOLVO
42212,2015,4 DOOR SEDAN,PASSENGER OR SUBURBAN,Other,Not Entered,West,Gas,2008,NY,3,6,VOLVO
42213,2015,SUBURBAN,PASSENGER OR SUBURBAN,Going Straight Ahead,Not Entered,East,Gas,2003,NY,2,6,VOLVO
42214,2014,4 DOOR SEDAN,PASSENGER OR SUBURBAN,Making Left Turn,Not Entered,Northwest,Gas,2005,NY,2,5,VOLVO
42215,2015,SUBURBAN,PASSENGER OR SUBURBAN,Going Straight Ahead,Not Entered,West,Gas,2007,NY,1,6,VOLVO
42216,2015,4 DOOR SEDAN,PASSENGER OR SUBURBAN,Going Straight Ahead,Not Entered,North,Gas,2005,NY,1,5,VOLVO
42217,2015,TRACTOR,INTERNATIONAL REGISTRATION,Going Straight Ahead,Not Entered,East,Diesel,2005,NY,1,6,VOLVO
42218,2015,SUBURBAN,PASSENGER OR SUBURBAN,Parked,Not Entered,East,Gas,2005,NY,,5,VOLVO
42219,2015,4 DOOR SEDAN,PASSENGER OR SUBURBAN,Stopped in Traffic,Not Entered,South,Gas,2014,NY,1,5,VOLVO
42220,2015,4 DOOR SEDAN,PASSENGER OR SUBURBAN,Going Straight Ahead,Not Entered,West,Gas,2005,NY,1,5,VOLVO
42221,2015,SUBURBAN,PASSENGER OR SUBURBAN,Stopped in Traffic,Not Entered,West,Gas,2010,NY,1,6,VOLVO
42222,2015,4 DOOR SEDAN,PASSENGER OR SUBURBAN,Going Straight Ahead,Not Entered,East,Gas,1996,NY,1,5,VOLVO
42223,2015,SUBURBAN,PASSENGER OR SUBURBAN,Stopped in Traffic,Not Entered,West,Gas,2010,NY,1,5,VOLVO
42224,2015,SUBURBAN,PASSENGER OR SUBURBAN,Going Straight Ahead,Not Entered,West,Gas,2015,NY,2,6,VOLVO
42225,2015,SUBURBAN,PASSENGER OR SUBURBAN,Going Straight Ahead,Not Entered,East,Gas,1999,NY,1,5,VOLVO
42226,2014,4 DOOR SEDAN,PASSENGER OR SUBURBAN,Going Straight Ahead,Not Entered,North,Gas,2001,NY,2,5,VOLVO
42227,2015,SUBURBAN,PASSENGER OR SUBURBAN,Making Left Turn,Not Entered,North,Gas,2012,NY,1,6,VOLVO
42228,2015,4 DOOR SEDAN,PASSENGER OR SUBURBAN,Going Straight Ahead,Not Entered,Southeast,Gas,2000,NY,1,4,VOLVO
42229,2015,4 DOOR SEDAN,PASSENGER OR SUBURBAN,Making Right Turn,Not Entered,Northwest,Gas,2005,NY,2,5,VOLVO
42230,2014,SUBURBAN,PASSENGER OR SUBURBAN,Going Straight Ahead,Not Entered,South,Gas,2004,NY,2,5,VOLVO
42231,2015,SUBURBAN,PASSENGER OR SUBURBAN,Going Straight Ahead,Not Entered,South,Gas,1997,NY,2,5,VOLVO
42232,2015,4 DOOR SEDAN,PASSENGER OR SUBURBAN,Going Straight Ahead,Not Entered,East,Gas,2005,NY,1,5,VOLVO
42233,2015,4 DOOR SEDAN,PASSENGER OR SUBURBAN,Making Left Turn,Not Entered,Northeast,Gas,2012,NY,1,5,VOLVO
42234,2015,SUBURBAN,PASSENGER OR SUBURBAN,Making Left Turn,Not Entered,West,Gas,2014,NY,1,6,VOLVO
42235,2015,TRACTOR,INTERNATIONAL REGISTRATION,Making Left Turn,Not Entered,West,Diesel,1998,NY,1,6,VOLVO
42236,2015,SUBURBAN,PASSENGER OR SUBURBAN,Making Left Turn,Not Entered,Southeast,Gas,1995,NY,1,4,VOLVO
42237,2015,4 DOOR SEDAN,PASSENGER OR SUBURBAN,Going Straight Ahead,Not Entered,West,Gas,2000,NY,1,6,VOLVO
42238,2014,4 DOOR SEDAN,PASSENGER OR SUBURBAN,Going Straight Ahead,Not Entered,South,Gas,2000,NY,4,4,VOLVO
42239,2015,4 DOOR SEDAN,PASSENGER OR SUBURBAN,Making Left Turn,Not Entered,West,Gas,1992,NY,1,4,VOLVO
42240,2015,TRACTOR,TRACTOR - REGULAR,Going Straight Ahead,Not Entered,West,Diesel,2000,NY,1,6,WE/ST
42241,2015,MOTORCYCLE,MOTORCYCLE,Going Straight Ahead,Not Entered,East,Gas,1991,NY,1,1,YAMAH
42242,2015,MOTORCYCLE,MOTORCYCLE,Going Straight Ahead,Not Entered,West,Gas,2008,NY,1,4,YAMAH
42243,2014,MOTORCYCLE,MOTORCYCLE,Going Straight Ahead,Not Entered,East,Gas,2003,NY,1,4,YAMAH
42244,2015,MOTORCYCLE,MOTORCYCLE,Going Straight Ahead,Not Entered,North,Gas,2010,NY,1,2,YAMAH
42245,2014,MOTORCYCLE,MOTORCYCLE,Going Straight Ahead,Not Entered,East,Gas,2010,NY,1,4,YAMAH
42246,2015,MOTORCYCLE,MOTORCYCLE,Going Straight Ahead,Not Entered,East,Gas,1981,NY,1,4,YAMAH
42247,2015,MOTORCYCLE,MOTORCYCLE,Going Straight Ahead,Not Entered,East,Gas,2011,NY,1,2,YAMAH
,2015,PICKUP TRUCK,PASSENGER OR SUBURBAN,Stopped in Traffic,Not Entered,North,Gas,2004,NY,1,8,ACURA
,2015,SUBURBAN,PASSENGER OR SUBURBAN,Going Straight Ahead,Not Entered,West,Gas,1998,NY,2,6,ACURA
,2015,SUBURBAN,PASSENGER OR SUBURBAN,Going Straight Ahead,Not Entered,North,Gas,2006,NY,1,8,ACURA
,2015,SUBURBAN,PASSENGER OR SUBURBAN,Going Straight Ahead,Not Entered,South,Gas,2006,NY,1,6,ACURA
,2015,4 DOOR SEDAN,PASSENGER OR SUBURBAN,Going Straight Ahead,Not Entered,West,Gas,2012,NY,1,4,ACURA
,2015,SUBURBAN,PASSENGER OR SUBURBAN,Going Straight Ahead,Not Entered,South,Gas,2005,NY,1,6,ACURA
,2015,4 DOOR SEDAN,PASSENGER OR SUBURBAN,Going Straight Ahead,Not Entered,East,Gas,2014,NY,1,4,ACURA
,2015,4 DOOR SEDAN,PASSENGER OR SUBURBAN,Going Straight Ahead,Not Entered,West,Gas,2013,NY,1,4,ATLC
,2015,PICKUP TRUCK,COMMERCIAL,Making Right Turn,Not Entered,Northeast,Gas,2007,NY,1,8,ATLC
,2015,4 DOOR SEDAN,PASSENGER OR SUBURBAN,Making Left Turn,Not Entered,East,Gas,2013,NY,1,6,ATLC
,2015,2 DOOR SEDAN,PASSENGER OR SUBURBAN,Going Straight Ahead,Not Entered,Northwest,Gas,2003,NY,1,6,AUDI
,2015,2 DOOR SEDAN,PASSENGER OR SUBURBAN,Going Straight Ahead,Not Entered,South,Gas,2003,NY,1,4,AUDI
,2015,PICKUP TRUCK,PASSENGER OR SUBURBAN,Going Straight Ahead,Not Entered,South,Gas,2000,NY,3,8,BMW
,2015,4 DOOR SEDAN,PASSENGER OR SUBURBAN,Going Straight Ahead,Not Entered,East,Gas,2007,NY,2,4,BMW
,2015,SUBURBAN,PASSENGER OR SUBURBAN,Avoiding Object in Roadway,Not Entered,East,Gas,2003,NY,1,8,BUICK
,2015,PICKUP TRUCK,PASSENGER OR SUBURBAN,Going Straight Ahead,Not Entered,North,Gas,1999,NY,1,8,BUICK
,2015,PICKUP TRUCK,PASSENGER OR SUBURBAN,Making Right Turn,Not Entered,Southeast,Gas,2000,NY,2,8,BUICK
,2015,SUBURBAN,OMNIBUS - LIVERY,Stopped in Traffic,Not Entered,West,Gas,2007,NY,3,4,CADIL
,2015,4 DOOR SEDAN,PASSENGER OR SUBURBAN,Going Straight Ahead,Not Entered,West,Gas,2013,NY,1,4,CHEVR
,2015,PICKUP TRUCK,PASSENGER OR SUBURBAN,Going Straight Ahead,Not Entered,East,Gas,2007,NY,1,8,CHEVR
,2015,4 DOOR SEDAN,PASSENGER OR SUBURBAN,Going Straight Ahead,Not Entered,North,Gas,2000,NY,1,4,CHEVR
,2015,SUBURBAN,PASSENGER OR SUBURBAN,Going Straight Ahead,Not Entered,Southwest,Gas,2013,NY,1,6,CHEVR
,2015,VAN TRUCK,COMMERCIAL,Slowing or Stopping,Not Entered,West,Gas,2009,NY,1,6,CHEVR
,2015,SUBURBAN,PASSENGER OR SUBURBAN,Starting in Traffic,Not Entered,South,Gas,2000,NY,2,4,DODGE
,2015,PICKUP TRUCK,PASSENGER OR SUBURBAN,Going Straight Ahead,Not Entered,South,Gas,2000,NY,1,6,DODGE
,2015,SUBURBAN,PASSENGER OR SUBURBAN,Stopped in Traffic,Not Entered,South,Gas,2011,NY,3,8,DODGE
,2015,4 DOOR SEDAN,SPECIAL PASSENGER,Going Straight Ahead,Not Entered,North,Gas,2013,NY,1,4,DODGE
,2015,SUBURBAN,PASSENGER OR SUBURBAN,Parked,Not Entered,South,Gas,2007,NY,0,6,DODGE
,2015,4 DOOR SEDAN,PASSENGER OR SUBURBAN,Going Straight Ahead,Not Entered,East,Gas,2014,NY,1,4,DODGE
,2015,4 DOOR SEDAN,PASSENGER OR SUBURBAN,Going Straight Ahead,Not Entered,North,Gas,2003,NY,1,4,DODGE
,2014,4 DOOR SEDAN,PASSENGER OR SUBURBAN,Merging,Not Entered,East,Gas,1999,NY,1,6,FORD
,2014,4 DOOR SEDAN,PASSENGER OR SUBURBAN,Going Straight Ahead,Not Entered,South,Gas,2004,NY,1,4,FORD
,2015,SUBURBAN,PASSENGER OR SUBURBAN,Making Right Turn,Not Entered,Southwest,Gas,2005,NY,1,4,GMC
,2015,SUBURBAN,PASSENGER OR SUBURBAN,Going Straight Ahead,Not Entered,East,Gas,2011,NY,3,6,GMC
,2015,SUBURBAN,PASSENGER OR SUBURBAN,Slowing or Stopping,Not Entered,Northwest,Gas,2008,NY,2,6,HONDA
,2015,4 DOOR SEDAN,PASSENGER OR SUBURBAN,Going Straight Ahead,Not Entered,North,Gas,1993,NY,1,4,HONDA
,2015,SUBURBAN,PASSENGER OR SUBURBAN,Stopped in Traffic,Not Entered,Northeast,Gas,2005,NY,1,4,HONDA
,2015,SUBURBAN,PASSENGER OR SUBURBAN,Stopped in Traffic,Not Entered,East,Gas,2006,NY,5,6,HONDA
,2014,2 DOOR SEDAN,PASSENGER OR SUBURBAN,Going Straight Ahead,Not Entered,North,Gas,2007,NY,2,4,HONDA
,2015,4 DOOR SEDAN,PASSENGER OR SUBURBAN,Going Straight Ahead,Not Entered,Northeast,Gas,2008,NY,1,4,HONDA
,2015,4 DOOR SEDAN,PASSENGER OR SUBURBAN,Entering Parked Position,Not Entered,North,Gas,2015,NY,1,4,HONDA
,2015,4 DOOR SEDAN,PASSENGER OR SUBURBAN,Going Straight Ahead,Not Entered,North,Gas,1996,NY,3,4,HONDA
,2015,SUBURBAN,PASSENGER OR SUBURBAN,Going Straight Ahead,Not Entered,East,Gas,2010,NY,1,4,HONDA
,2015,SUBURBAN,PASSENGER OR SUBURBAN,Making Left Turn,Not Entered,Northeast,Gas,1994,NY,2,6,HONDA
,2015,TAXI,OMNIBUS - TAXI,Other,Not Entered,Unknown,Gas,2014,NY,,4,HONDA
,2015,2 DOOR SEDAN,PASSENGER OR SUBURBAN,Going Straight Ahead,Not Entered,West,Gas,2012,NY,2,4,HONDA
,2015,SUBURBAN,PASSENGER OR SUBURBAN,Going Straight Ahead,Not Entered,South,Gas,2013,NY,1,4,HONDA
,2015,4 DOOR SEDAN,PASSENGER OR SUBURBAN,Going Straight Ahead,Not Entered,West,Gas,2005,NY,2,4,HONDA
,2015,4 DOOR SEDAN,PASSENGER OR SUBURBAN,Going Straight Ahead,Not Entered,East,Gas,2008,NY,2,4,HONDA
,2015,4 DOOR SEDAN,PASSENGER OR SUBURBAN,Going Straight Ahead,Not Entered,East,Gas,2012,NY,2,4,HONDA
,2015,SUBURBAN,PASSENGER OR SUBURBAN,Going Straight Ahead,Not Entered,East,Gas,1999,NY,1,6,HYUND
,2015,SUBURBAN,OMNIBUS - TAXI,Going Straight Ahead,Not Entered,North,Gas,2012,NY,1,4,HYUND
,2015,SUBURBAN,PASSENGER OR SUBURBAN,Going Straight Ahead,Not Entered,North,Gas,2004,NY,4,6,HYUND
,2015,TAXI,OMNIBUS - TAXI,Going Straight Ahead,Not Entered,North,Gas,2014,NY,2,4,HYUND
,2015,4 DOOR SEDAN,PASSENGER OR SUBURBAN,Going Straight Ahead,Not Entered,East,Gas,2011,NY,1,4,HYUND
,2014,4 DOOR SEDAN,PASSENGER OR SUBURBAN,Going Straight Ahead,Not Entered,East,Gas,2002,NY,1,4,HYUND
,2014,4 DOOR SEDAN,PASSENGER OR SUBURBAN,Making Left Turn,Not Entered,Northwest,Gas,1994,NY,1,6,HYUND
,2014,2 DOOR SEDAN,PASSENGER OR SUBURBAN,Going Straight Ahead,Not Entered,South,Gas,2012,NY,1,4,JEEP
,2014,4 DOOR SEDAN,PASSENGER OR SUBURBAN,Going Straight Ahead,Not Entered,South,Gas,1997,NY,2,4,JEEP
,2015,4 DOOR SEDAN,PASSENGER OR SUBURBAN,Changing Lanes,Not Entered,South,Gas,2005,NY,1,4,KIA
,2015,4 DOOR SEDAN,PASSENGER OR SUBURBAN,Making Left Turn,Not Entered,West,Gas,2002,NY,1,4,KIA
,2015,4 DOOR SEDAN,PASSENGER OR SUBURBAN,Going Straight Ahead,Not Entered,Northwest,Gas,2012,NY,1,4,LEXUS
,2015,SUBURBAN,PASSENGER OR SUBURBAN,Going Straight Ahead,Not Entered,South,Gas,2011,NY,1,8,LEXUS
,2015,4 DOOR SEDAN,PASSENGER OR SUBURBAN,Slowing or Stopping,Not Entered,Northeast,Gas,2009,NY,1,4,LEXUS
,2015,SUBURBAN,PASSENGER OR SUBURBAN,Going Straight Ahead,Not Entered,West,Gas,2013,NY,1,6,LINCO
,2015,SUBURBAN,PASSENGER OR SUBURBAN,Stopped in Traffic,Not Entered,North,Gas,2010,NY,1,6,MAZDA
,2015,4 DOOR SEDAN,PASSENGER OR SUBURBAN,Slowing or Stopping,Not Entered,West,Gas,2005,NY,2,4,MAZDA
,2015,4 DOOR SEDAN,PASSENGER OR SUBURBAN,Going Straight Ahead,Not Entered,South,Gas,1998,NY,1,6,ME/BE
,2015,4 DOOR SEDAN,PASSENGER OR SUBURBAN,Going Straight Ahead,Not Entered,North,Gas,2004,NY,3,8,NISS
,2015,4 DOOR SEDAN,PASSENGER OR SUBURBAN,Going Straight Ahead,Not Entered,South,Gas,2000,NY,1,4,NISSA
,2015,SUBURBAN,PASSENGER OR SUBURBAN,Going Straight Ahead,Not Entered,North,Gas,2010,NY,0,6,NISSA
,2015,4 DOOR SEDAN,OMNIBUS - TAXI,Going Straight Ahead,Not Entered,South,Gas,2011,NY,1,4,PONTI
,2015,4 DOOR SEDAN,PASSENGER OR SUBURBAN,Slowing or Stopping,Not Entered,East,Gas,1999,NY,1,4,PORSC
,2015,SUBURBAN,PASSENGER OR SUBURBAN,Going Straight Ahead,Not Entered,North,Gas,2007,NY,1,6,RAM
,2015,4 DOOR SEDAN,OMNIBUS - TAXI,Slowing or Stopping,Not Entered,West,Gas,2014,NY,1,4,RAM
,2015,4 DOOR SEDAN,PASSENGER OR SUBURBAN,Going Straight Ahead,Not Entered,East,Gas,2013,NY,1,6,SAAB
,2015,SUBURBAN,PASSENGER OR SUBURBAN,Going Straight Ahead,Not Entered,East,Gas,2008,NY,1,4,SUBAR
,2015,4 DOOR SEDAN,PASSENGER OR SUBURBAN,Going Straight Ahead,Not Entered,East,Gas,1998,NY,1,4,SUBAR
,2015,4 DOOR SEDAN,PASSENGER OR SUBURBAN,Going Straight Ahead,Not Entered,West,Gas,2005,NY,3,6,SUBAR
,2015,2 DOOR SEDAN,PASSENGER OR SUBURBAN,Going Straight Ahead,Not Entered,West,Gas,2007,NY,2,6,SUBAR
,2015,4 DOOR SEDAN,PASSENGER OR SUBURBAN,Slowing or Stopping,Not Entered,South,Gas,2001,NY,1,4,SUZUK
,2015,4 DOOR SEDAN,PASSENGER OR SUBURBAN,Going Straight Ahead,Not Entered,North,Gas,2000,NY,1,4,SUZUK
,2014,4 DOOR SEDAN,PASSENGER OR SUBURBAN,Going Straight Ahead,Not Entered,West,Gas,2007,NY,5,6,SUZUK
,2014,2 DOOR SEDAN,PASSENGER OR SUBURBAN,Changing Lanes,Not Entered,North,Gas,2010,NY,2,4,SUZUK
,2014,SUBURBAN,PASSENGER OR SUBURBAN,Making Right Turn,Not Entered,North,Gas,2009,NY,1,4,TOYOT
,2014,SUBURBAN,PASSENGER OR SUBURBAN,Making Right Turn,Not Entered,North,Gas,2013,NY,1,4,TOYOT
,2014,4 DOOR SEDAN,PASSENGER OR SUBURBAN,Going Straight Ahead,Not Entered,South,Gas,2006,NY,3,4,TOYOT
,2014,4 DOOR SEDAN,PASSENGER OR SUBURBAN,Making Right Turn,Not Entered,South,Gas,2009,NY,1,4,TOYOT
,2014,SUBURBAN,PASSENGER OR SUBURBAN,Going Straight Ahead,Not Entered,West,Gas,2000,NY,2,6,TOYOT
,2014,4 DOOR SEDAN,PASSENGER OR SUBURBAN,Going Straight Ahead,Not Entered,East,Gas,2007,NY,,4,TOYOT
,2014,4 DOOR SEDAN,PASSENGER OR SUBURBAN,Merging,Not Entered,East,Gas,1999,NY,2,4,TOYOT
,2014,4 DOOR SEDAN,PASSENGER OR SUBURBAN,Going Straight Ahead,Not Entered,South,Gas,2004,NY,1,4,TOYOT
,2015,SUBURBAN,SPECIAL PASSENGER,Going Straight Ahead,Not Entered,East,Gas,2002,NY,2,4,TOYOT
,2015,SUBURBAN,PASSENGER OR SUBURBAN,Going Straight Ahead,Not Entered,North,Gas,2012,NY,2,4,TOYOT
,2015,SUBURBAN,PASSENGER OR SUBURBAN,Making Right Turn,Not Entered,Southwest,Gas,2005,NY,2,4,TOYOT
,2015,SUBURBAN,PASSENGER OR SUBURBAN,Going Straight Ahead,Not Entered,East,Gas,2011,NY,1,6,TOYOT
,2015,SUBURBAN,PASSENGER OR SUBURBAN,Slowing or Stopping,Not Entered,Northwest,Gas,2008,NY,1,4,TOYOT
,2015,4 DOOR SEDAN,PASSENGER OR SUBURBAN,Going Straight Ahead,Not Entered,North,Gas,1993,NY,4,6,TOYOT
,2015,SUBURBAN,PASSENGER OR SUBURBAN,Stopped in Traffic,Not Entered,Northeast,Gas,2005,NY,2,4,TOYOT
,2015,SUBURBAN,PASSENGER OR SUBURBAN,Stopped in Traffic,Not Entered,East,Gas,2006,NY,1,4,TOYOT
,2014,2 DOOR SEDAN,PASSENGER OR SUBURBAN,Going Straight Ahead,Not Entered,North,Gas,2007,NY,1,4,TOYOT
,2015,4 DOOR SEDAN,PASSENGER OR SUBURBAN,Going Straight Ahead,Not Entered,Northeast,Gas,2008,NY,1,6,TOYOT
,2015,4 DOOR SEDAN,PASSENGER OR SUBURBAN,Entering Parked Position,Not Entered,North,Gas,2015,NY,1,4,TOYOT
,2015,4 DOOR SEDAN,PASSENGER OR SUBURBAN,Going Straight Ahead,Not Entered,North,Gas,1996,NY,2,4,TOYOT
,2015,SUBURBAN,PASSENGER OR SUBURBAN,Going Straight Ahead,Not Entered,East,Gas,2010,NY,1,4,TOYOT
,2015,SUBURBAN,PASSENGER OR SUBURBAN,Making Left Turn,Not Entered,Northeast,Gas,1994,NY,1,4,TOYOT
,2015,TAXI,OMNIBUS - TAXI,Other,Not Entered,Unknown,Gas,2014,NY,1,4,TOYOT
,2015,2 DOOR SEDAN,PASSENGER OR SUBURBAN,Going Straight Ahead,Not Entered,West,Gas,2012,NY,1,8,TOYOT
,2015,SUBURBAN,PASSENGER OR SUBURBAN,Going Straight Ahead,Not Entered,South,Gas,2013,NY,1,4,TOYOT
,2015,4 DOOR SEDAN,PASSENGER OR SUBURBAN,Going Straight Ahead,Not Entered,West,Gas,2005,NY,1,6,TOYOT
,2015,4 DOOR SEDAN,PASSENGER OR SUBURBAN,Going Straight Ahead,Not Entered,East,Gas,2008,NY,1,6,VOLKS
,2015,4 DOOR SEDAN,PASSENGER OR SUBURBAN,Going Straight Ahead,Not Entered,East,Gas,2012,NY,2,4,VOLKS
,2015,SUBURBAN,PASSENGER OR SUBURBAN,Going Straight Ahead,Not Entered,East,Gas,1999,NY,1,6,VOLKS